,Activity_ID,Quality,source,CID,SMILES,SMILES_Murcko,ligandtype,connectivity,InChIKey,InChI,InChI_AuxInfo,target_id,accession,Protein_Type,AID,doc_id,Year,all_doc_ids,all_years,type_IC50,type_EC50,type_KD,type_Ki,type_other,Activity_class,relation,pchembl_value,pchembl_value_Mean,pchembl_value_StdDev,pchembl_value_SEM,pchembl_value_N,pchembl_value_Median,pchembl_value_MAD,database
5,IMUSQOMYWQPLSQ_on_P41597_WT,High,ExCAPE-DB;ChEMBL30,49798435;CHEMBL1170828,O=C(O)c1cc(Oc2ncc(Cl)cc2NS(=O)(=O)c2cc(Cl)c(Cl)cc2)ccc1,O=S(=O)(Nc1cccnc1Oc1ccccc1)c1ccccc1,allosteric,IMUSQOMYWQPLSQ,IMUSQOMYWQPLSQ-UHFFFAOYSA-N,"InChI=1S/C18H11Cl3N2O5S/c19-11-7-16(23-29(26,27)13-4-5-14(20)15(21)8-13)17(22-9-11)28-12-3-1-2-10(6-12)18(24)25/h1-9,23H,(H,24,25)","""AuxInfo=1/1/N:28,29,27,26,25,5,13,20,10,4,11,6,19,23,21,14,8,2,12,24,22,9,15,1,3,17,18,7,16/E:(24,25)(26,27)/CRV:29.6/rA:29OCOCCCOCNCCClCCNSOOCCCClCClCCCCC/rB:d1;s2;s2;d4;s5;s6;s7;d8;s9;d10;s11;s11;s8d13;s14;s15;d16;d16;s16;d19;s20;s21;d21;s23;s23;s19d25;d6;s27;s4d28;/rC:;;;;;;;;;;;;;;;;;;;;;;;;;;;;;""",P41597_WT,P41597,WT,PubChemAID:489703;CHEMBL1174375,PMID:20627722,2010.0,PubChemAID:489703;PMID:20627722,2010,0.0,0.0,0,0;1,1;0,,=,  8.801;  8.800,8.8,0.0,0.0,2.0,8.8,0.0,papyrus
8,,,ChEMBL30,CHEMBL4572833,Nc1nc2[nH]c(C3CC3)c(Cc3ccc(Br)cc3)c(=O)n2n1,O=c1c(Cc2ccccc2)c(C2CC2)[nH]c2ncnn12,allosteric,,IRUPMGAJMKZLLI-UHFFFAOYSA-N,"InChI=1S/C15H14BrN5O/c16-10-5-1-8(2-6-10)7-11-12(9-3-4-9)18-15-19-14(17)20-21(15)13(11)22/h1-2,5-6,9H,3-4,7H2,(H3,17,18,19,20)",,P41597,P41597,,,31742400,2019.0,10.1021/acs.jmedchem.9b00742,,,,,,,,,,8.84,,,,,,ChEMBL30_2019_22
13,YSVHPACWAGFQQP_on_P41597_WT,Medium,ChEMBL30,CHEMBL2207083,O=S(=O)(Nc1cc(Cl)ccc1Cn1cncn1)c1ccc(Cl)c(Cl)c1,O=S(=O)(Nc1ccccc1Cn1cncn1)c1ccccc1,allosteric,YSVHPACWAGFQQP,YSVHPACWAGFQQP-UHFFFAOYSA-N,"InChI=1S/C15H11Cl3N4O2S/c16-11-2-1-10(7-22-9-19-8-20-22)15(5-11)21-25(23,24)12-3-4-13(17)14(18)6-12/h1-6,8-9,21H,7H2","""AuxInfo=1/0/N:10,9,19,20,6,25,12,16,14,11,7,18,21,23,5,8,22,24,15,17,4,13,1,3,2/E:(23,24)/CRV:25.6/rA:25OSONCCCClCCCCNCNCNCCCCClCClC/rB:d1;d2;s2;s4;d5;s6;s7;d7;s9;s5d10;s11;s12;s13;d14;s15;s13d16;s2;d18;s19;d20;s21;s21;s23;s18d23;/rC:;;;;;;;;;;;;;;;;;;;;;;;;;""",P41597_WT,P41597,WT,CHEMBL2213079,PMID:23079519,2012.0,PMID:23079519,2012,0.0,0.0,0,1,0,,=,  7.400,7.4,0.0,0.0,1.0,7.4,0.0,papyrus
14,OSCPGWPTNVWTPZ_on_P41597_WT,High,ChEMBL30,CHEMBL1924023,Cc1c(Oc2ccc(Cl)cc2NS(=O)(=O)c2ccc(Cl)c(C(F)(F)F)c2)ccc(C(=O)NCCN2CCCC2)c1,O=C(NCCN1CCCC1)c1ccc(Oc2ccccc2NS(=O)(=O)c2ccccc2)cc1,allosteric,OSCPGWPTNVWTPZ,OSCPGWPTNVWTPZ-UHFFFAOYSA-N,"InChI=1S/C27H26Cl2F3N3O4S/c1-17-14-18(26(36)33-10-13-35-11-2-3-12-35)4-8-24(17)39-25-9-5-19(28)15-23(25)34-40(37,38)20-6-7-22(29)21(16-20)27(30,31)32/h4-9,14-16,34H,2-3,10-13H2,1H3,(H,33,36)","""AuxInfo=1/1/N:1,37,38,28,7,17,18,27,6,33,36,39,34,40,10,26,2,29,8,16,21,19,11,3,5,30,22,9,20,23,24,25,32,12,35,31,14,15,4,13/E:(2,3)(11,12)(30,31,32)(37,38)/CRV:40.6/rA:40CCCOCCCCClCCNSOOCCCCClCCFFFCCCCCONCCNCCCCC/rB:s1;d2;s3;s4;d5;s6;d7;s8;s8;s5d10;s11;s12;d13;d13;s13;d16;s17;d18;s19;s19;s21;s22;s22;s22;s16d21;s3;d27;s28;s29;d30;s30;s32;s33;s34;s35;s36;s37;s35s38;s2d29;/rC:;;;;;;;;;;;;;;;;;;;;;;;;;;;;;;;;;;;;;;;;""",P41597_WT,P41597,WT,CHEMBL1925695;CHEMBL1925747,PMID:22047688,2011.0,PMID:22047688,2011,0.0,0.0,0;1,1;0,0,,=,  8.100;  6.300,7.2,0.9,0.9,2.0,7.2,0.9,papyrus
16,GRIFIHOPBXFUID_on_P41597_WT,Medium,ChEMBL30,CHEMBL2207097,O=S(=O)(Nc1cc(F)ccc1Cn1ccnn1)c1ccc(Cl)c(Cl)c1,O=S(=O)(Nc1ccccc1Cn1ccnn1)c1ccccc1,allosteric,GRIFIHOPBXFUID,GRIFIHOPBXFUID-UHFFFAOYSA-N,"InChI=1S/C15H11Cl2FN4O2S/c16-13-4-3-12(8-14(13)17)25(23,24)20-15-7-11(18)2-1-10(15)9-22-6-5-19-21-22/h1-8,20H,9H2","""AuxInfo=1/0/N:10,9,19,20,15,14,6,25,12,11,7,18,21,23,5,22,24,8,16,4,17,13,1,3,2/E:(23,24)/CRV:25.6/rA:25OSONCCCFCCCCNCCNNCCCCClCClC/rB:d1;d2;s2;s4;d5;s6;s7;d7;s9;s5d10;s11;s12;s13;d14;s15;s13d16;s2;d18;s19;d20;s21;s21;s23;s18d23;/rC:;;;;;;;;;;;;;;;;;;;;;;;;;""",P41597_WT,P41597,WT,CHEMBL2213079,PMID:23079519,2012.0,PMID:23079519,2012,0.0,0.0,0,1,0,,=,  7.500,7.5,0.0,0.0,1.0,7.5,0.0,papyrus
18,,,ChEMBL30,CHEMBL4470785,Nc1nc2[nH]c(C3CC3)c(Cc3ccccc3)c(=O)n2n1,O=c1c(Cc2ccccc2)c(C2CC2)[nH]c2ncnn12,allosteric,,YKJJHGIACRBDKH-UHFFFAOYSA-N,"InChI=1S/C15H15N5O/c16-14-18-15-17-12(10-6-7-10)11(13(21)20(15)19-14)8-9-4-2-1-3-5-9/h1-5,10H,6-8H2,(H3,16,17,18,19)",,P41597,P41597,,,31742400,2019.0,10.1021/acs.jmedchem.9b00742,,,,,,,,,,8.27,,,,,,ChEMBL30_2019_22
21,,,ChEMBL30,CHEMBL4525646,Cc1nc2[nH]c(C3CC3)c(Cc3cccc(Cl)c3)c(=O)n2n1,O=c1c(Cc2ccccc2)c(C2CC2)[nH]c2ncnn12,allosteric,,KBXVLCAVBCLNRV-UHFFFAOYSA-N,"InChI=1S/C16H15ClN4O/c1-9-18-16-19-14(11-5-6-11)13(15(22)21(16)20-9)8-10-3-2-4-12(17)7-10/h2-4,7,11H,5-6,8H2,1H3,(H,18,19,20)",,P41597,P41597,,,31742400,2019.0,10.1021/acs.jmedchem.9b00742,,,,,,,,,,8.46,,,,,,ChEMBL30_2019_22
22,,,ChEMBL30,CHEMBL4519409,Nc1nc2[nH]c(C3CC3)c(Cc3cccc(F)c3)c(=O)n2n1,O=c1c(Cc2ccccc2)c(C2CC2)[nH]c2ncnn12,allosteric,,RHERUCCFYLYGOS-UHFFFAOYSA-N,"InChI=1S/C15H14FN5O/c16-10-3-1-2-8(6-10)7-11-12(9-4-5-9)18-15-19-14(17)20-21(15)13(11)22/h1-3,6,9H,4-5,7H2,(H3,17,18,19,20)",,P41597,P41597,,,31742400,2019.0,10.1021/acs.jmedchem.9b00742,,,,,,,,,,8.53,,,,,,ChEMBL30_2019_22
26,YOFIQLQDWMBWFW_on_P41597_WT,Medium,ChEMBL30,CHEMBL2207095,O=S(=O)(Nc1cc(Cl)ccc1Cn1ccnn1)c1csc2c1cccc2,O=S(=O)(Nc1ccccc1Cn1ccnn1)c1csc2ccccc12,allosteric,YOFIQLQDWMBWFW,YOFIQLQDWMBWFW-UHFFFAOYSA-N,"InChI=1S/C17H13ClN4O2S2/c18-13-6-5-12(10-22-8-7-19-21-22)15(9-13)20-26(23,24)17-11-25-16-4-2-1-3-14(16)17/h1-9,11,20H,10H2","""AuxInfo=1/0/N:24,25,23,26,10,9,15,14,6,12,19,11,7,22,5,21,18,8,16,4,17,13,1,3,20,2/E:(23,24)/CRV:26.6/rA:26OSONCCCClCCCCNCCNNCCSCCCCCC/rB:d1;d2;s2;s4;d5;s6;s7;d7;s9;s5d10;s11;s12;s13;d14;s15;s13d16;s2;d18;s19;s20;s18d21;s22;d23;s24;s21d25;/rC:;;;;;;;;;;;;;;;;;;;;;;;;;;""",P41597_WT,P41597,WT,CHEMBL2213079,PMID:23079519,2012.0,PMID:23079519,2012,0.0,0.0,0,1,0,,=,  7.200,7.2,0.0,0.0,1.0,7.2,0.0,papyrus
27,RYKBAXLGJFVKHU_on_P41597_WT,Medium,ChEMBL30,CHEMBL130008,O=C(O)c1cc2c(cccc2F)n1Cc1cc(Cl)c(Cl)cc1,c1ccc(Cn2ccc3ccccc32)cc1,allosteric,RYKBAXLGJFVKHU,RYKBAXLGJFVKHU-UHFFFAOYSA-N,"InChI=1S/C16H10Cl2FNO2/c17-11-5-4-9(6-12(11)18)8-20-14-3-1-2-13(19)10(14)7-15(20)16(21)22/h1-7H,8H2,(H,21,22)","""AuxInfo=1/1/N:9,10,8,22,21,16,5,14,15,6,19,17,11,7,4,2,20,18,12,13,1,3/E:(21,22)/rA:22OCOCCCCCCCCFNCCCCClCClCC/rB:d1;s2;s2;d4;s5;d6;s7;d8;s9;s6d10;s11;s4s7;s13;s14;d15;s16;s17;d17;s19;s19;s15d21;/rC:;;;;;;;;;;;;;;;;;;;;;;""",P41597_WT,P41597,WT,CHEMBL655684,PMID:14698169,2004.0,PMID:14698169,2004,1.0,0.0,0,0,0,,=,  7.000,7.0,0.0,0.0,1.0,7.0,0.0,papyrus
28,JGGXGLYMIBMQAT_on_P41597_WT,High,ChEMBL30,CHEMBL1924019,COc1cc(Oc2ccc(C(=O)NCCN3CCCC3)cc2)c(NS(=O)(=O)c2ccc(Cl)c(C(F)(F)F)c2)cc1Cl,O=C(NCCN1CCCC1)c1ccc(Oc2ccccc2NS(=O)(=O)c2ccccc2)cc1,allosteric,JGGXGLYMIBMQAT,JGGXGLYMIBMQAT-UHFFFAOYSA-N,"InChI=1S/C27H26Cl2F3N3O5S/c1-39-24-16-25(40-18-6-4-17(5-7-18)26(36)33-10-13-35-11-2-3-12-35)23(15-22(24)29)34-41(37,38)19-8-9-21(28)20(14-19)27(30,31)32/h4-9,14-16,34H,2-3,10-13H2,1H3,(H,33,36)","""AuxInfo=1/1/N:1,18,19,9,21,8,22,29,30,14,17,20,15,38,39,4,10,7,28,33,31,40,23,3,5,11,34,32,41,35,36,37,13,24,16,12,26,27,2,6,25/E:(2,3)(4,5)(6,7)(11,12)(30,31,32)(37,38)/CRV:41.6/rA:41COCCCOCCCCCONCCNCCCCCCCNSOOCCCCClCCFFFCCCCl/rB:s1;s2;d3;s4;s5;s6;d7;s8;d9;s10;d11;s11;s13;s14;s15;s16;s17;s18;s16s19;s10;s7d21;d5;s23;s24;d25;d25;s25;d28;s29;d30;s31;s31;s33;s34;s34;s34;s28d33;s23;s3d39;s40;/rC:;;;;;;;;;;;;;;;;;;;;;;;;;;;;;;;;;;;;;;;;;""",P41597_WT,P41597,WT,CHEMBL1925695;CHEMBL1925747,PMID:22047688,2011.0,PMID:22047688,2011,0.0,0.0,0;1,1;0,0,,=,  8.400;  6.400,7.4,1.0,1.0,2.0,7.4,1.0,papyrus
29,NXOAOIZUIUYABU_on_P41597_WT,High,ChEMBL30,CHEMBL1924017,O=C(NCCN1CCCC1)c1ccc(Oc2ccc(Cl)cc2NS(=O)(=O)c2ccc(Cl)c(C(F)(F)F)c2)cc1,O=C(NCCN1CCCC1)c1ccc(Oc2ccccc2NS(=O)(=O)c2ccccc2)cc1,allosteric,NXOAOIZUIUYABU,NXOAOIZUIUYABU-UHFFFAOYSA-N,"InChI=1S/C26H24Cl2F3N3O4S/c27-18-5-10-24(23(15-18)33-39(36,37)20-8-9-22(28)21(16-20)26(29,30)31)38-19-6-3-17(4-7-19)25(35)32-11-14-34-12-1-2-13-34/h3-10,15-16,33H,1-2,11-14H2,(H,32,35)","""AuxInfo=1/1/N:8,9,12,39,18,13,38,28,29,17,4,7,10,5,21,37,11,19,14,27,32,30,22,16,2,33,20,31,34,35,36,3,23,6,1,25,26,15,24/E:(1,2)(3,4)(6,7)(12,13)(29,30,31)(36,37)/CRV:39.6/rA:39OCNCCNCCCCCCCCOCCCCClCCNSOOCCCCClCCFFFCCC/rB:d1;s2;s3;s4;s5;s6;s7;s8;s6s9;s2;d11;s12;d13;s14;s15;d16;s17;d18;s19;s19;s16d21;s22;s23;d24;d24;s24;d27;s28;d29;s30;s30;s32;s33;s33;s33;s27d32;s14;s11d38;/rC:;;;;;;;;;;;;;;;;;;;;;;;;;;;;;;;;;;;;;;;""",P41597_WT,P41597,WT,CHEMBL1925747;CHEMBL1925695,PMID:22047688,2011.0,PMID:22047688,2011,0.0,0.0,1;0,0;1,0,,=,  6.300;  8.700,7.5,1.2,1.2,2.0,7.5,1.2,papyrus
32,,,ChEMBL30,CHEMBL4588111,CCc1[nH]c2nc(N)nn2c(=O)c1Cc1cccc(Cl)c1,O=c1c(Cc2ccccc2)c[nH]c2ncnn12,allosteric,,XZXWUTWMPLYWHJ-UHFFFAOYSA-N,"InChI=1S/C14H14ClN5O/c1-2-11-10(7-8-4-3-5-9(15)6-8)12(21)20-14(17-11)18-13(16)19-20/h3-6H,2,7H2,1H3,(H3,16,17,18,19)",,P41597,P41597,,,31742400,2019.0,10.1021/acs.jmedchem.9b00742,,,,,,,,,,8.4,,,,,,ChEMBL30_2019_22
38,,,ChEMBL30,CHEMBL4474089,Cc1[nH]c2nc(N)nn2c(=O)c1Cc1cccc(Cl)c1,O=c1c(Cc2ccccc2)c[nH]c2ncnn12,allosteric,,DHANRKGLGYXNOD-UHFFFAOYSA-N,"InChI=1S/C13H12ClN5O/c1-7-10(6-8-3-2-4-9(14)5-8)11(20)19-13(16-7)17-12(15)18-19/h2-5H,6H2,1H3,(H3,15,16,17,18)",,P41597,P41597,,,31742400,2019.0,10.1021/acs.jmedchem.9b00742,,,,,,,,,,7.78,,,,,,ChEMBL30_2019_22
40,,,ChEMBL30,CHEMBL4529401,COc1cccc(Cc2c(C3CC3)[nH]c3nc(N)nn3c2=O)c1,O=c1c(Cc2ccccc2)c(C2CC2)[nH]c2ncnn12,allosteric,,GPTMWEUDRCZRPM-UHFFFAOYSA-N,"InChI=1S/C16H17N5O2/c1-23-11-4-2-3-9(7-11)8-12-13(10-5-6-10)18-16-19-15(17)20-21(16)14(12)22/h2-4,7,10H,5-6,8H2,1H3,(H3,17,18,19,20)",,P41597,P41597,,,31742400,2019.0,10.1021/acs.jmedchem.9b00742,,,,,,,,,,7.89,,,,,,ChEMBL30_2019_22
42,,,ChEMBL30,CHEMBL4519152,CC(=O)C1=C(O)C(=O)N(c2ccc(Cl)cc2F)C1C1CCCCC1,O=C1C=CC(C2CCCCC2)N1c1ccccc1,allosteric,,VQNLJXWZGVRLBA-MRXNPFEDSA-N,"InChI=1S/C18H19ClFNO3/c1-10(22)15-16(11-5-3-2-4-6-11)21(18(24)17(15)23)14-8-7-12(19)9-13(14)20/h7-9,11,16,23H,2-6H2,1H3/t16-/m1/s1",,P41597,P41597,,,33600174,2021.0,10.1021/acs.jmedchem.0c01137,,,,,,,,,,7.9,,,,,,ChEMBL30_2019_22
46,,,ChEMBL30,CHEMBL4548107,Nc1nc2[nH]c(C3CC3)c(Cc3ccc(Cl)cc3)c(=O)n2n1,O=c1c(Cc2ccccc2)c(C2CC2)[nH]c2ncnn12,allosteric,,HAZUXFVCMUSZHN-UHFFFAOYSA-N,"InChI=1S/C15H14ClN5O/c16-10-5-1-8(2-6-10)7-11-12(9-3-4-9)18-15-19-14(17)20-21(15)13(11)22/h1-2,5-6,9H,3-4,7H2,(H3,17,18,19,20)",,P41597,P41597,,,31742400,2019.0,10.1021/acs.jmedchem.9b00742,,,,,,,,,,8.74,,,,,,ChEMBL30_2019_22
48,,,ChEMBL30,CHEMBL4448714,Nc1nc2[nH]c(C3CC3)c(Cc3ccc(F)cc3)c(=O)n2n1,O=c1c(Cc2ccccc2)c(C2CC2)[nH]c2ncnn12,allosteric,,NNOMKTGTYDPKHI-UHFFFAOYSA-N,"InChI=1S/C15H14FN5O/c16-10-5-1-8(2-6-10)7-11-12(9-3-4-9)18-15-19-14(17)20-21(15)13(11)22/h1-2,5-6,9H,3-4,7H2,(H3,17,18,19,20)",,P41597,P41597,,,31742400,2019.0,10.1021/acs.jmedchem.9b00742,,,,,,,,,,8.39,,,,,,ChEMBL30_2019_22
52,ZDAODXGSQUSEHO_on_P41597_WT,High,ChEMBL30,CHEMBL2207080,O=S(=O)(Nc1cc(Cl)ccc1Cn1nnnc1C1CC1)c1ccc(Cl)c(Cl)c1,O=S(=O)(Nc1ccccc1Cn1nnnc1C1CC1)c1ccccc1,allosteric,ZDAODXGSQUSEHO,ZDAODXGSQUSEHO-UHFFFAOYSA-N,"InChI=1S/C17H14Cl3N5O2S/c18-12-4-3-11(9-25-17(10-1-2-10)21-23-24-25)16(7-12)22-28(26,27)13-5-6-14(19)15(20)8-13/h3-8,10,22H,1-2,9H2","""AuxInfo=1/0/N:19,20,10,9,22,23,6,28,12,18,11,7,21,24,26,5,17,8,25,27,16,4,15,14,13,1,3,2/E:(1,2)(26,27)/CRV:28.6/rA:28OSONCCCClCCCCNNNNCCCCCCCCClCClC/rB:d1;d2;s2;s4;d5;s6;s7;d7;s9;s5d10;s11;s12;s13;d14;s15;s13d16;s17;s18;s18s19;s2;d21;s22;d23;s24;s24;s26;s21d26;/rC:;;;;;;;;;;;;;;;;;;;;;;;;;;;;""",P41597_WT,P41597,WT,CHEMBL2213075;CHEMBL2213076,PMID:23079519,2012.0,PMID:23079519,2012,0.0,0.0,0,1,0,,=,  7.000;  7.000,7.0,0.0,0.0,2.0,7.0,0.0,papyrus
54,,,ChEMBL30,CHEMBL4463383,Nc1nc2[nH]c(C3CC3)c(Cc3cccc(C(F)(F)F)c3)c(=O)n2n1,O=c1c(Cc2ccccc2)c(C2CC2)[nH]c2ncnn12,allosteric,,VJOUWHSXSNYAFP-UHFFFAOYSA-N,"InChI=1S/C16H14F3N5O/c17-16(18,19)10-3-1-2-8(6-10)7-11-12(9-4-5-9)21-15-22-14(20)23-24(15)13(11)25/h1-3,6,9H,4-5,7H2,(H3,20,21,22,23)",,P41597,P41597,,,31742400,2019.0,10.1021/acs.jmedchem.9b00742,,,,,,,,,,8.26,,,,,,ChEMBL30_2019_22
56,,,ChEMBL30,CHEMBL4577171,Nc1nc2[nH]c(C3CC3)c(Cc3cccc(Br)c3)c(=O)n2n1,O=c1c(Cc2ccccc2)c(C2CC2)[nH]c2ncnn12,allosteric,,AEHODMQBMLUHNX-UHFFFAOYSA-N,"InChI=1S/C15H14BrN5O/c16-10-3-1-2-8(6-10)7-11-12(9-4-5-9)18-15-19-14(17)20-21(15)13(11)22/h1-3,6,9H,4-5,7H2,(H3,17,18,19,20)",,P41597,P41597,,,31742400,2019.0,10.1021/acs.jmedchem.9b00742,,,,,,,,,,9.08,,,,,,ChEMBL30_2019_22
59,,,ChEMBL30,CHEMBL4458846,COc1ccc(Cc2c(C3CC3)[nH]c3nc(N)nn3c2=O)cc1,O=c1c(Cc2ccccc2)c(C2CC2)[nH]c2ncnn12,allosteric,,ZWVDZTWGUSUJQB-UHFFFAOYSA-N,"InChI=1S/C16H17N5O2/c1-23-11-6-2-9(3-7-11)8-12-13(10-4-5-10)18-16-19-15(17)20-21(16)14(12)22/h2-3,6-7,10H,4-5,8H2,1H3,(H3,17,18,19,20)",,P41597,P41597,,,31742400,2019.0,10.1021/acs.jmedchem.9b00742,,,,,,,,,,7.68,,,,,,ChEMBL30_2019_22
60,,,ChEMBL30,CHEMBL4454297,Nc1nc2[nH]c(C3CC3)c(Cc3ccccc3Cl)c(=O)n2n1,O=c1c(Cc2ccccc2)c(C2CC2)[nH]c2ncnn12,allosteric,,KVUGTJLGURQXEE-UHFFFAOYSA-N,"InChI=1S/C15H14ClN5O/c16-11-4-2-1-3-9(11)7-10-12(8-5-6-8)18-15-19-14(17)20-21(15)13(10)22/h1-4,8H,5-7H2,(H3,17,18,19,20)",,P41597,P41597,,,31742400,2019.0,10.1021/acs.jmedchem.9b00742,,,,,,,,,,7.84,,,,,,ChEMBL30_2019_22
61,ZQLCCGNZHPPGNP_on_P41597_WT,High,ChEMBL30,CHEMBL1924013,O=C(NCCN1CCCCC1)c1ccc(Oc2ccc(Cl)cc2NS(=O)(=O)c2ccc(Cl)c(C(F)(F)F)c2)cc1,O=C(NCCN1CCCCC1)c1ccc(Oc2ccccc2NS(=O)(=O)c2ccccc2)cc1,allosteric,ZQLCCGNZHPPGNP,ZQLCCGNZHPPGNP-UHFFFAOYSA-N,"InChI=1S/C27H26Cl2F3N3O4S/c28-19-6-11-25(24(16-19)34-40(37,38)21-9-10-23(29)22(17-21)27(30,31)32)39-20-7-4-18(5-8-20)26(36)33-12-15-35-13-2-1-3-14-35/h4-11,16-17,34H,1-3,12-15H2,(H,33,36)","""AuxInfo=1/1/N:9,8,10,13,40,19,14,39,29,30,18,4,7,11,5,22,38,12,20,15,28,33,31,23,17,2,34,21,32,35,36,37,3,24,6,1,26,27,16,25/E:(2,3)(4,5)(7,8)(13,14)(30,31,32)(37,38)/CRV:40.6/rA:40OCNCCNCCCCCCCCCOCCCCClCCNSOOCCCCClCCFFFCCC/rB:d1;s2;s3;s4;s5;s6;s7;s8;s9;s6s10;s2;d12;s13;d14;s15;s16;d17;s18;d19;s20;s20;s17d22;s23;s24;d25;d25;s25;d28;s29;d30;s31;s31;s33;s34;s34;s34;s28d33;s15;s12d39;/rC:;;;;;;;;;;;;;;;;;;;;;;;;;;;;;;;;;;;;;;;;""",P41597_WT,P41597,WT,CHEMBL1925747;CHEMBL1925695,PMID:22047688,2011.0,PMID:22047688,2011,0.0,0.0,1;0,0;1,0,,=,  6.200;  8.000,7.1,0.9,0.9,2.0,7.1,0.9,papyrus
65,LUUMLYXKTPBTQR_on_P41597_WT,Medium,ChEMBL30,CHEMBL2178573,Cc1cc(NS(=O)(=O)c2cc(C(F)(F)F)c(Cl)cc2)c(C(=O)c2ncnc3c2cc[nH]3)nc1,O=C(c1ncccc1NS(=O)(=O)c1ccccc1)c1ncnc2[nH]ccc12,allosteric,LUUMLYXKTPBTQR,LUUMLYXKTPBTQR-UHFFFAOYSA-N,"InChI=1S/C20H13ClF3N5O3S/c1-10-6-15(29-33(31,32)11-2-3-14(21)13(7-11)20(22,23)24)17(26-8-10)18(30)16-12-4-5-25-19(12)28-9-27-16/h2-9,29H,1H3,(H,25,27,28)","""AuxInfo=1/1/N:1,19,18,29,30,3,10,33,25,2,9,28,11,16,4,23,20,21,27,12,17,13,14,15,31,32,24,26,5,22,7,8,6/E:(22,23,24)(31,32)/CRV:33.6/rA:33CCCCNSOOCCCCFFFCClCCCCOCNCNCCCCNNC/rB:s1;d2;s3;s4;s5;d6;d6;s6;d9;s10;s11;s12;s12;s12;d11;s16;s16;s9d18;d4;s20;d21;s21;d23;s24;d25;s26;s23d27;s28;d29;s27s30;s20;s2d32;/rC:;;;;;;;;;;;;;;;;;;;;;;;;;;;;;;;;;""",P41597_WT,P41597,WT,CHEMBL2184881,PMID:22931505,2012.0,PMID:22931505,2012,1.0,0.0,0,0,0,,=,  8.300,8.3,0.0,0.0,1.0,8.3,0.0,papyrus
67,CDGRGHROXAGDDT_on_P41597_WT,Medium,ChEMBL30,CHEMBL2207101,O=S(=O)(Nc1cc(Cl)c(Cl)cc1Cn1ccnn1)c1cccc(C(F)(F)F)c1,O=S(=O)(Nc1ccccc1Cn1ccnn1)c1ccccc1,allosteric,CDGRGHROXAGDDT,CDGRGHROXAGDDT-UHFFFAOYSA-N,"InChI=1S/C16H11Cl2F3N4O2S/c17-13-6-10(9-25-5-4-22-24-25)15(8-14(13)18)23-28(26,27)12-3-1-2-11(7-12)16(19,20)21/h1-8,23H,9H2","""AuxInfo=1/0/N:21,22,20,16,15,11,28,6,13,12,23,19,9,7,5,24,10,8,25,26,27,17,4,18,14,1,3,2/E:(19,20,21)(26,27)/CRV:28.6/rA:28OSONCCCClCClCCCNCCNNCCCCCCFFFC/rB:d1;d2;s2;s4;d5;s6;s7;d7;s9;s9;s5d11;s12;s13;s14;d15;s16;s14d17;s2;d19;s20;d21;s22;s23;s24;s24;s24;s19d23;/rC:;;;;;;;;;;;;;;;;;;;;;;;;;;;;""",P41597_WT,P41597,WT,CHEMBL2213079,PMID:23079519,2012.0,PMID:23079519,2012,0.0,0.0,0,1,0,,=,  7.900,7.9,0.0,0.0,1.0,7.9,0.0,papyrus
68,DVBHCMNIFLHUIM_on_P41597_WT,Medium,ChEMBL30,CHEMBL2207088,O=S(=O)(Nc1cc(Cl)ccc1Cn1ccnn1)c1cccc(Cl)c1,O=S(=O)(Nc1ccccc1Cn1ccnn1)c1ccccc1,allosteric,DVBHCMNIFLHUIM,DVBHCMNIFLHUIM-UHFFFAOYSA-N,"InChI=1S/C15H12Cl2N4O2S/c16-12-2-1-3-14(8-12)24(22,23)19-15-9-13(17)5-4-11(15)10-21-7-6-18-20-21/h1-9,19H,10H2","""AuxInfo=1/0/N:20,21,19,10,9,15,14,24,6,12,11,22,7,18,5,23,8,16,4,17,13,1,3,2/E:(22,23)/CRV:24.6/rA:24OSONCCCClCCCCNCCNNCCCCCClC/rB:d1;d2;s2;s4;d5;s6;s7;d7;s9;s5d10;s11;s12;s13;d14;s15;s13d16;s2;d18;s19;d20;s21;s22;s18d22;/rC:;;;;;;;;;;;;;;;;;;;;;;;;""",P41597_WT,P41597,WT,CHEMBL2213079,PMID:23079519,2012.0,PMID:23079519,2012,0.0,0.0,0,1,0,,=,  7.000,7.0,0.0,0.0,1.0,7.0,0.0,papyrus
69,LOJNFRIYBAPNOH_on_P41597_WT,Medium,ChEMBL30,CHEMBL134072,O=C(O)c1cc2c(cc(F)cc2)n1Cc1cc(Cl)c(Cl)cc1,c1ccc(Cn2ccc3ccccc32)cc1,allosteric,LOJNFRIYBAPNOH,LOJNFRIYBAPNOH-UHFFFAOYSA-N,"InChI=1S/C16H10Cl2FNO2/c17-12-4-1-9(5-13(12)18)8-20-14-7-11(19)3-2-10(14)6-15(20)16(21)22/h1-7H,8H2,(H,21,22)","""AuxInfo=1/1/N:22,12,11,21,16,5,8,14,15,6,9,19,17,7,4,2,20,18,10,13,1,3/E:(21,22)/rA:22OCOCCCCCCFCCNCCCCClCClCC/rB:d1;s2;s2;d4;s5;d6;s7;d8;s9;s9;s6d11;s4s7;s13;s14;d15;s16;s17;d17;s19;s19;s15d21;/rC:;;;;;;;;;;;;;;;;;;;;;;""",P41597_WT,P41597,WT,CHEMBL655684,PMID:14698169,2004.0,PMID:14698169,2004,1.0,0.0,0,0,0,,=,  7.050,7.05,0.0,0.0,1.0,7.05,0.0,papyrus
70,MLYSUAYMCWSVRI_on_P41597_WT,High,ExCAPE-DB;ChEMBL30,49798436;CHEMBL1170829,O=C(O)c1ccc(Oc2ncc(Cl)cc2NS(=O)(=O)c2cc(Cl)c(Cl)cc2)cc1,O=S(=O)(Nc1cccnc1Oc1ccccc1)c1ccccc1,allosteric,MLYSUAYMCWSVRI,MLYSUAYMCWSVRI-UHFFFAOYSA-N,"InChI=1S/C18H11Cl3N2O5S/c19-11-7-16(23-29(26,27)13-5-6-14(20)15(21)8-13)17(22-9-11)28-12-3-1-10(2-4-12)18(24)25/h1-9,23H,(H,24,25)","""AuxInfo=1/1/N:5,29,6,28,27,26,14,21,11,4,12,7,20,24,22,15,9,2,13,25,23,10,16,1,3,18,19,8,17/E:(1,2)(3,4)(24,25)(26,27)/CRV:29.6/rA:29OCOCCCCOCNCCClCCNSOOCCCClCClCCCC/rB:d1;s2;s2;d4;s5;d6;s7;s8;d9;s10;d11;s12;s12;s9d14;s15;s16;d17;d17;s17;d20;s21;s22;d22;s24;s24;s20d26;s7;s4d28;/rC:;;;;;;;;;;;;;;;;;;;;;;;;;;;;;""",P41597_WT,P41597,WT,PubChemAID:489703;CHEMBL1174375,PMID:20627722,2010.0,PubChemAID:489703;PMID:20627722,2010,0.0,0.0,0,0;1,1;0,,=,  8.500;  8.500,8.5,0.0,0.0,2.0,8.5,0.0,papyrus
71,OIGUMNDUYFBXEM_on_P41597_WT,High,ExCAPE-DB;ChEMBL30,49798349;CHEMBL1171786,O=C(O)c1ccccc1Oc1ccc(Cl)cc1NS(=O)(=O)c1ccc(Cl)c(Cl)c1,O=S(=O)(Nc1ccccc1Oc1ccccc1)c1ccccc1,allosteric,OIGUMNDUYFBXEM,OIGUMNDUYFBXEM-UHFFFAOYSA-N,"InChI=1S/C19H12Cl3NO5S/c20-11-5-8-18(28-17-4-2-1-3-13(17)19(24)25)16(9-11)23-29(26,27)12-6-7-14(21)15(22)10-12/h1-10,23H,(H,24,25)","""AuxInfo=1/1/N:6,7,5,8,13,23,24,12,16,29,14,22,4,25,27,17,9,11,2,15,26,28,18,1,3,20,21,10,19/E:(24,25)(26,27)/CRV:29.6/rA:29OCOCCCCCCOCCCCClCCNSOOCCCCClCClC/rB:d1;s2;s2;d4;s5;d6;s7;s4d8;s9;s10;d11;s12;d13;s14;s14;s11d16;s17;s18;d19;d19;s19;d22;s23;d24;s25;s25;s27;s22d27;/rC:;;;;;;;;;;;;;;;;;;;;;;;;;;;;;""",P41597_WT,P41597,WT,PubChemAID:489703;CHEMBL1174375,PMID:20627722,2010.0,PubChemAID:489703;PMID:20627722,2010,0.0,0.0,0,0;1,1;0,,=,  8.500;  8.500,8.5,0.0,0.0,2.0,8.5,0.0,papyrus
74,DLTXTHJGLDWETN_on_P41597_WT,Medium,ChEMBL30,CHEMBL2207085,Cn1nnnc1Cc1ccc(Cl)cc1NS(=O)(=O)c1ccc(Cl)c(Cl)c1,O=S(=O)(Nc1ccccc1Cc1nnn[nH]1)c1ccccc1,allosteric,DLTXTHJGLDWETN,DLTXTHJGLDWETN-UHFFFAOYSA-N,"InChI=1S/C15H12Cl3N5O2S/c1-23-15(19-21-22-23)6-9-2-3-10(16)7-14(9)20-26(24,25)11-4-5-12(17)13(18)8-11/h2-5,7-8,20H,6H2,1H3","""AuxInfo=1/0/N:1,9,10,20,21,7,13,26,8,11,19,22,24,14,6,12,23,25,5,15,4,3,2,17,18,16/E:(24,25)/CRV:26.6/rA:26CNNNNCCCCCCClCCNSOOCCCCClCClC/rB:s1;s2;d3;s4;s2d5;s6;s7;d8;s9;d10;s11;s11;s8d13;s14;s15;d16;d16;s16;d19;s20;d21;s22;s22;s24;s19d24;/rC:;;;;;;;;;;;;;;;;;;;;;;;;;;""",P41597_WT,P41597,WT,CHEMBL2213079,PMID:23079519,2012.0,PMID:23079519,2012,0.0,0.0,0,1,0,,=,  7.800,7.8,0.0,0.0,1.0,7.8,0.0,papyrus
78,LJXSBDUQEOKBGQ_on_P41597_WT,High,ChEMBL30,CHEMBL1171035,Cc1ncccc1Oc1ncc(C#N)cc1NS(=O)(=O)c1ccc(Cl)c(Cl)c1,O=S(=O)(Nc1cccnc1Oc1cccnc1)c1ccccc1,allosteric,LJXSBDUQEOKBGQ,LJXSBDUQEOKBGQ-UHFFFAOYSA-N,"InChI=1S/C18H12Cl2N4O3S/c1-11-17(3-2-6-22-11)27-18-16(7-12(9-21)10-23-18)24-28(25,26)13-4-5-14(19)15(20)8-13/h2-8,10,24H,1H3","""AuxInfo=1/0/N:1,5,6,22,23,4,15,28,13,11,2,12,21,24,26,16,7,9,25,27,14,3,10,17,19,20,8,18/E:(25,26)/CRV:28.6/rA:28CCNCCCCOCNCCCNCCNSOOCCCCClCClC/rB:s1;d2;s3;d4;s5;s2d6;s7;s8;d9;s10;d11;s12;t13;s12;s9d15;s16;s17;d18;d18;s18;d21;s22;d23;s24;s24;s26;s21d26;/rC:;;;;;;;;;;;;;;;;;;;;;;;;;;;;""",P41597_WT,P41597,WT,CHEMBL1174375,PMID:20627722,2010.0,PMID:20627722,2010,0.0,0.0,0,1,0,,=,  7.300,7.3,0.0,0.0,1.0,7.3,0.0,papyrus
81,,,ChEMBL30,CHEMBL4531005,CC(C)c1[nH]c2nc(N)nn2c(=O)c1Cc1cccc(Cl)c1Cl,O=c1c(Cc2ccccc2)c[nH]c2ncnn12,allosteric,,KLBHHUODQVCBKX-UHFFFAOYSA-N,"InChI=1S/C15H15Cl2N5O/c1-7(2)12-9(6-8-4-3-5-10(16)11(8)17)13(23)22-15(19-12)20-14(18)21-22/h3-5,7H,6H2,1-2H3,(H3,18,19,20,21)",,P41597,P41597,,,31742400,2019.0,10.1021/acs.jmedchem.9b00742,,,,,,,,,,7.89,,,,,,ChEMBL30_2019_22
82,,,ChEMBL30,CHEMBL4571719,Nc1nc2[nH]c(C3CC3)c(Cc3cccc(I)c3)c(=O)n2n1,O=c1c(Cc2ccccc2)c(C2CC2)[nH]c2ncnn12,allosteric,,BZABVFPPOIWHIE-UHFFFAOYSA-N,"InChI=1S/C15H14IN5O/c16-10-3-1-2-8(6-10)7-11-12(9-4-5-9)18-15-19-14(17)20-21(15)13(11)22/h1-3,6,9H,4-5,7H2,(H3,17,18,19,20)",,P41597,P41597,,,31742400,2019.0,10.1021/acs.jmedchem.9b00742,,,,,,,,,,9.06,,,,,,ChEMBL30_2019_22
83,MCLJHXMLKYITBX_on_P41597_WT,High,ChEMBL30;ExCAPE-DB,CHEMBL1170722;49798438,O=S(=O)(Nc1cc(Cl)cnc1Oc1cccnc1)c1ccc(Cl)c(Cl)c1,O=S(=O)(Nc1cccnc1Oc1cccnc1)c1ccccc1,allosteric,MCLJHXMLKYITBX,MCLJHXMLKYITBX-UHFFFAOYSA-N,"InChI=1S/C16H10Cl3N3O3S/c17-10-6-15(16(21-8-10)25-11-2-1-5-20-9-11)22-26(23,24)12-3-4-13(18)14(19)7-12/h1-9,22H","""AuxInfo=1/0/N:15,14,20,21,16,6,26,9,18,7,13,19,22,24,5,11,8,23,25,17,10,4,1,3,12,2/E:(23,24)/CRV:26.6/rA:26OSONCCCClCNCOCCCCNCCCCCClCClC/rB:d1;d2;s2;s4;d5;s6;s7;d7;s9;s5d10;s11;s12;d13;s14;d15;s16;s13d17;s2;d19;s20;d21;s22;s22;s24;s19d24;/rC:;;;;;;;;;;;;;;;;;;;;;;;;;;""",P41597_WT,P41597,WT,CHEMBL1174375;PubChemAID:489703,PMID:20627722,2010.0,PMID:20627722;PubChemAID:489703,2010,0.0,0.0,0,1;0,0;1,,=,  7.700;  7.700,7.7,0.0,0.0,2.0,7.7,0.0,papyrus
87,,,ChEMBL30,CHEMBL4547381,CCCCCc1[nH]c2nc(N)nn2c(=O)c1Cc1cccc(Cl)c1,O=c1c(Cc2ccccc2)c[nH]c2ncnn12,allosteric,,WFQUTDBZBQIOGC-UHFFFAOYSA-N,"InChI=1S/C17H20ClN5O/c1-2-3-4-8-14-13(10-11-6-5-7-12(18)9-11)15(24)23-17(20-14)21-16(19)22-23/h5-7,9H,2-4,8,10H2,1H3,(H3,19,20,21,22)",,P41597,P41597,,,31742400,2019.0,10.1021/acs.jmedchem.9b00742,,,,,,,,,,8.14,,,,,,ChEMBL30_2019_22
88,,,ChEMBL30,CHEMBL4569807,CC(C)c1[nH]c2nc(N)nn2c(=O)c1Cc1cc(Br)cc(Br)c1,O=c1c(Cc2ccccc2)c[nH]c2ncnn12,allosteric,,FRAIVWVTZDIGDS-UHFFFAOYSA-N,"InChI=1S/C15H15Br2N5O/c1-7(2)12-11(5-8-3-9(16)6-10(17)4-8)13(23)22-15(19-12)20-14(18)21-22/h3-4,6-7H,5H2,1-2H3,(H3,18,19,20,21)",,P41597,P41597,,,31742400,2019.0,10.1021/acs.jmedchem.9b00742,,,,,,,,,,8.68,,,,,,ChEMBL30_2019_22
90,YISILPLXQXBHSP_on_P41597_WT,High,ChEMBL30;ExCAPE-DB,CHEMBL1171614;49798348,O=C(O)c1c(Oc2ccc(Cl)cc2NS(=O)(=O)c2cccc(Cl)c2)cccc1,O=S(=O)(Nc1ccccc1Oc1ccccc1)c1ccccc1,allosteric,YISILPLXQXBHSP,YISILPLXQXBHSP-UHFFFAOYSA-N,"InChI=1S/C19H13Cl2NO5S/c20-12-4-3-5-14(10-12)28(25,26)22-16-11-13(21)8-9-18(16)27-17-7-2-1-6-15(17)19(23)24/h1-11,22H,(H,23,24)","""AuxInfo=1/1/N:27,26,20,21,19,28,25,9,8,24,12,22,10,18,4,13,5,7,2,23,11,14,1,3,16,17,6,15/E:(23,24)(25,26)/CRV:28.6/rA:28OCOCCOCCCCClCCNSOOCCCCCClCCCCC/rB:d1;s2;s2;d4;s5;s6;d7;s8;d9;s10;s10;s7d12;s13;s14;d15;d15;s15;d18;s19;d20;s21;s22;s18d22;s5;d25;s26;s4d27;/rC:;;;;;;;;;;;;;;;;;;;;;;;;;;;;""",P41597_WT,P41597,WT,CHEMBL1174375;PubChemAID:489703,PMID:20627722,2010.0,PMID:20627722;PubChemAID:489703,2010,0.0,0.0,0,1;0,0;1,,=,  8.100;  8.100,8.1,0.0,0.0,2.0,8.1,0.0,papyrus
92,NEHQWOQOBXQTPU_on_P41597_WT,High,ChEMBL30;ExCAPE-DB,CHEMBL1171787;49798350,O=C(O)c1c(Oc2ccc(Cl)cc2NS(=O)(=O)c2ccc(Cl)s2)cccc1,O=S(=O)(Nc1ccccc1Oc1ccccc1)c1cccs1,allosteric,NEHQWOQOBXQTPU,NEHQWOQOBXQTPU-UHFFFAOYSA-N,"InChI=1S/C17H11Cl2NO5S2/c18-10-5-6-14(25-13-4-2-1-3-11(13)17(21)22)12(9-10)20-27(23,24)16-8-7-15(19)26-16/h1-9,20H,(H,21,22)","""AuxInfo=1/1/N:26,25,27,24,9,8,20,19,12,10,4,13,5,7,21,18,2,11,22,14,1,3,16,17,6,23,15/E:(21,22)(23,24)/CRV:27.6/rA:27OCOCCOCCCCClCCNSOOCCCCClSCCCC/rB:d1;s2;s2;d4;s5;s6;d7;s8;d9;s10;s10;s7d12;s13;s14;d15;d15;s15;d18;s19;d20;s21;s18s21;s5;d24;s25;s4d26;/rC:;;;;;;;;;;;;;;;;;;;;;;;;;;;""",P41597_WT,P41597,WT,CHEMBL1174375;PubChemAID:489703,PMID:20627722,2010.0,PMID:20627722;PubChemAID:489703,2010,0.0,0.0,0,1;0,0;1,,=,  8.300;  8.300,8.3,0.0,0.0,2.0,8.3,0.0,papyrus
95,MCUUHFLEFBJLQG_on_P41597_WT,High,ChEMBL30,CHEMBL1924018,Cc1cc(Oc2ccc(C(=O)NCCN3CCCC3)cc2)c(NS(=O)(=O)c2ccc(Cl)c(C(F)(F)F)c2)cc1Cl,O=C(NCCN1CCCC1)c1ccc(Oc2ccccc2NS(=O)(=O)c2ccccc2)cc1,allosteric,MCUUHFLEFBJLQG,MCUUHFLEFBJLQG-UHFFFAOYSA-N,"InChI=1S/C27H26Cl2F3N3O4S/c1-17-14-25(39-19-6-4-18(5-7-19)26(36)33-10-13-35-11-2-3-12-35)24(16-23(17)29)34-40(37,38)20-8-9-22(28)21(15-20)27(30,31)32/h4-9,14-16,34H,2-3,10-13H2,1H3,(H,33,36)","""AuxInfo=1/1/N:1,17,18,8,20,7,21,28,29,13,16,19,14,3,37,38,2,9,6,27,32,30,39,22,4,10,33,31,40,34,35,36,12,23,15,11,25,26,5,24/E:(2,3)(4,5)(6,7)(11,12)(30,31,32)(37,38)/CRV:40.6/rA:40CCCCOCCCCCONCCNCCCCCCCNSOOCCCCClCCFFFCCCCl/rB:s1;d2;s3;s4;s5;d6;s7;d8;s9;d10;s10;s12;s13;s14;s15;s16;s17;s15s18;s9;s6d20;d4;s22;s23;d24;d24;s24;d27;s28;d29;s30;s30;s32;s33;s33;s33;s27d32;s22;s2d38;s39;/rC:;;;;;;;;;;;;;;;;;;;;;;;;;;;;;;;;;;;;;;;;""",P41597_WT,P41597,WT,CHEMBL1925747;CHEMBL1925695,PMID:22047688,2011.0,PMID:22047688,2011,0.0,0.0,1;0,0;1,0,,=,  6.400;  8.100,7.25,0.85,0.85,2.0,7.25,0.85,papyrus
98,,,ChEMBL30,CHEMBL4783861,N#CSCCNC(=O)c1ccc(Oc2ccc(Cl)cc2NS(=O)(=O)c2ccc(Cl)c(C(F)(F)F)c2)cc1,O=S(=O)(Nc1ccccc1Oc1ccccc1)c1ccccc1,allosteric,,FKIPEBVDUWFIIM-UHFFFAOYSA-N,"InChI=1S/C23H16Cl2F3N3O4S2/c24-15-3-8-21(35-16-4-1-14(2-5-16)22(32)30-9-10-36-13-29)20(11-15)31-37(33,34)17-6-7-19(25)18(12-17)23(26,27)28/h1-8,11-12,31H,9-10H2,(H,30,32)",,P41597,P41597,,,33600174,2021.0,10.1021/acs.jmedchem.0c01137,,,,,,,,,,8.4,,,,,,ChEMBL30_2019_22
102,BBRSCGBAIAKATH_on_P41597_WT,High,ChEMBL30,CHEMBL376981,O=C(O)c1cc2c(ccc(O)c2)n1Cc1cc(Cl)c(Cl)cc1,c1ccc(Cn2ccc3ccccc32)cc1,allosteric,BBRSCGBAIAKATH,BBRSCGBAIAKATH-UHFFFAOYSA-N,"InChI=1S/C16H11Cl2NO3/c17-12-3-1-9(5-13(12)18)8-19-14-4-2-11(20)6-10(14)7-15(19)16(21)22/h1-7,20H,8H2,(H,21,22)","""AuxInfo=1/1/N:22,9,21,8,16,12,5,14,15,6,10,19,17,7,4,2,20,18,13,11,1,3/E:(21,22)/rA:22OCOCCCCCCCOCNCCCCClCClCC/rB:d1;s2;s2;d4;s5;d6;s7;d8;s9;s10;s6d10;s4s7;s13;s14;d15;s16;s17;d17;s19;s19;s15d21;/rC:;;;;;;;;;;;;;;;;;;;;;;""",P41597_WT,P41597,WT,CHEMBL863683,PMID:16698264,2006.0,PMID:16698264,2006,0.0,0.0,0,1,0,,=,  7.540,7.54,0.0,0.0,1.0,7.54,0.0,papyrus
103,,,ChEMBL30,CHEMBL4517518,Nc1nc2[nH]c(C3CC3)c(Cc3cccc(Cl)c3)c(=O)n2n1,O=c1c(Cc2ccccc2)c(C2CC2)[nH]c2ncnn12,allosteric,,YLVBQGLIQXQGPH-UHFFFAOYSA-N,"InChI=1S/C15H14ClN5O/c16-10-3-1-2-8(6-10)7-11-12(9-4-5-9)18-15-19-14(17)20-21(15)13(11)22/h1-3,6,9H,4-5,7H2,(H3,17,18,19,20)",,P41597,P41597,,,31742400,2019.0,10.1021/acs.jmedchem.9b00742,,,,,,,,,,8.9,,,,,,ChEMBL30_2019_22
105,OKRVKTSEZMPOFP_on_P41597_WT,Medium,ChEMBL30,CHEMBL133075,O=C(O)c1c(C(=O)O)n(Cc2cc(Cl)c(Cl)cc2)c2c1cccc2,c1ccc(Cn2ccc3ccccc32)cc1,allosteric,OKRVKTSEZMPOFP,OKRVKTSEZMPOFP-UHFFFAOYSA-N,"InChI=1S/C17H11Cl2NO4/c18-11-6-5-9(7-12(11)19)8-20-13-4-2-1-3-10(13)14(16(21)22)15(20)17(23)24/h1-7H,8H2,(H,21,22)(H,23,24)","""AuxInfo=1/1/N:22,23,21,24,18,17,12,10,11,20,15,13,19,4,5,2,6,16,14,9,1,3,7,8/E:(21,22)(23,24)/rA:24OCOCCCOONCCCCClCClCCCCCCCC/rB:d1;s2;s2;d4;s5;d6;s6;s5;s9;s10;d11;s12;s13;d13;s15;s15;s11d17;s9;s4d19;s20;d21;s22;s19d23;/rC:;;;;;;;;;;;;;;;;;;;;;;;;""",P41597_WT,P41597,WT,CHEMBL655684,PMID:14698169,2004.0,PMID:14698169,2004,1.0,0.0,0,0,0,,=,  7.020,7.02,0.0,0.0,1.0,7.02,0.0,papyrus
106,BKRGCNBSJMTXDH_on_P41597_WT,High,ChEMBL30,CHEMBL1169995,N#Cc1ccc(Oc2ncc(Cl)cc2NS(=O)(=O)c2ccc(Cl)c(Cl)c2)cn1,O=S(=O)(Nc1cccnc1Oc1cccnc1)c1ccccc1,allosteric,BKRGCNBSJMTXDH,BKRGCNBSJMTXDH-UHFFFAOYSA-N,"InChI=1S/C17H9Cl3N4O3S/c18-10-5-16(24-28(25,26)13-3-4-14(19)15(20)6-13)17(23-8-10)27-12-2-1-11(7-21)22-9-12/h1-6,8-9,24H","""AuxInfo=1/0/N:4,5,20,21,13,26,2,10,27,11,3,6,19,22,24,14,8,12,23,25,1,28,9,15,17,18,7,16/E:(25,26)/CRV:28.6/rA:28NCCCCCOCNCCClCCNSOOCCCCClCClCCN/rB:t1;s2;d3;s4;d5;s6;s7;d8;s9;d10;s11;s11;s8d13;s14;s15;d16;d16;s16;d19;s20;d21;s22;s22;s24;s19d24;s6;s3d27;/rC:;;;;;;;;;;;;;;;;;;;;;;;;;;;;""",P41597_WT,P41597,WT,CHEMBL1174375,PMID:20627722,2010.0,PMID:20627722,2010,0.0,0.0,0,1,0,,=,  7.800,7.8,0.0,0.0,1.0,7.8,0.0,papyrus
108,NJXAMPZWYFRQTL_on_P41597_WT,High,ExCAPE-DB;ChEMBL30;ChEMBL30,57393497;CHEMBL1924022;CHEMBL1924022,COc1cc(C(=O)NCCN2CCCCC2)ccc1Oc1ccc(Cl)cc1NS(=O)(=O)c1ccc(Cl)c(C(F)(F)F)c1,O=C(NCCN1CCCCC1)c1ccc(Oc2ccccc2NS(=O)(=O)c2ccccc2)cc1,allosteric,NJXAMPZWYFRQTL,NJXAMPZWYFRQTL-UHFFFAOYSA-N,"InChI=1S/C28H28Cl2F3N3O5S/c1-40-26-15-18(27(37)34-11-14-36-12-3-2-4-13-36)5-9-25(26)41-24-10-6-19(29)16-23(24)35-42(38,39)20-7-8-22(30)21(17-20)28(31,32)33/h5-10,15-17,35H,2-4,11-14H2,1H3,(H,34,37)","""AuxInfo=1/1/N:1,14,13,15,17,23,33,34,18,22,9,12,16,10,4,26,42,5,24,32,37,35,27,21,19,3,6,38,25,36,39,40,41,8,28,11,7,30,31,2,20,29/E:(3,4)(12,13)(31,32,33)(38,39)/CRV:42.6/rA:42COCCCCONCCNCCCCCCCCOCCCCClCCNSOOCCCCClCCFFFC/rB:s1;s2;d3;s4;s5;d6;s6;s8;s9;s10;s11;s12;s13;s14;s11s15;d5;s17;s3d18;s19;s20;d21;s22;d23;s24;s24;s21d26;s27;s28;d29;d29;s29;d32;s33;d34;s35;s35;s37;s38;s38;s38;s32d37;/rC:;;;;;;;;;;;;;;;;;;;;;;;;;;;;;;;;;;;;;;;;;;""",P41597_WT,P41597,WT,PubChemAID:633586;CHEMBL1925747;CHEMBL1925695,PMID:22047688,2011.0,PubChemAID:633586;PMID:22047688;PMID:22047688,2012;2011;2011,0.0,0.0,0;1;0,0;0;1,1;0;0,,=,  7.602;  6.000;  7.600,7.067,0.755,0.534,3.0,7.6,0.002,papyrus
109,DQXWKJJFDWTHFG_on_P41597_WT,High,ChEMBL30;ExCAPE-DB,CHEMBL1170801;49798399,O=C(O)c1c(Oc2ncccc2NS(=O)(=O)c2ccc(Cl)c(Cl)c2)cccc1,O=S(=O)(Nc1cccnc1Oc1ccccc1)c1ccccc1,allosteric,DQXWKJJFDWTHFG,DQXWKJJFDWTHFG-UHFFFAOYSA-N,"InChI=1S/C18H12Cl2N2O5S/c19-13-8-7-11(10-14(13)20)28(25,26)22-15-5-3-9-21-17(15)27-16-6-2-1-4-12(16)18(23)24/h1-10,22H,(H,23,24)","""AuxInfo=1/1/N:27,26,10,28,11,25,18,19,9,24,17,4,20,22,12,5,7,2,21,23,8,13,1,3,15,16,6,14/E:(23,24)(25,26)/CRV:28.6/rA:28OCOCCOCNCCCCNSOOCCCCClCClCCCCC/rB:d1;s2;s2;d4;s5;s6;d7;s8;d9;s10;s7d11;s12;s13;d14;d14;s14;d17;s18;d19;s20;s20;s22;s17d22;s5;d25;s26;s4d27;/rC:;;;;;;;;;;;;;;;;;;;;;;;;;;;;""",P41597_WT,P41597,WT,CHEMBL1174375;PubChemAID:489703,PMID:20627722,2010.0,PMID:20627722;PubChemAID:489703,2010,0.0,0.0,0,1;0,0;1,,=,  7.500;  7.500,7.5,0.0,0.0,2.0,7.5,0.0,papyrus
110,MKCDZUGYALTJNA_on_P41597_WT,Medium,ChEMBL30,CHEMBL2207093,O=S(=O)(Nc1cc(Cl)ccc1Cn1ccnn1)c1ccc(Cl)s1,O=S(=O)(Nc1ccccc1Cn1ccnn1)c1cccs1,allosteric,MKCDZUGYALTJNA,MKCDZUGYALTJNA-UHFFFAOYSA-N,"InChI=1S/C13H10Cl2N4O2S2/c14-10-2-1-9(8-19-6-5-16-18-19)11(7-10)17-23(20,21)13-4-3-12(15)22-13/h1-7,17H,8H2","""AuxInfo=1/0/N:10,9,20,19,15,14,6,12,11,7,5,21,18,8,22,16,4,17,13,1,3,23,2/E:(20,21)/CRV:23.6/rA:23OSONCCCClCCCCNCCNNCCCCClS/rB:d1;d2;s2;s4;d5;s6;s7;d7;s9;s5d10;s11;s12;s13;d14;s15;s13d16;s2;d18;s19;d20;s21;s18s21;/rC:;;;;;;;;;;;;;;;;;;;;;;;""",P41597_WT,P41597,WT,CHEMBL2213079,PMID:23079519,2012.0,PMID:23079519,2012,0.0,0.0,0,1,0,,=,  7.300,7.3,0.0,0.0,1.0,7.3,0.0,papyrus
113,UJVMKYVBFDLEFW_on_P41597_WT,High,ExCAPE-DB;ChEMBL30,49798323;CHEMBL1171760,O=C(O)c1ccccc1Oc1ccc(Cl)cc1NS(=O)(=O)c1ccc(Cl)cc1,O=S(=O)(Nc1ccccc1Oc1ccccc1)c1ccccc1,allosteric,UJVMKYVBFDLEFW,UJVMKYVBFDLEFW-UHFFFAOYSA-N,"InChI=1S/C19H13Cl2NO5S/c20-12-5-8-14(9-6-12)28(25,26)22-16-11-13(21)7-10-18(16)27-17-4-2-1-3-15(17)19(23)24/h1-11,22H,(H,23,24)","""AuxInfo=1/1/N:6,7,5,8,24,27,13,23,28,12,16,25,14,22,4,17,9,11,2,26,15,18,1,3,20,21,10,19/E:(5,6)(8,9)(23,24)(25,26)/CRV:28.6/rA:28OCOCCCCCCOCCCCClCCNSOOCCCCClCC/rB:d1;s2;s2;d4;s5;d6;s7;s4d8;s9;s10;d11;s12;d13;s14;s14;s11d16;s17;s18;d19;d19;s19;d22;s23;d24;s25;s25;s22d27;/rC:;;;;;;;;;;;;;;;;;;;;;;;;;;;;""",P41597_WT,P41597,WT,PubChemAID:489703;CHEMBL1174375,PMID:20627722,2010.0,PubChemAID:489703;PMID:20627722,2010,0.0,0.0,0,0;1,1;0,,=,  7.700;  7.700,7.7,0.0,0.0,2.0,7.7,0.0,papyrus
114,LBRSBMPJWFLCEE_on_P41597_WT,High,ChEMBL30,CHEMBL1169652,N#Cc1cc(NS(=O)(=O)c2ccc(Cl)cc2)c(Oc2ccccc2C(=O)O)cc1,O=S(=O)(Nc1ccccc1Oc1ccccc1)c1ccccc1,allosteric,LBRSBMPJWFLCEE,LBRSBMPJWFLCEE-UHFFFAOYSA-N,"InChI=1S/C20H13ClN2O5S/c21-14-6-8-15(9-7-14)29(26,27)23-17-11-13(12-22)5-10-19(17)28-18-4-2-1-3-16(18)20(24)25/h1-11,23H,(H,24,25)","""AuxInfo=1/1/N:22,21,23,20,29,12,15,11,16,28,4,2,3,13,10,24,5,19,17,25,14,1,6,26,27,8,9,18,7/E:(6,7)(8,9)(24,25)(26,27)/CRV:29.6/rA:29NCCCCNSOOCCCCClCCCOCCCCCCCOOCC/rB:t1;s2;d3;s4;s5;s6;d7;d7;s7;d10;s11;d12;s13;s13;s10d15;d5;s17;s18;d19;s20;d21;s22;s19d23;s24;d25;s25;s17;s3d28;/rC:;;;;;;;;;;;;;;;;;;;;;;;;;;;;;""",P41597_WT,P41597,WT,CHEMBL1174375,PMID:20627722,2010.0,PMID:20627722,2010,0.0,0.0,0,1,0,,=,  7.200,7.2,0.0,0.0,1.0,7.2,0.0,papyrus
115,BCZPRYJTVRIOOL_on_P41597_WT,Medium,ChEMBL30,CHEMBL2207090,O=S(=O)(Nc1cc(Cl)ccc1Cn1ccnn1)c1cccc(F)c1,O=S(=O)(Nc1ccccc1Cn1ccnn1)c1ccccc1,allosteric,BCZPRYJTVRIOOL,BCZPRYJTVRIOOL-UHFFFAOYSA-N,"InChI=1S/C15H12ClFN4O2S/c16-12-5-4-11(10-21-7-6-18-20-21)15(8-12)19-24(22,23)14-3-1-2-13(17)9-14/h1-9,19H,10H2","""AuxInfo=1/0/N:20,21,19,10,9,15,14,6,24,12,11,7,22,18,5,8,23,16,4,17,13,1,3,2/E:(22,23)/CRV:24.6/rA:24OSONCCCClCCCCNCCNNCCCCCFC/rB:d1;d2;s2;s4;d5;s6;s7;d7;s9;s5d10;s11;s12;s13;d14;s15;s13d16;s2;d18;s19;d20;s21;s22;s18d22;/rC:;;;;;;;;;;;;;;;;;;;;;;;;""",P41597_WT,P41597,WT,CHEMBL2213079,PMID:23079519,2012.0,PMID:23079519,2012,0.0,0.0,0,1,0,,=,  7.000,7.0,0.0,0.0,1.0,7.0,0.0,papyrus
116,,,ChEMBL30,CHEMBL4483373,Nc1nc2[nH]c(C3CC3)c(Cc3ccc(Cl)c(Cl)c3)c(=O)n2n1,O=c1c(Cc2ccccc2)c(C2CC2)[nH]c2ncnn12,allosteric,,BXZCHELXYNXCDS-UHFFFAOYSA-N,"InChI=1S/C15H13Cl2N5O/c16-10-4-1-7(6-11(10)17)5-9-12(8-2-3-8)19-15-20-14(18)21-22(15)13(9)23/h1,4,6,8H,2-3,5H2,(H3,18,19,20,21)",,P41597,P41597,,,31742400,2019.0,10.1021/acs.jmedchem.9b00742,,,,,,,,,,9.35,,,,,,ChEMBL30_2019_22
121,,,ChEMBL30,CHEMBL4545333,Nc1nc2[nH]c(-c3ccccc3)c(Cc3cccc(Cl)c3)c(=O)n2n1,O=c1c(Cc2ccccc2)c(-c2ccccc2)[nH]c2ncnn12,allosteric,,NNHSBDAUBQXNBD-UHFFFAOYSA-N,"InChI=1S/C18H14ClN5O/c19-13-8-4-5-11(9-13)10-14-15(12-6-2-1-3-7-12)21-18-22-17(20)23-24(18)16(14)25/h1-9H,10H2,(H3,20,21,22,23)",,P41597,P41597,,,31742400,2019.0,10.1021/acs.jmedchem.9b00742,,,,,,,,,,7.64,,,,,,ChEMBL30_2019_22
122,BXBNKMPGOBWZGN_on_P41597_WT,High,ChEMBL30,CHEMBL3751958,Cc1c(Cl)ccc(C2(C)CC(C)CC=C2C(=O)O)c1,C1=CC(c2ccccc2)CCC1,allosteric,BXBNKMPGOBWZGN,BXBNKMPGOBWZGN-UHFFFAOYSA-N,"InChI=1S/C16H19ClO2/c1-10-4-6-13(15(18)19)16(3,9-10)12-5-7-14(17)11(2)8-12/h5-8,10H,4,9H2,1-3H3,(H,18,19)","""AuxInfo=1/1/N:12,1,9,13,6,14,5,19,10,11,2,7,15,3,16,8,4,17,18/E:(18,19)/rA:19CCCClCCCCCCCCCCCCOOC/rB:s1;d2;s3;s3;d5;s6;s7;s8;s8;s10;s11;s11;s13;s8w?14;s15;d16;s16;s2d7;/rC:;;;;;;;;;;;;;;;;;;;""",P41597_WT,P41597,WT,CHEMBL3758041,PMID:26631321,2016.0,PMID:26631321,2016,1.0,0.0,0,0,0,,=,  7.160,7.16,0.0,0.0,1.0,7.16,0.0,papyrus
124,,,ChEMBL30,CHEMBL4447263,Cc1ccccc1Cc1c(C2CC2)[nH]c2nc(N)nn2c1=O,O=c1c(Cc2ccccc2)c(C2CC2)[nH]c2ncnn12,allosteric,,ZOGSCXVWJLKQJR-UHFFFAOYSA-N,"InChI=1S/C16H17N5O/c1-9-4-2-3-5-11(9)8-12-13(10-6-7-10)18-16-19-15(17)20-21(16)14(12)22/h2-5,10H,6-8H2,1H3,(H3,17,18,19,20)",,P41597,P41597,,,31742400,2019.0,10.1021/acs.jmedchem.9b00742,,,,,,,,,,7.81,,,,,,ChEMBL30_2019_22
125,FMMGEWPMVFMHDR_on_P41597_WT,High,ChEMBL30,CHEMBL1924016,COc1cc(Oc2ccc(C(=O)NCCN3CCCCC3)cc2)c(NS(=O)(=O)c2cc(C(F)(F)F)c(Cl)cc2)cc1Cl,O=C(NCCN1CCCCC1)c1ccc(Oc2ccccc2NS(=O)(=O)c2ccccc2)cc1,allosteric,FMMGEWPMVFMHDR,FMMGEWPMVFMHDR-UHFFFAOYSA-N,"InChI=1S/C28H28Cl2F3N3O5S/c1-40-25-17-26(41-19-7-5-18(6-8-19)27(37)34-11-14-36-12-3-2-4-13-36)24(16-23(25)30)35-42(38,39)20-9-10-22(29)21(15-20)28(31,32)33/h5-10,15-17,35H,2-4,11-14H2,1H3,(H,34,37)","""AuxInfo=1/1/N:1,19,18,20,9,22,8,23,39,38,14,17,21,15,30,40,4,10,7,29,31,36,41,24,3,5,11,32,37,42,33,34,35,13,25,16,12,27,28,2,6,26/E:(3,4)(5,6)(7,8)(12,13)(31,32,33)(38,39)/CRV:42.6/rA:42COCCCOCCCCCONCCNCCCCCCCCNSOOCCCCFFFCClCCCCCl/rB:s1;s2;d3;s4;s5;s6;d7;s8;d9;s10;d11;s11;s13;s14;s15;s16;s17;s18;s19;s16s20;s10;s7d22;d5;s24;s25;d26;d26;s26;d29;s30;s31;s32;s32;s32;d31;s36;s36;s29d38;s24;s3d40;s41;/rC:;;;;;;;;;;;;;;;;;;;;;;;;;;;;;;;;;;;;;;;;;;""",P41597_WT,P41597,WT,CHEMBL1925695;CHEMBL1925747,PMID:22047688,2011.0,PMID:22047688,2011,0.0,0.0,0;1,1;0,0,,=,  8.000;  6.400,7.2,0.8,0.8,2.0,7.2,0.8,papyrus
126,LEZFXNWLSJUDTJ_on_P41597_WT,High,ChEMBL30;ExCAPE-DB,CHEMBL1169653;49798292,O=C(O)c1c(Oc2ccc(F)cc2NS(=O)(=O)c2ccc(Cl)cc2)cccc1,O=S(=O)(Nc1ccccc1Oc1ccccc1)c1ccccc1,allosteric,LEZFXNWLSJUDTJ,LEZFXNWLSJUDTJ-UHFFFAOYSA-N,"InChI=1S/C19H13ClFNO5S/c20-12-5-8-14(9-6-12)28(25,26)22-16-11-13(21)7-10-18(16)27-17-4-2-1-3-15(17)19(23)24/h1-11,22H,(H,23,24)","""AuxInfo=1/1/N:27,26,28,25,20,23,9,19,24,8,12,21,10,18,4,13,5,7,2,22,11,14,1,3,16,17,6,15/E:(5,6)(8,9)(23,24)(25,26)/CRV:28.6/rA:28OCOCCOCCCCFCCNSOOCCCCClCCCCCC/rB:d1;s2;s2;d4;s5;s6;d7;s8;d9;s10;s10;s7d12;s13;s14;d15;d15;s15;d18;s19;d20;s21;s21;s18d23;s5;d25;s26;s4d27;/rC:;;;;;;;;;;;;;;;;;;;;;;;;;;;;""",P41597_WT,P41597,WT,CHEMBL1174375;PubChemAID:489703,PMID:20627722,2010.0,PMID:20627722;PubChemAID:489703,2010,0.0,0.0,0,1;0,0;1,,=,  7.400;  7.400,7.4,0.0,0.0,2.0,7.4,0.0,papyrus
129,,,ChEMBL30,CHEMBL4438407,Nc1nc2[nH]c(C3CCCC3)c(Cc3cccc(Cl)c3)c(=O)n2n1,O=c1c(Cc2ccccc2)c(C2CCCC2)[nH]c2ncnn12,allosteric,,SSYDLAOTEQIPAM-UHFFFAOYSA-N,"InChI=1S/C17H18ClN5O/c18-12-7-3-4-10(8-12)9-13-14(11-5-1-2-6-11)20-17-21-16(19)22-23(17)15(13)24/h3-4,7-8,11H,1-2,5-6,9H2,(H3,19,20,21,22)",,P41597,P41597,,,31742400,2019.0,10.1021/acs.jmedchem.9b00742,,,,,,,,,,8.81,,,,,,ChEMBL30_2019_22
133,VIQJVXBTZHDTPO_on_P41597_WT,High,ChEMBL30,CHEMBL1171011,O=C(O)c1cc(Oc2ncc(Cl)cc2NS(=O)(=O)c2ccc(Cl)c(Cl)c2)cnc1,O=S(=O)(Nc1cccnc1Oc1cccnc1)c1ccccc1,allosteric,VIQJVXBTZHDTPO,VIQJVXBTZHDTPO-UHFFFAOYSA-N,"InChI=1S/C17H10Cl3N3O5S/c18-10-4-15(23-29(26,27)12-1-2-13(19)14(20)5-12)16(22-7-10)28-11-3-9(17(24)25)6-21-8-11/h1-8,23H,(H,24,25)","""AuxInfo=1/1/N:20,21,5,13,26,29,10,27,4,11,6,19,22,24,14,8,2,12,23,25,28,9,15,1,3,17,18,7,16/E:(24,25)(26,27)/CRV:29.6/rA:29OCOCCCOCNCCClCCNSOOCCCCClCClCCNC/rB:d1;s2;s2;d4;s5;s6;s7;d8;s9;d10;s11;s11;s8d13;s14;s15;d16;d16;s16;d19;s20;d21;s22;s22;s24;s19d24;d6;s27;s4d28;/rC:;;;;;;;;;;;;;;;;;;;;;;;;;;;;;""",P41597_WT,P41597,WT,CHEMBL1174375,PMID:20627722,2010.0,PMID:20627722,2010,0.0,0.0,0,1,0,,=,  8.000,8.0,0.0,0.0,1.0,8.0,0.0,papyrus
134,AGJAKUVKWSUXBI_on_P41597_WT,Medium,ChEMBL30,CHEMBL2207082,O=S(=O)(Nc1cc(Cl)ccc1Cn1cnnc1)c1ccc(Cl)c(Cl)c1,O=S(=O)(Nc1ccccc1Cn1cnnc1)c1ccccc1,allosteric,AGJAKUVKWSUXBI,AGJAKUVKWSUXBI-UHFFFAOYSA-N,"InChI=1S/C15H11Cl3N4O2S/c16-11-2-1-10(7-22-8-19-20-9-22)15(5-11)21-25(23,24)12-3-4-13(17)14(18)6-12/h1-6,8-9,21H,7H2","""AuxInfo=1/0/N:10,9,19,20,6,25,12,14,17,11,7,18,21,23,5,8,22,24,15,16,4,13,1,3,2/E:(8,9)(19,20)(23,24)/CRV:25.6/rA:25OSONCCCClCCCCNCNNCCCCCClCClC/rB:d1;d2;s2;s4;d5;s6;s7;d7;s9;s5d10;s11;s12;s13;d14;s15;s13d16;s2;d18;s19;d20;s21;s21;s23;s18d23;/rC:;;;;;;;;;;;;;;;;;;;;;;;;;""",P41597_WT,P41597,WT,CHEMBL2213079,PMID:23079519,2012.0,PMID:23079519,2012,0.0,0.0,0,1,0,,=,  8.000,8.0,0.0,0.0,1.0,8.0,0.0,papyrus
135,JDTIJKSABSGJEM_on_P41597_WT,High,ChEMBL30,CHEMBL2207084,Cc1nnnn1Cc1ccc(Cl)cc1NS(=O)(=O)c1ccc(Cl)c(Cl)c1,O=S(=O)(Nc1ccccc1Cn1cnnn1)c1ccccc1,allosteric,JDTIJKSABSGJEM,JDTIJKSABSGJEM-UHFFFAOYSA-N,"InChI=1S/C15H12Cl3N5O2S/c1-9-19-21-22-23(9)8-10-2-3-11(16)6-15(10)20-26(24,25)12-4-5-13(17)14(18)7-12/h2-7,20H,8H2,1H3","""AuxInfo=1/0/N:1,9,10,20,21,13,26,7,2,8,11,19,22,24,14,12,23,25,3,15,4,5,6,17,18,16/E:(24,25)/CRV:26.6/rA:26CCNNNNCCCCCClCCNSOOCCCCClCClC/rB:s1;d2;s3;d4;s2s5;s6;s7;d8;s9;d10;s11;s11;s8d13;s14;s15;d16;d16;s16;d19;s20;d21;s22;s22;s24;s19d24;/rC:;;;;;;;;;;;;;;;;;;;;;;;;;;""",P41597_WT,P41597,WT,CHEMBL2213076;CHEMBL2213075,PMID:23079519,2012.0,PMID:23079519,2012,0.0,0.0,0,1,0,,=,  7.100;  7.100,7.1,0.0,0.0,2.0,7.1,0.0,papyrus
137,,,ChEMBL30,CHEMBL4791522,O=C(NCCN=C=S)c1ccc(Oc2ccc(Cl)cc2NS(=O)(=O)c2ccc(Cl)c(C(F)(F)F)c2)cc1,O=S(=O)(Nc1ccccc1Oc1ccccc1)c1ccccc1,allosteric,,IAJANXMZOLXCTL-UHFFFAOYSA-N,"InChI=1S/C23H16Cl2F3N3O4S2/c24-15-3-8-21(35-16-4-1-14(2-5-16)22(32)30-10-9-29-13-36)20(11-15)31-37(33,34)17-6-7-19(25)18(12-17)23(26,27)28/h1-8,11-12,31H,9-10H2,(H,30,32)",,P41597,P41597,,,33600174,2021.0,10.1021/acs.jmedchem.0c01137,,,,,,,,,,7.5,,,,,,ChEMBL30_2019_22
140,GMFHGEGAYGJWAD_on_P41597_WT,Medium,ChEMBL30,CHEMBL2207091,O=S(=O)(Nc1cc(Cl)ccc1Cn1ccnn1)c1cccc(C(F)(F)F)c1,O=S(=O)(Nc1ccccc1Cn1ccnn1)c1ccccc1,allosteric,GMFHGEGAYGJWAD,GMFHGEGAYGJWAD-UHFFFAOYSA-N,"InChI=1S/C16H12ClF3N4O2S/c17-13-5-4-11(10-24-7-6-21-23-24)15(9-13)22-27(25,26)14-3-1-2-12(8-14)16(18,19)20/h1-9,22H,10H2","""AuxInfo=1/0/N:20,21,19,10,9,15,14,27,6,12,11,22,7,18,5,23,8,24,25,26,16,4,17,13,1,3,2/E:(18,19,20)(25,26)/CRV:27.6/rA:27OSONCCCClCCCCNCCNNCCCCCCFFFC/rB:d1;d2;s2;s4;d5;s6;s7;d7;s9;s5d10;s11;s12;s13;d14;s15;s13d16;s2;d18;s19;d20;s21;s22;s23;s23;s23;s18d22;/rC:;;;;;;;;;;;;;;;;;;;;;;;;;;;""",P41597_WT,P41597,WT,CHEMBL2213079,PMID:23079519,2012.0,PMID:23079519,2012,0.0,0.0,0,1,0,,=,  7.300,7.3,0.0,0.0,1.0,7.3,0.0,papyrus
144,YHEVMXYWTAZKST_on_P41597_WT,High,ChEMBL30,CHEMBL1169994,O=S(=O)(Nc1cc(Cl)cnc1Oc1cc(Cl)cnc1)c1ccc(Cl)c(Cl)c1,O=S(=O)(Nc1cccnc1Oc1cccnc1)c1ccccc1,allosteric,YHEVMXYWTAZKST,YHEVMXYWTAZKST-UHFFFAOYSA-N,"InChI=1S/C16H9Cl4N3O3S/c17-9-3-11(8-21-6-9)26-16-15(4-10(18)7-22-16)23-27(24,25)12-1-2-13(19)14(20)5-12/h1-8,23H","""AuxInfo=1/0/N:21,22,14,6,27,17,9,19,15,7,13,20,23,25,5,11,16,8,24,26,18,10,4,1,3,12,2/E:(24,25)/CRV:27.6/rA:27OSONCCCClCNCOCCCClCNCCCCCClCClC/rB:d1;d2;s2;s4;d5;s6;s7;d7;s9;s5d10;s11;s12;d13;s14;s15;d15;s17;s13d18;s2;d20;s21;d22;s23;s23;s25;s20d25;/rC:;;;;;;;;;;;;;;;;;;;;;;;;;;;""",P41597_WT,P41597,WT,CHEMBL1174375,PMID:20627722,2010.0,PMID:20627722,2010,0.0,0.0,0,1,0,,=,  7.900,7.9,0.0,0.0,1.0,7.9,0.0,papyrus
145,UNODWYJNQAHVAZ_on_P41597_WT,Medium,ChEMBL30,CHEMBL2207087,O=S(=O)(Nc1cc(Cl)ccc1Cn1ccnn1)c1ccc(Cl)cc1,O=S(=O)(Nc1ccccc1Cn1ccnn1)c1ccccc1,allosteric,UNODWYJNQAHVAZ,UNODWYJNQAHVAZ-UHFFFAOYSA-N,"InChI=1S/C15H12Cl2N4O2S/c16-12-3-5-14(6-4-12)24(22,23)19-15-9-13(17)2-1-11(15)10-21-8-7-18-20-21/h1-9,19H,10H2","""AuxInfo=1/0/N:10,9,20,23,19,24,15,14,6,12,11,21,7,18,5,22,8,16,4,17,13,1,3,2/E:(3,4)(5,6)(22,23)/CRV:24.6/rA:24OSONCCCClCCCCNCCNNCCCCClCC/rB:d1;d2;s2;s4;d5;s6;s7;d7;s9;s5d10;s11;s12;s13;d14;s15;s13d16;s2;d18;s19;d20;s21;s21;s18d23;/rC:;;;;;;;;;;;;;;;;;;;;;;;;""",P41597_WT,P41597,WT,CHEMBL2213079,PMID:23079519,2012.0,PMID:23079519,2012,0.0,0.0,0,1,0,,=,  7.000,7.0,0.0,0.0,1.0,7.0,0.0,papyrus
148,,,ChEMBL30,CHEMBL4567816,Cc1cccc(Cc2c(C3CC3)[nH]c3nc(N)nn3c2=O)c1,O=c1c(Cc2ccccc2)c(C2CC2)[nH]c2ncnn12,allosteric,,YJQISPMIWAOWOU-UHFFFAOYSA-N,"InChI=1S/C16H17N5O/c1-9-3-2-4-10(7-9)8-12-13(11-5-6-11)18-16-19-15(17)20-21(16)14(12)22/h2-4,7,11H,5-6,8H2,1H3,(H3,17,18,19,20)",,P41597,P41597,,,31742400,2019.0,10.1021/acs.jmedchem.9b00742,,,,,,,,,,8.61,,,,,,ChEMBL30_2019_22
150,GQLXQNMFKWOOSD_on_P41597_WT,High,ChEMBL30,CHEMBL1171008,O=C(O)c1ccccc1Oc1ncc(Cl)cc1NS(=O)(=O)c1ccc(Cl)c(Cl)c1,O=S(=O)(Nc1cccnc1Oc1ccccc1)c1ccccc1,allosteric,GQLXQNMFKWOOSD,GQLXQNMFKWOOSD-UHFFFAOYSA-N,"InChI=1S/C18H11Cl3N2O5S/c19-10-7-15(23-29(26,27)11-5-6-13(20)14(21)8-11)17(22-9-10)28-16-4-2-1-3-12(16)18(24)25/h1-9,23H,(H,24,25)","""AuxInfo=1/1/N:6,7,5,8,23,24,16,29,13,14,22,4,25,27,17,9,11,2,15,26,28,12,18,1,3,20,21,10,19/E:(24,25)(26,27)/CRV:29.6/rA:29OCOCCCCCCOCNCCClCCNSOOCCCCClCClC/rB:d1;s2;s2;d4;s5;d6;s7;s4d8;s9;s10;d11;s12;d13;s14;s14;s11d16;s17;s18;d19;d19;s19;d22;s23;d24;s25;s25;s27;s22d27;/rC:;;;;;;;;;;;;;;;;;;;;;;;;;;;;;""",P41597_WT,P41597,WT,CHEMBL1174375,PMID:20627722,2010.0,PMID:20627722,2010,0.0,0.0,0,1,0,,=,  8.900,8.9,0.0,0.0,1.0,8.9,0.0,papyrus
152,MNLVCOBPDKQJKG_on_P41597_WT,High,ChEMBL30,CHEMBL1170827,O=C(O)c1c(F)cccc1Oc1ncc(Cl)cc1NS(=O)(=O)c1ccc(Cl)c(Cl)c1,O=S(=O)(Nc1cccnc1Oc1ccccc1)c1ccccc1,allosteric,MNLVCOBPDKQJKG,MNLVCOBPDKQJKG-UHFFFAOYSA-N,"InChI=1S/C18H10Cl3FN2O5S/c19-9-6-14(24-30(27,28)10-4-5-11(20)12(21)7-10)17(23-8-9)29-15-3-1-2-13(22)16(15)18(25)26/h1-8,24H,(H,25,26)","""AuxInfo=1/1/N:8,7,9,24,25,17,30,14,15,23,26,28,5,18,10,4,12,2,16,27,29,6,13,19,1,3,21,22,11,20/E:(25,26)(27,28)/CRV:30.6/rA:30OCOCCFCCCCOCNCCClCCNSOOCCCCClCClC/rB:d1;s2;s2;d4;s5;s5;d7;s8;s4d9;s10;s11;d12;s13;d14;s15;s15;s12d17;s18;s19;d20;d20;s20;d23;s24;d25;s26;s26;s28;s23d28;/rC:;;;;;;;;;;;;;;;;;;;;;;;;;;;;;;""",P41597_WT,P41597,WT,CHEMBL1174375,PMID:20627722,2010.0,PMID:20627722,2010,0.0,0.0,0,1,0,,=,  8.700,8.7,0.0,0.0,1.0,8.7,0.0,papyrus
153,,,ChEMBL30,CHEMBL4471792,Cc1ccc(Cc2c(C3CC3)[nH]c3nc(N)nn3c2=O)cc1,O=c1c(Cc2ccccc2)c(C2CC2)[nH]c2ncnn12,allosteric,,IHSALFQZDVOKBB-UHFFFAOYSA-N,"InChI=1S/C16H17N5O/c1-9-2-4-10(5-3-9)8-12-13(11-6-7-11)18-16-19-15(17)20-21(16)14(12)22/h2-5,11H,6-8H2,1H3,(H3,17,18,19,20)",,P41597,P41597,,,31742400,2019.0,10.1021/acs.jmedchem.9b00742,,,,,,,,,,8.46,,,,,,ChEMBL30_2019_22
157,ZAYWNIIRYMQVOL_on_P41597_WT,High,ChEMBL30,CHEMBL1924005,O=C(NCCN1CCCC1)c1ccc(Oc2ncc(Cl)cc2NS(=O)(=O)c2ccc(Cl)c(Cl)c2)cc1,O=C(NCCN1CCCC1)c1ccc(Oc2ncccc2NS(=O)(=O)c2ccccc2)cc1,allosteric,ZAYWNIIRYMQVOL,ZAYWNIIRYMQVOL-UHFFFAOYSA-N,"InChI=1S/C24H23Cl3N4O4S/c25-17-13-22(30-36(33,34)19-7-8-20(26)21(27)14-19)24(29-15-17)35-18-5-3-16(4-6-18)23(32)28-9-12-31-10-1-2-11-31/h3-8,13-15,30H,1-2,9-12H2,(H,28,32)","""AuxInfo=1/1/N:8,9,12,36,13,35,28,29,4,7,10,5,21,34,18,11,19,14,27,30,32,22,2,16,20,31,33,3,17,23,6,1,25,26,15,24/E:(1,2)(3,4)(5,6)(10,11)(33,34)/CRV:36.6/rA:36OCNCCNCCCCCCCCOCNCCClCCNSOOCCCCClCClCCC/rB:d1;s2;s3;s4;s5;s6;s7;s8;s6s9;s2;d11;s12;d13;s14;s15;d16;s17;d18;s19;s19;s16d21;s22;s23;d24;d24;s24;d27;s28;d29;s30;s30;s32;s27d32;s14;s11d35;/rC:;;;;;;;;;;;;;;;;;;;;;;;;;;;;;;;;;;;;""",P41597_WT,P41597,WT,CHEMBL1925745;CHEMBL1925695,PMID:22047688,2011.0,PMID:22047688,2011,0.0,0.0,0,1,0,,=,  7.200;  7.890,7.545,0.345,0.345,2.0,7.545,0.345,papyrus
160,,,ChEMBL30,CHEMBL4474757,CCCCc1[nH]c2nc(N)nn2c(=O)c1Cc1cccc(Cl)c1,O=c1c(Cc2ccccc2)c[nH]c2ncnn12,allosteric,,COTMDVGGTIZRGD-UHFFFAOYSA-N,"InChI=1S/C16H18ClN5O/c1-2-3-7-13-12(9-10-5-4-6-11(17)8-10)14(23)22-16(19-13)20-15(18)21-22/h4-6,8H,2-3,7,9H2,1H3,(H3,18,19,20,21)",,P41597,P41597,,,31742400,2019.0,10.1021/acs.jmedchem.9b00742,,,,,,,,,,8.64,,,,,,ChEMBL30_2019_22
164,SSUPLUNANJLTQW_on_P41597_WT,High,ExCAPE-DB;ChEMBL30;ChEMBL30,57400127;CHEMBL1924014;CHEMBL1924014,O=C(NCCN1CCCCC1)c1ccc(Oc2ncc(Cl)cc2NS(=O)(=O)c2ccc(Cl)c(C(F)(F)F)c2)cc1,O=C(NCCN1CCCCC1)c1ccc(Oc2ncccc2NS(=O)(=O)c2ccccc2)cc1,allosteric,SSUPLUNANJLTQW,SSUPLUNANJLTQW-UHFFFAOYSA-N,"InChI=1S/C26H25Cl2F3N4O4S/c27-18-14-23(34-40(37,38)20-8-9-22(28)21(15-20)26(29,30)31)25(33-16-18)39-19-6-4-17(5-7-19)24(36)32-10-13-35-11-2-1-3-12-35/h4-9,14-16,34H,1-3,10-13H2,(H,32,36)","""AuxInfo=1/1/N:9,8,10,13,40,14,39,29,30,4,7,11,5,22,38,19,12,20,15,28,33,31,23,2,17,34,21,32,35,36,37,3,18,24,6,1,26,27,16,25/E:(2,3)(4,5)(6,7)(11,12)(29,30,31)(37,38)/CRV:40.6/rA:40OCNCCNCCCCCCCCCOCNCCClCCNSOOCCCCClCCFFFCCC/rB:d1;s2;s3;s4;s5;s6;s7;s8;s9;s6s10;s2;d12;s13;d14;s15;s16;d17;s18;d19;s20;s20;s17d22;s23;s24;d25;d25;s25;d28;s29;d30;s31;s31;s33;s34;s34;s34;s28d33;s15;s12d39;/rC:;;;;;;;;;;;;;;;;;;;;;;;;;;;;;;;;;;;;;;;;""",P41597_WT,P41597,WT,PubChemAID:633586;CHEMBL1925695;CHEMBL1925747,PMID:22047688,2011.0,PubChemAID:633586;PMID:22047688;PMID:22047688,2012;2011;2011,0.0,0.0,0;0;1,0;1;0,1;0;0,,=,  8.523;  8.520;  6.400,7.814,1.0,0.707,3.0,8.52,0.003,papyrus
165,,,ChEMBL30,CHEMBL4450273,CC(C)c1[nH]c2nc(N)nn2c(=O)c1Cc1cccc(Cl)c1,O=c1c(Cc2ccccc2)c[nH]c2ncnn12,allosteric,,CHNSDJOKVUZBQF-UHFFFAOYSA-N,"InChI=1S/C15H16ClN5O/c1-8(2)12-11(7-9-4-3-5-10(16)6-9)13(22)21-15(18-12)19-14(17)20-21/h3-6,8H,7H2,1-2H3,(H3,17,18,19,20)",,P41597,P41597,,,31742400,2019.0,10.1021/acs.jmedchem.9b00742,,,,,,,,,,8.72,,,,,,ChEMBL30_2019_22
166,,,ChEMBL30,CHEMBL4793148,C=CC(=O)NCCNC(=O)c1ccc(Oc2ccc(Cl)cc2NS(=O)(=O)c2ccc(Cl)c(C(F)(F)F)c2)cc1,O=S(=O)(Nc1ccccc1Oc1ccccc1)c1ccccc1,allosteric,,DDSAQOWADBHTFT-UHFFFAOYSA-N,"InChI=1S/C25H20Cl2F3N3O5S/c1-2-23(34)31-11-12-32-24(35)15-3-6-17(7-4-15)38-22-10-5-16(26)13-21(22)33-39(36,37)18-8-9-20(27)19(14-18)25(28,29)30/h2-10,13-14,33H,1,11-12H2,(H,31,34)(H,32,35)",,P41597,P41597,,,33600174,2021.0,10.1021/acs.jmedchem.0c01137,,,,,,,,,,7.7,,,,,,ChEMBL30_2019_22
