,Smiles,MW,LogP,NumHDonors,NumHAcceptors
0,COC(=O)c1sc(C(C)(C)C)cc1NC(=O)Nc1ccc(F)cc1,350.4150000000001,4.615300000000003,2,4
1,Cc1cc(-n2cncn2)ccc1C(=O)Nc1ccc(N2CCCC2)cn1,348.4100000000002,2.823220000000001,1,6
2,CCCC1(C(=O)Nc2cccc(F)c2)CCc2c(c3ccccc3n2CC(=O)O)C1,408.4730000000001,4.778900000000004,2,3
3,CCCCOc1ccc(N2C(N)=NC(N)=NC2(C)C)cc1.Cl,325.844,2.4728000000000008,2,6
4,CC[C@H]1C=CCC[C@@]2(C[C@@H]3CC[C@@H]4[C@H](C(=O)OCc5ccccc5)[C@]5(CCC[C@@H](C)O5)NC(=[N+]34)N2)O1,494.65600000000023,3.9688000000000025,2,6
5,CS(=O)(=O)c1[nH]nc(-c2ccccc2Cl)c1C#N,281.72400000000005,2.00528,1,4
6,COc1ccc(CC(=O)N2CCN(C)c3ncccc3C2)cc1.O=C(O)C(F)(F)F,425.4070000000001,2.7446,1,5
7,CN(C)CCC[C@@]1(c2ccc(F)cc2)OCc2cc(-c3nnc(-c4ccccc4)[nH]3)ccc21,442.5380000000001,5.393400000000005,1,4
8,Cn1c(NCC2CCCCC2)nc2cc(-c3ccsc3)sc2c1=O,359.52000000000004,4.7157000000000036,1,6
9,FC(F)(F)c1ccc(CN[C@H]2CC[C@@H](c3nnn4cnc5[nH]ccc5c34)CC2)cc1,414.4350000000002,4.440400000000003,2,5
10,O=C(NC1CCN(Cc2ccc3c(c2)OCCO3)CC1)c1ccc(-c2cccc(Cl)c2)s1,469.0060000000002,5.234100000000004,1,5
11,CC(C)(C)c1cc(/C=C/C(=O)c2ccco2)cc(/C=N/c2nccs2)c1O,380.46900000000005,5.385900000000004,1,6
12,O=C(Nc1cnc(-c2ccncc2)c(-c2ccncc2)n1)C1CC1,317.3520000000001,2.9491000000000014,1,5
13,NC(=S)N/N=C(\COc1ccc(F)c(Cl)c1)c1ccc(Br)cc1,416.70300000000003,3.8579000000000017,2,3
14,CC1(C)C(=O)Nc2ccccc2N1C(=O)COC(=O)c1cccs1,344.392,2.668800000000001,1,5
15,COc1ccc(Nc2nccc(-c3c[nH]nc3-c3cccnc3)n2)cc1,344.37800000000004,3.6809000000000003,2,6
16,COc1ccc(C(CNC(=O)c2ccc(Cl)c(S(=O)(=O)N3CCCC3)c2)N2CCCC2)cc1,492.0410000000004,3.700000000000003,1,5
17,CC(=O)OC1OC(=O)C(Br)=C1Nc1ccc(-c2ccc(N)cc2)cc1,403.23200000000014,3.4002000000000008,2,6
18,Cc1ccc(C)c(CNC(=O)C2CCN(c3nc4ccccc4nc3C(F)(F)F)CC2)c1,442.4850000000001,4.798240000000004,1,4
19,COc1ccc(CNc2cc(-c3c[nH]c4ncccc34)cc(F)n2)cc1,348.3810000000001,4.384700000000002,2,4
20,N#Cc1c(O)nsc1Nc1cc(Br)ccc1OCc1ccccc1,402.27300000000014,4.805480000000003,2,6
21,CC(=O)NCc1ccc(C(=O)N2CCCC[C@@H]2Cn2cc(C)cn2)o1,344.415,2.11552,1,5
22,CCCCCCCCN1CCN(CC(O)(Cn2cncn2)c2ccc(F)cc2F)CC1,435.56300000000016,3.422200000000002,1,6
23,CCCCCCCCCCCCNc1cc(NCCN(C)C)ncn1,349.56700000000006,4.782900000000003,2,5
24,COc1cc(Nc2cccc(-c3ccccc3)n2)cc(OC)c1OC,336.39100000000013,4.518000000000004,1,5
25,Cc1nc(-c2cnn(C)c2)sc1C(=O)N[C@@H](C)COCC(C)C,336.4610000000002,2.642920000000001,1,6
26,CCOc1ccc(C2=NN(c3ccc(C(=O)O)cc3)C(c3ccc(OC)cc3)C2)cc1,416.47700000000015,5.147800000000005,1,5
27,O=C1C[C@@H](c2ccccc2)N(C(=O)CNS(=O)(=O)c2ccccc2)CCCCCN1,429.54200000000026,2.225,2,4
28,COc1ccc(/C=C/C(=O)Nc2cc(S(=O)(=O)N3CCOCC3)ccc2C)cc1OC,446.5250000000003,2.6850200000000006,1,6
29,O=C(O)c1c2c(nc3ccc(F)cc13)-c1ccc(Oc3ccccc3)cc1C2,371.3670000000001,5.4356000000000035,1,3
30,CC(=O)NC(C)CCc1ccc(C(=O)Cn2ncc(Cl)c(Cl)c2=O)cc1,396.27400000000017,2.890200000000002,1,5
31,COCCOCC#Cc1cc(-c2n[nH]c3c2Cc2cc(CN4CCN(C)CC4)ccc2-3)cs1,462.6190000000003,3.471300000000002,1,6
32,O=C(Nc1ccn(S(=O)(=O)C(F)c2ccccc2F)c1)c1ccccn1,377.37200000000007,3.120700000000001,1,5
33,CCN(CC)CCNc1nc(/C=C/c2ccc(F)c(F)c2)nc2ccc(Cl)cc12,416.9030000000001,5.4855000000000045,1,4
34,N#Cc1ccc(COC(=O)[C@H]2C[C@]3(CN2)C(=O)Nc2ccccc23)cc1Br,426.27000000000004,2.6159800000000004,2,5
35,CCC(CC)c1nnc(NC(=O)c2ccc(N3CCCC3=O)cc2)s1,358.46700000000016,3.820800000000003,1,5
36,O=C(CN1CCN(c2ccccc2F)CC1)Nc1cccnc1Cl,348.80899999999997,2.6348000000000003,1,4
37,COc1cc(NCCCC(C)=O)c2nccc(Cl)c2c1,292.766,3.677900000000003,1,4
38,CCOC(=O)C1C(=O)C=C(Nc2ccc(Cl)c(Cl)c2)CC1C,342.22200000000004,4.0774000000000035,1,4
39,O=C1C(=O)N(CCCNc2ccnc3cc(Cl)ccc23)c2cccc(Br)c21,444.7160000000001,4.682200000000002,1,4
40,Cc1ccccc1CN(Cc1ccc2c(c1)OCCO2)C(=O)c1cnc(N)o1,379.4160000000001,3.1790200000000013,1,6
41,O=S(=O)(O)c1cc(O)c(/N=C/c2ccccc2)c2ccccc12,327.36100000000005,3.5427000000000017,2,4
42,COc1ccccc1/C=C/C(=O)NNC(=O)c1cc(C)oc1C,314.3410000000001,2.3794399999999998,2,4
43,O=C(CCCN1CCN(Cc2ccc(Cl)c(Cl)c2)CC1)Nc1ccc(Cl)cc1Cl,475.2470000000002,5.836700000000005,1,3
44,O=C(O)Cn1cnc2c3cccnc3n(-c3ccccc3)c(=O)c21,320.3080000000001,1.8199999999999998,1,6
45,O=C1N(CC(O)Cn2c3ccc(F)cc3c3cc(F)ccc32)CCCN1c1ccccc1,435.4740000000002,4.765900000000004,1,3
46,CC(C)=CCN1CCn2c(O)nc3cc(Cl)cc(c32)C1CC(C)C,347.89000000000016,4.764300000000005,1,4
47,CC1(C)C(=O)N(C2CCCCC2)c2nc(Nc3cccnc3)ncc21,337.427,3.5721000000000016,1,5
48,CC(C)(C)OC(=O)NC[C@H]1CCCN(C(=O)[C@@H]2CCC(=O)N2Cc2ccc(Br)cc2)C1,494.4300000000002,3.703400000000003,1,4
49,C(=N/Nc1nc(-c2ccc3ccccc3c2)cs1)\c1ccc2c(c1)OCO2,373.4370000000002,5.138000000000003,1,6
50,COc1ccc(Cl)cc1NC(=O)C1Cc2ccccc2CN1S(C)(=O)=O,394.88000000000017,2.6736000000000004,1,4
51,Cc1nn(C)c(C)c1NS(=O)(=O)c1ccc(-c2cccc(CN3CCN(C)CC3)c2)cc1,453.61200000000025,3.2521400000000016,1,6
52,O=C(COC(=O)/C=C/c1ccccc1Cl)NCCc1ccc(Cl)cc1Cl,412.70000000000016,4.562100000000004,1,3
53,c1ccc(CNCC2CCC3(CC2)OOC2(CCCCC2)OO3)cc1,347.4550000000001,4.233100000000004,1,5
54,CN1CCN(c2ccccc2CNC(=O)Cc2ccccc2F)CC1,341.43000000000006,2.4364,1,3
55,N[C@H](CNc1nc(-c2ccncc2F)nc2ccsc12)Cc1ccccc1,379.4640000000001,3.8743000000000025,2,6
56,CN(C)Cc1c(O)ccc2oc(Cc3ccccc3)cc12,281.35499999999996,3.7908000000000026,1,3
57,CCOC(=O)[C@H](Cc1ccc(OCC2CO2)cc1)NC(=O)c1ccccc1,369.41700000000003,2.3684000000000003,1,5
58,Oc1cc(CCCc2ccccc2)ccc1CN1CCOCC1,311.4250000000001,3.399700000000002,1,3
59,CC(=O)OC/C(=C\C[C@H]1OC(=O)CC1CO)CC/C=C(\C)CCC1=C(C)CCCC1(C)C,446.6280000000003,5.823300000000007,1,5
60,Oc1cccc(-c2cc(-c3cccnc3)nc(-c3cccc(Cl)c3)c2)c1,358.8280000000001,5.836600000000005,1,3
61,CN(CCCCCc1c[nH]cn1)CCC(c1ccc(Cl)cc1)c1ccccn1,396.9660000000001,5.324900000000005,1,3
62,COC(=O)[C@]1(CC(C)C)N[C@H](c2ccc(-c3ccc(C(C)=O)cc3)cc2)[C@@H]2C(=O)N(C)C(=O)[C@@H]21,462.5460000000003,3.389400000000002,1,6
63,O=C(NCC1CCOCC1)c1cc2cccc(N3CCN(CCc4ccccn4)CC3)c2o1,448.56700000000035,3.348900000000002,1,6
64,CC[C@H](OC)[C@@H](C)[C@H]1O[C@@H]1[C@@H](O)[C@H](C)/C=C/C=C(\C)[C@H]1OC(=O)CCCCCC/C=C/[C@@H]1C,462.6710000000004,5.772700000000007,1,5
65,CCc1ccccc1NC(=O)CN(c1ccccc1OC)S(=O)(=O)c1ccc(C)cc1,438.54900000000015,4.400020000000004,1,4
66,CC(C)(C)NC(=O)Cc1ccc(Nc2nc(-c3ccccc3)nc3c2S(=O)(=O)CCC3)cc1,464.5910000000003,4.064300000000003,2,6
67,O=C(COC(=O)c1cc(O)nc2ccccc12)NC(=O)c1ccccc1,350.3300000000001,2.0538,2,6
68,COc1ccc(/C=C2/SC(NN3Cc4ccccc4N=C3c3ccccc3)=NC2=O)cc1,440.52800000000013,4.764200000000004,1,6
69,O=C(Nc1ccccc1)N1C(=O)C2(OCCO2)c2ccccc21,310.3089999999999,2.4649,1,4
70,CC[C@H]1[C@@H](O)CN1c1c(F)cc2c(=O)c(C(=O)O)cn(C3CC3)c2c1F,364.3480000000001,2.2723000000000004,2,5
71,COC1=C[C@H]2C3=C([C@H]2C1=O)[C@H](NC(C)=O)CCc1cc(OC)c(OC)c(OC)c13,399.4430000000002,2.2759,1,6
72,C=C[C@@]1(C)CC[C@@]2(C)[C@@H](CC[C@@]3(C)[C@@H]2C=C(O)C(=O)[C@@]32CO2)C1,316.4410000000001,4.195000000000003,1,3
73,O=C(CCCn1c(=O)[nH]c2ccc(Br)cc2c1=O)N1CCN(c2cccc(Cl)c2)CC1,505.8000000000003,3.234700000000002,1,5
74,Cc1nc(CN2CCCC(NCc3ccsc3)C2)no1,292.4080000000001,2.19372,1,6
75,N#C/C=C/c1ccc(Nc2ccc(F)c(Nc3ccc(C#N)cc3)n2)cc1,355.3760000000001,5.116360000000003,2,5
76,Fc1ccc(OCCCN2CCC(Nc3ccccc3)CC2)cc1,328.4310000000001,4.171100000000003,1,3
77,COc1ccc(-c2nc3ccc(I)cn3c2NC2CCCC2)cc1O,449.29200000000026,4.674600000000003,2,5
78,CNC[C@@H]1OCc2ccccc2[C@@H]1Oc1ccccc1F,287.334,3.064000000000001,1,3
79,O=C(N/N=C/c1cc(Br)cs1)c1ccc[nH]1,298.16499999999996,2.6026,2,3
80,CCc1nccc(-c2ccc(C(=O)N3CCN(C4CC4)CC3)c(F)c2)c1C#Cc1ccc(N)nc1,469.56400000000025,3.747300000000002,1,5
81,C[C@H](C(=O)N[C@H]1N=C(c2ccccc2)c2ccccc2N(C)C1=O)[C@H](OCC(N)=O)c1ccc(Cl)c(Cl)c1,553.4460000000004,4.128800000000003,2,5
82,CCOC(=O)c1sc(=S)n(CC)c1NC(=O)C1CC1,300.4050000000001,2.8241900000000006,1,6
83,CCOc1ccc(CCNC(=O)C[S+]([O-])Cc2nc(-c3ccc(C)cc3)oc2C)cc1OCC,484.6180000000003,4.363440000000004,1,6
84,Cc1ccn2ncc(C#N)c(Nc3ccc(Oc4ccccc4)cc3)c12,340.386,5.050300000000004,1,5
85,C=CCN1CCN(C(=O)c2ccc(NCc3ccc(-c4cccc(F)c4C(=O)OC)cc3F)nc2)CC1,506.5530000000003,4.3693000000000035,1,6
86,Cl.NCCc1c[nH]c2ccc(OCCOc3ccc(Oc4ccccc4)cc3)cc12,424.9280000000001,5.341000000000004,2,4
87,CC1(C)CC[C@@H](C(=O)N2CCC[C@H]2C(=O)O)[C@H]1SC(=O)c1ccccc1,375.49000000000007,3.440400000000002,1,4
88,COc1cc2c(cc1OC)[C@H](Cc1c[nH]c3ccccc13)N(C(=O)c1nccs1)CC2,433.5330000000002,4.6239000000000035,1,5
89,COC(=O)C(=N)/C=C(\O)c1cccc(Br)c1,284.10900000000004,2.54077,2,4
90,O=C(Nc1cc(Cl)ccc1O)c1cn(Cc2ccccc2C(F)(F)F)nn1,396.75600000000003,3.956500000000001,2,5
91,O=C(NCc1ccc(F)cc1)c1cc(S(=O)(=O)N2CCCCC2)c[nH]1,365.4300000000002,2.2584,2,3
92,COC(=O)c1cc(I)c(-n2cccc2)c(I)c1O,469.016,3.1787000000000014,1,4
93,CC1CN(c2ccc(C#N)c(C(F)(F)F)c2)C(C)CN1C(=O)Nc1ccc(C(F)(F)F)nc1,471.4050000000001,5.121980000000003,1,4
94,C=C1C(O)O[C@@H]2O[C@@]3(C)CC[C@H]4[C@H](C)CC[C@@H]1[C@]42OO3,282.33599999999996,2.1068,1,5
95,O=C1N/C(=C/c2cccs2)C(=O)N1Cc1ccc(Br)cc1,363.236,3.603500000000002,1,3
96,CCCn1cnc2c(NCCCCCCO)nc(Cl)nc21,311.81699999999995,2.8543000000000016,2,6
97,Cc1nc2c(-c3cccs3)c(C)nn2c(NCCO)c1C,302.403,2.7872600000000007,2,6
98,O=C(NCCn1ccnc1-c1ncccn1)NCc1cccs1,328.40100000000007,1.9009999999999998,2,6
99,Cc1c(NC2CC2)nc(C2CC2)nc1N1CC2CCC(C2)C1,298.4340000000001,3.4730200000000027,1,4
100,CCCCN1CCC(COC(=O)c2cccc3[nH]cnc23)CC1,315.4170000000001,3.2318000000000016,1,4
101,O=C(NO)c1cn(Cc2cccc(Cl)c2)c2ccc([N+](=O)[O-])cc2c1=O,373.7520000000002,2.7304000000000013,2,6
102,Cc1cccc(N2CCc3c2nc2ccc(Br)cc2c3N)c1.Cl,390.71200000000005,5.0039200000000035,1,3
103,CCCCS(=O)(=O)N1CCC(C(=O)NC(C)(C)C(=O)NCC2CCCC2)CC1,415.6000000000003,2.0295,2,4
104,NC(=O)c1ccc(F)c2c1CC(N(CCCCn1ccc3c(F)cccc31)C1CCC1)CO2,453.5330000000002,4.656800000000004,1,4
105,Cc1ccccc1C1(CNC(=O)c2ccc(S(C)(=O)=O)cc2)CC1,343.44800000000015,2.860120000000001,1,3
106,O=C(O)c1ccc(COc2ccc(CN3CCC[C@H]3C(=O)NCc3ccccc3)cc2)cc1,444.53100000000006,4.244600000000004,2,4
107,COc1ccc(-c2cc(-c3ccsc3)[nH]c(=N)c2C#N)cc1,307.37800000000004,3.7699500000000015,2,4
108,Cc1cccc(-c2cc(Nc3ccn(C)n3)nc3[nH]cc(C#N)c23)c1,328.3790000000001,3.887100000000001,2,5
109,O=C(Nc1sc2c(c1C(=O)N1CCOCC1)CCCC2)c1ccccc1Cl,404.9190000000001,4.0050000000000034,1,4
110,O=C(O)Cn1c2c(c3ccccc31)CCN(Cc1ccc(Br)cc1)C2=S,429.339,4.2222000000000035,1,3
111,C[C@H](Nc1nccc(N2C(=O)OC[C@@H]2[C@@H](C)O)n1)c1ccc(C2(C)CC2)cc1F,400.4540000000002,3.5463000000000022,2,6
112,C/C1=C\[C@@H]2[C@H](CC[C@@]3(C)O[C@@H]3[C@H]3[C@@H](O)[C@@H](C)C[C@]3(OC(=O)/C=C/c3ccccc3)C1=O)C2(C)C,464.60200000000026,4.737600000000005,1,5
113,Cc1cccc(-c2nc(C3CCNCC3)[nH]c2-c2ccc3c(c2)n(C)c(=O)n3C)c1,401.5140000000001,3.7095200000000013,2,5
114,CCc1cc(C(=O)O)c(NC(=O)c2ccc([N+](=O)[O-])o2)s1,310.28700000000003,2.7622,2,6
115,O=C(Nc1ncnc2[nH]c(/C=C/c3ccccc3)nc12)c1cccc(Br)c1,420.2700000000001,4.538100000000002,2,4
116,Cc1nn(C2CCCCC2)c2sc(C(=O)N[C@H]3CC[C@H](O)CC3)cc12,361.5110000000002,3.944720000000003,2,5
117,COC(=O)c1ccccc1NC(=O)c1oc2ccc3c(c2c1C)C(=O)CC(C)(C)O3,407.42200000000025,4.523920000000004,1,6
118,Cn1c(C(=O)NN2C(=O)CSC2C/C=C/c2ccccc2)cc(Br)c1Br,499.22800000000007,4.199900000000003,1,4
119,Cc1ccc(C2=NN(C(=O)CN3CCCCC3)C(c3cc(Cl)ccc3O)C2)cc1,411.9330000000001,4.517620000000005,1,4
120,CCOc1cccc(SCc2noc(C(=O)NC(C)C)c2C(=O)O)c1,364.42300000000006,3.202000000000001,2,6
121,CC[C@H](CO)Nc1ccnc2cc(Br)cnc12,296.168,2.5751,2,4
122,O=C(NCC1CC1)c1ccc2c3n(nc2c1)-c1ccc(Cl)cc1CO3,353.80900000000014,3.7111000000000027,1,4
123,Cc1cc(NC(=O)COc2ccc(Cl)cc2Cl)n(-c2ccccc2)n1,376.2430000000001,4.505020000000004,1,4
124,CC(=O)O[C@]1(C(=O)O)[C@@H](C)CC2C3CCC4=CC(=O)C=C(C)C4(C)[C@@]3(F)[C@@H](O)CC21C,434.5040000000002,3.379800000000002,2,5
125,CCn1cc(CNC2CCN(c3c(F)cccc3F)C2)cn1,306.36000000000007,2.5497000000000005,1,4
126,Cc1ncc(CNC(=O)N(CCCO)C2CCc3ccccc32)s1,345.46799999999996,3.0330200000000014,2,4
127,CCC(=O)N1c2ccccc2N=C2CCCC(O)=C2C1c1ccc(N(C)C)cc1,389.4990000000001,5.319000000000005,1,4
128,Cc1ccc(Cl)cc1N(C(=O)c1csnn1)C(C(=O)NC1CCCC1)c1ccco1,444.9440000000003,4.539820000000003,1,6
129,c1cc(C2CC2)ccc1CN1CCCC(Nc2ccc3[nH]ncc3c2)C1,346.47800000000007,4.516800000000003,2,3
130,c1cc(-c2cc3c(cn2)[nH]c2ncc(-c4ccc(CN5CCCCC5)cc4)cc23)ccn1,419.53200000000027,5.826000000000005,1,4
131,Cc1cc(C(N)=O)nn1-c1cccc(-c2c(F)cccc2C(F)(F)F)c1,363.314,4.104520000000003,1,3
132,C[C@@H](C(=O)OC(C)(C)C)N(C)[C@@H]1c2cc(C#N)ccc2OC(C)(C)[C@H]1O,360.4540000000001,2.7932800000000015,1,6
133,C=C1CC[C@@H]2[C@](C)(CNCCc3cccs3)[C@H](O)CC[C@@]2(C)[C@@H]1/C=C/C1=CCOC1=O,441.6370000000003,4.669300000000004,2,5
134,CCOC(=O)c1ccc(N2Cc3ccccc3C2)cc1O,283.327,3.0891000000000024,1,4
135,CCCC(=O)Nc1ccccc1OCc1cc(=O)n2cc(C)ccc2n1,351.40600000000006,3.320520000000002,1,5
136,O=C(COc1ccc2c(-c3ccccc3)cc(=O)oc2c1)NN1C(=O)CSC1c1ccc(F)cc1,490.51200000000017,4.283300000000002,1,6
137,Cc1cc(-n2c(C)cc(C(=O)CN3C(=O)NC4(CCCCC4)C3=O)c2C)no1,384.4360000000002,2.827960000000001,1,6
138,O=C1OC[C@@H](Cc2ccccc2)N1c1ccnc(NCc2ccccc2)n1,360.4170000000001,3.656600000000002,1,5
139,C=CCN1C[C@H](C)N([C@@H](c2ccc(C(=O)N(CC)CC)cc2)c2cccc(O)c2)C[C@H]1C,435.6120000000002,4.5442000000000045,1,4
140,Cc1nn(C)c(C)c1NS(=O)(=O)c1ccc(-c2cccc(CCO)c2)cc1,385.4890000000001,3.0395400000000015,2,5
141,COc1cc(C(=O)Nc2c(C(=O)c3ccc(F)cc3)[nH]c3cc(Cl)ccc23)cc(OC)c1OC,482.89500000000015,5.469500000000004,2,5
142,N#Cc1cc(F)cc(Nc2ncc3c(n2)CCCC3=O)c1,282.27799999999996,2.7499800000000008,1,5
143,O=C(c1ccc(CNc2c(N3CCOCC3)c(=O)c2=O)cc1)N1CC=C(c2ccccc2)CC1,457.5300000000002,2.660800000000001,1,6
144,CN1CCN(C(=O)c2ccc3c(-c4nc5ccccc5[nH]4)n[nH]c3c2)CC1,360.4210000000001,2.4938000000000002,2,4
145,O=S(=O)(Nc1cc(C(F)(F)F)ccc1N1CCCCC1)c1cc(Cl)cc(Cl)c1,453.3130000000002,5.803300000000004,1,3
146,Cc1cc(CCC(=O)Nc2nnn[nH]2)ccc1Br,310.15500000000003,1.8419199999999998,2,4
147,Cc1cccnc1-c1cc(N2CCC(C(=O)NC3CCS(=O)(=O)CC3)CC2)ncc1Cl,463.00300000000027,3.015220000000001,1,6
148,CCOCCCNC(=O)C1c2cc(OC)c(OC)cc2C(=O)N2CCCCC12,390.48000000000025,2.3385,1,5
149,CCCC[C@@]12CCC(=O)C(CC)=C1c1ccc3[nH]nnc3c1C2,309.41300000000007,4.217100000000003,1,3
150,CCOP(=O)(Cc1ccc(-c2nc3ccc(O)cc3s2)cc1)OCC,377.40200000000016,5.435000000000005,1,6
151,CCC(C)C(=O)c1c(O)cc(O)cc1OC/C=C(\C)CCC1OC1(C)C,362.4660000000002,4.609300000000004,2,5
152,CN(C)CCOc1ccc(C[C@H](NC(=O)c2ccccc2)C(=O)N2CCOCC2)cc1,425.5290000000002,1.8268999999999997,1,5
153,CCN(CC)CCC1(c2ccccc2)CCC(=O)NC1=O,288.391,2.0928999999999998,1,3
154,c1ccc(CNCCNc2nc3ccccc3s2)cc1,283.40000000000003,3.498000000000001,2,4
155,COC1=CC(=O)N(CCCNc2ccnc3cc(Cl)ccc23)C1(O)Cc1ccccc1,437.9270000000002,3.9940000000000024,2,5
156,CCC(C)C(=O)Nc1nc2c(s1)C(=O)CC(C(=O)N1CCN(c3cccc(Cl)c3)CC1)C2,475.01400000000024,3.8750000000000036,1,6
157,O=C(Nc1ccc2c(c1)OCO2)Nc1nnc(Cc2ccccc2)o1,338.32300000000004,3.033100000000001,2,6
158,CCn1ccnc1COCC(O)CN1CCc2ccccc2C1,315.41700000000003,1.8387999999999998,1,5
159,CC(C)n1nc(C#Cc2cccc(O)c2)c2c(N)ncnc21,293.33000000000004,2.0947999999999998,2,6
160,CC(=O)c1cn(CC(=O)N2[C@H](C(=O)N[C@H](CCO)c3cccc(Cl)c3F)C[C@H]3C[C@H]32)c2ccccc12,511.9810000000002,3.865700000000003,2,5
161,Cc1cccc(C(O)c2ccnc(Nc3ccc(C#N)cc3)n2)c1,316.36400000000003,3.482000000000001,2,5
162,COc1nc([N+](=O)[O-])cn1CC(O)c1ccc(Cl)cc1Cl,332.14300000000003,2.840300000000001,1,6
163,Cc1noc(C)c1S(=O)(=O)NCc1ccc(CN(C)C)cc1.Cl,359.87899999999996,2.253340000000001,1,5
164,COC[C@]12C[C@H]1[C@@](CF)(c1cc(/C=C/c3ccc(Cl)cn3)ccc1F)N=C(N)S2,435.9270000000001,4.675900000000004,1,5
165,COc1ccc(C(=O)NC(=S)NC(C)C)cc1Br,331.235,2.4704000000000006,2,3
166,COc1ccc(/C=C/C(=O)Nc2nc3n(n2)C(c2ccccc2)C=C(c2ccccc2)N3)cc1,449.51400000000007,4.994600000000004,2,6
167,Cc1cc(NC(=O)c2ccc3ccccc3c2)ccc1Cn1nc(C)c(CC(=O)O)c1C,427.5040000000003,4.889260000000004,2,4
168,COc1cc(Cl)ccc1-c1ncc(F)c2cc(S(=O)(=O)Nc3ccncn3)ccc12,444.8750000000001,4.293700000000003,1,6
169,C#CCN1C(=O)C2(SCC(=O)N2NC(=O)C(C)Oc2cc(Cl)c(Cl)cc2Cl)c2ccccc21,524.8130000000002,3.853500000000003,1,5
170,CC(=O)c1c(C(=O)N2CCN(Cc3ccc(F)cc3)CC2)[nH]c2ccccc12,379.4350000000001,3.467600000000002,1,3
171,O=C(Cc1nnc(-c2cccs2)o1)NC1CCCCCC1,305.4030000000002,3.1796000000000015,1,5
172,O=C(O)CCc1cc(F)c(OCc2c(-c3ccc(F)cc3)noc2C(F)(F)F)c(F)c1,445.31500000000005,5.373900000000003,1,4
173,CC(C)(C)NC(=O)N1CCn2c(c(C(N)=O)c(-c3ccc(Oc4ccccc4)cc3)c2C2CC2)C1,472.5890000000002,5.247400000000004,2,4
174,CN1C[C@H]2[C@@H]3CC[C@H](C(=O)NC(C)(C)C)[C@@]3(C)CC[C@@H]2[C@@]2(C)CCC(=O)C=C12,386.5800000000002,4.158300000000003,1,3
175,CC(C)C1OC(CCc2ccccc2)Cc2n[nH]c(O)c21,286.37500000000006,3.386500000000002,2,3
176,Cc1csc2nc([C@H](C)NC(=O)CCC(=O)c3ccccc3)oc(=O)c12,370.43000000000006,3.398220000000002,1,6
177,Cc1ccc(C)c(C2=C(OC(=O)Cc3ccc(Cl)cc3Cl)C3(CCC(=O)CC3)NC2=O)c1,472.36800000000034,5.118940000000004,1,4
178,CC(C)C[C@H]1CN(CCCC[C@H]2CNC(=O)C(=O)N2CC2CCCCC2)C(=O)C(=O)N1CCC1CCCCC1,544.7810000000003,4.119900000000003,1,4
179,Cc1cccc(C)c1NC(=O)N/N=C/c1ccc(N(C)C)cc1,310.40100000000007,3.5250400000000024,2,3
180,CC(=O)Nc1cccc(OCCNC(=O)N(C)Cc2ccco2)c1,331.372,2.4584,2,4
181,CC(=O)c1ccc2c(c1)N(Cc1ccc(C(=O)NCc3ccccn3)cc1)C(=O)CO2,415.4490000000001,3.139800000000001,1,5
182,Cc1cccc2c(/C=N/c3sc4c(c3C#N)CCCCCC4)c[nH]c12,347.48700000000014,5.819100000000004,1,3
183,N[C@@H]1CCCN([C@H]2Cc3c(Cl)cc(Cl)cc3[C@@H]2Oc2ccc(-n3ccnc3)cc2)C1,443.3780000000002,4.647000000000004,1,5
184,Oc1ccc2nc(Cl)n(-c3ccccc3C(F)(F)F)c2n1,313.66600000000005,3.798300000000001,1,4
185,Nc1c(I)ccc2c1C(=O)C=CC2=O,299.06700000000006,1.8086,1,3
186,CCCCCCNc1nc(N)nc(C)c1I,334.205,2.9640200000000005,2,4
187,CN(C)c1sc(C(=O)O)c(-c2ccc(C(C)(C)C)cc2)c1C#N,328.43700000000007,4.348480000000003,1,4
188,O=C(Nc1ccc(Br)cc1)c1nc2cc(Cl)ccc2s1,367.65500000000003,4.964500000000001,1,3
189,CN1CCN([C@H]2CC[C@H](Nc3cc(-c4cccc(NCc5cccc(F)c5)n4)c(Cl)cn3)CC2)CC1,509.07300000000026,5.518700000000005,2,6
190,FC(F)(F)c1ccc(Nc2cc(-c3ccccc3)on2)cc1,304.271,5.104000000000003,1,3
191,COc1ccc(Cl)cc1N1C(=O)CC(Sc2ccccc2N)C1=O,362.8380000000001,3.3550000000000013,1,5
192,O=C(Nc1ccc(Cl)cc1)Nc1cccc(-c2cccc(N3CCCC3)n2)c1,392.8900000000002,5.646200000000004,2,3
193,CCCCCCNC(=O)CSc1nccn1Cc1ccccc1,331.485,3.7200000000000024,1,4
194,Cc1cccc(-c2nc(CCC(=O)O)oc2-c2ccccc2)c1,307.349,4.334220000000003,1,3
195,O=C(N[C@H]1CCCc2ccccc21)c1ccc2c(c1)OCO2,295.3380000000001,3.2227000000000023,1,3
196,COc1ccc(C2(c3ccc(OC)cc3)NC(=O)N(CC(=O)Nc3ccc(C(=O)N(C)C)cc3)C2=O)cc1,516.5540000000003,2.8397000000000014,2,6
197,Cn1cc(-c2cc(S(=O)(=O)c3ccccc3)cc3c4c(oc23)CCNC4)cn1,393.46800000000025,3.3118000000000016,1,6
198,CCSc1nc2cc(S(=O)(=O)NCc3ccc(OC)cc3)ccc2n1Cc1ccccc1,467.6160000000002,4.683700000000004,1,6
199,Cc1ccc(CCNC(=O)c2sc3ncnc(N4CCCC4)c3c2C)cc1,380.5170000000003,3.8808400000000027,1,5
200,CCC(=O)N1CCN(c2ccc3c(c2)C(O)(C(F)(F)F)c2ccccc2-3)CC1,390.40500000000014,3.5238000000000023,1,3
201,CC(C)(C)c1ccc(-c2noc(CNC(=O)c3ccco3)n2)cc1,325.368,3.557100000000002,1,5
202,COc1ccccc1N(C)c1cc[nH]c(=O)c1C(=O)Nc1ccc(N2CCN(C)CC2)cc1,447.53900000000027,3.1555000000000017,2,6
203,CCCNC(=O)c1ccc(N(C)Cc2nnc3ccccn23)nc1,324.388,1.9005,1,6
204,O=C(/C=C(O)/C=C/c1ccc([N+](=O)[O-])cc1)c1ccccc1O,311.293,3.638400000000001,2,5
205,NCc1cc(Oc2cccc(C(=O)NCc3ccnc(Cl)c3)c2)ncn1,369.812,2.7060000000000004,2,6
206,CSc1ccc(C(=O)c2cccc(CC(=O)O)c2N)cc1,301.367,2.8487999999999998,2,4
207,Cc1noc(C)c1C(OC1CCNCC1)c1ccc(C(C)C)cc1,328.456,4.272840000000003,1,4
208,Cc1ccc(/C=C/C(=O)N(Cc2cccs2)c2ccn[nH]2)cc1,323.421,4.026220000000003,1,3
209,Oc1c(N2CCOCC2)cc(-c2cc(N3CCOCC3)c(O)c3ccccc23)c2ccccc12,456.5420000000002,4.744400000000004,2,6
210,O=C(COc1ccc(Br)cc1)NCC(=O)NC1CCCCC1,369.2590000000002,2.393,2,3
211,COc1ccc(-c2cc(-c3cc4ccc(OC)cc4nc3Cl)cc(=O)[nH]2)cc1,392.84200000000004,4.927700000000004,1,4
212,C=CCCC1(C)SC(NC(=O)CC)=NN1C(=O)CC,283.39700000000005,2.4514000000000005,1,4
213,CC(=O)c1ccc(C)cc1NC(C(N)=O)c1c(Br)cccc1Br,440.135,4.361120000000002,2,3
214,CC1CCC(c2cc(C(=O)N3CCN(C(=O)c4cc(F)cc(N5CCNCC5)c4)CC3)ccc2O[C@H]2CCNC2)CC1,577.7450000000001,3.8679000000000023,2,6
215,Cc1cc2c(cc3c(SCC(=O)Nc4ccc(Cl)cc4F)nncn32)o1,390.82700000000006,4.307220000000002,1,6
216,O=C(Nc1noc2ccccc12)N1C[C@@H]2CN(Cc3ccc(-c4ccccc4)cc3)C[C@@H]2C1,438.5310000000002,5.090500000000005,1,4
217,C/C(=N/Nc1nc(-c2ccc(F)cc2F)cs1)c1ccccc1,329.375,4.924400000000003,1,4
218,O=C(NCCCN1CCC(c2nc3ccccc3o2)CC1)C1COc2ccccc2O1,421.4970000000003,3.353500000000002,1,6
219,COc1ccc(-c2oc3c(c2C#CC2(O)CCCCC2)C(OC)CCC3)cc1,380.48400000000015,5.025700000000005,1,4
220,COc1cccc(-c2ccc3c(c2)C2(COC(N)=N2)C2(COC2)C2(CCC2)O3)c1,392.45500000000027,3.2341000000000024,1,6
221,O=C(Nc1ccc(N2CCOCC2)cc1)C1CCCCC1,288.3910000000001,3.0420000000000016,1,3
222,COc1cc(C(=O)c2c[nH]c3c(-c4cccs4)cccc23)cc(OC)c1OC,393.46400000000017,5.153200000000004,1,5
223,Cc1noc(C)c1CC(=O)N1CCCCCCNC(=O)[C@@H]2CCCC[C@@H]21,361.48600000000016,2.9115400000000013,1,4
224,COc1cccc(Cn2cc(C)cc(NC(=O)NCc3ccccc3)c2=O)c1,377.44400000000013,3.5353200000000014,2,4
225,COc1ccc(C(=O)Nc2c(Cl)c(F)nc(F)c2Cl)cc1OC1CCCC1,417.2390000000002,5.2489000000000035,1,4
226,Cc1ccc(-c2nnc3c4ccccc4c(C)nn23)cc1NC(=O)c1cccc(Br)c1,472.3460000000002,5.576140000000003,1,5
227,COc1cc(-c2nc(CNCCCN(C)C)cc3c2[nH]c2ccccc23)cc(OC)c1OC,448.5670000000002,4.450200000000003,2,6
228,CCCCC(Sc1nc2ccccc2c(=O)n1-c1ccccc1Cl)C(=O)N1CCC(C(N)=O)CC1,513.0630000000003,4.413900000000003,1,6
229,CC[C@H](C)[C@@H]1C(=O)O[C@H]1C(=O)N[C@H]1C[C@H]1[C@H](C)[C@@H](CCc1ccccc1)NC(=O)c1ccc2ccccc2c1,526.6770000000002,5.2995000000000045,2,4
230,CN1c2ccsc2C(=O)N2CCc3c([nH]c4ccccc34)C21,309.394,3.3763000000000014,1,3
231,O=C(Nc1ncco1)c1cc(-c2cccc(F)c2)ccn1,283.262,3.128000000000002,1,4
232,CC(C(=O)Nc1ccccc1C#N)N1C(=O)NC2(CCCCCC2)C1=O,354.41000000000025,2.5300800000000008,2,4
233,CC(=O)NC12CC3CC(C1)CC(C(=O)N1CCN(S(=O)(=O)c4ccc(C(C)C)cc4)CC1)(C3)C2,487.6660000000003,3.118000000000002,1,4
234,O=C(O)C(F)(F)F.O=C(c1cscn1)N1CCc2c(COCC3CC3)cncc2C1,443.4470000000004,3.2965000000000018,1,6
235,O=C(O)/C(=C/c1ccc(-c2ccccc2Cl)o1)NC(=O)c1ccccc1,367.78800000000007,4.4555000000000025,2,3
236,CCNC(=O)c1ccccc1-c1nc(-c2ccccc2)no1,293.326,3.1533000000000015,1,4
237,CC(C)NS(=O)(=O)c1ccc(Oc2ncc(C(F)(F)F)cc2Cl)cc1,394.802,4.232800000000003,1,4
238,C[C@]1(C(N)=O)CCN(C(=O)c2ccc(Nc3nccs3)cc2F)C1,348.4030000000001,2.3632999999999997,2,5
239,O=C(CSc1ncc2c(n1)-c1cc(Cl)ccc1N(Cc1ccccc1)S2(=O)=O)NCc1ccccc1,537.0660000000003,4.914400000000004,1,6
240,NS(=O)(=O)c1ccc(-c2ccc(OC[C@H](O)CCc3cccnc3)cc2)s1,404.51300000000003,2.830000000000001,2,6
241,CCOP(=O)(OCC)C(NC(=S)N[C@H](C)c1ccccc1)c1ccccc1,406.4880000000001,5.176600000000004,2,4
242,CC(C)c1ccc(-c2ccc(NC3CCOCC3)c(C(N)=O)c2)cc1,338.451,4.166800000000002,2,3
243,CC1(O)OC(=O)C(c2cccc(F)c2)=C1c1ccc(S(C)(=O)=O)cc1,362.3780000000001,2.4053000000000004,1,5
244,O=C(c1ccc(-c2nc3ccccc3c(=O)[nH]2)cc1)N1CCN(S(=O)(=O)c2cccc3cccnc23)CC1,525.5900000000003,3.285000000000002,1,6
245,O=C(N[C@H](COC(=O)[C@H](Cc1ccccc1)NC(=O)c1cccs1)Cc1ccccc1)c1ccccc1,512.6310000000002,4.673700000000003,2,5
246,Cc1noc(C)c1NS(=O)(=O)c1ccc(CCCN2CCN(C)CC2)cc1,392.5250000000002,2.27224,1,6
247,CCO/C=C/C(O)(CNC(=O)c1ccc(C(C)(C)C)cc1)C(F)(F)F,359.388,3.5575000000000028,2,3
248,CS(=O)(=O)Nc1cccc(-c2cc(NCc3ccccc3)ncn2)c1,354.43500000000006,3.127200000000002,2,5
249,N#Cc1ccc([C@@H]2C3=C(CCC3=O)N(c3cccc(C(F)(F)F)c3)C(=O)N2C(=O)NCCO)cc1,484.43400000000014,3.8792800000000023,2,5
250,COc1cc(C(C)=O)ccc1OCC(=O)Nc1ccc(C)c(S(=O)(=O)N2CCCCCC2)c1,474.57900000000035,3.788420000000003,1,6
251,CN(C)C(=O)c1cc(Oc2ccc(NC(=O)Nc3ccc(Cl)c(C(F)(F)F)c3)cc2)ccn1,478.85800000000006,5.891900000000003,2,4
252,NCC1(c2ccccc2)CCN(c2c(F)cc3c(=O)c(C(=O)O)cn(C4CC4)c3c2F)C1,439.46200000000016,3.4196000000000017,2,5
253,O=C(Cc1cn(CNc2ccnc3cc(Cl)ccc23)nn1)N(C1CCCCC1)C1CCCCC1,481.0440000000005,5.585800000000005,1,6
254,Cc1ccsc1[C@@H](O)CNC(=O)COc1ccccc1,291.37199999999996,2.28512,2,4
255,CN1C(=O)c2ccccc2C(C(=O)NCCCN2CCCC2=O)C1c1c[nH]c2ccccc12,444.5350000000002,3.2071000000000014,2,3
256,COc1cc2ncnc(Nc3cccc(F)c3)c2cc1OC.Cl,335.766,3.9515000000000025,1,5
257,COc1cccc2c1Oc1ncccc1N(c1ccc(C(=O)NCc3ccccc3C)s1)C2,457.55500000000023,5.834120000000004,1,6
258,O=C1c2ccccc2C(=O)C12[C@@H](c1ccccc1Br)[C@@H]1CSCN1[C@@]21C(=O)Nc2ccccc21,531.4310000000002,4.834400000000004,1,5
259,CN1CCN(CCCCNc2cc3c(cn2)cc(-c2c(Cl)cccc2Cl)c(=O)n3C)CC1,474.4360000000002,4.346800000000003,1,6
260,O[C@H](COc1ccc(Cl)cc1)CN1CCN(c2ccc(F)cc2)CC1,364.84800000000007,3.0410000000000013,1,4
261,COc1ccccc1C(=O)Nc1ccc2c(c1)n(C)c(=O)n2C,311.34100000000007,2.1379,1,5
262,CCC(=O)Nc1ccc(C(=O)OCc2ccc(Cl)c(Cl)c2)cc1,352.217,4.698900000000004,1,3
263,CC(C)n1c(=O)[nH]c2cc(-c3noc(C4CCCCC4)n3)ccc21,326.40000000000003,4.008200000000003,1,5
264,Cc1ccc(CNC(=O)C(=O)c2cn(CC(=O)N3CCOCC3)c3ccccc23)cc1,419.4810000000003,2.30762,1,5
265,O=C1c2ccccc2C(=O)c2c(NCCN3CCCC3CO)cccc21,350.418,2.3306000000000004,2,5
266,Br.CC(=N)Nc1nc(-c2ccc(Cl)cc2)cs1,332.654,4.450470000000002,2,3
267,CCN(CCC(C)(C)C)Cc1c(-c2ccccc2)nc2cc(/C=C/C(=O)NO)ccn12,420.5570000000001,4.778000000000003,2,5
268,COc1cccc(-c2csc(NC(=O)Oc3ccccc3)n2)c1,326.377,4.429600000000003,1,5
269,O=C(NCc1ccc(S(=O)(=O)c2ccccc2)cc1)N1Cc2ccncc2C1,393.46800000000013,3.139800000000002,1,4
270,Cc1n[nH]c(C)c1Cc1n[nH]c(=O)n1-c1cccc(Cl)c1,303.75300000000004,2.1447399999999996,2,4
271,Cc1ccc(/C(=N/O)N2CCCC2)c(Oc2ccc(F)c(F)c2)n1,333.33799999999997,3.6921200000000027,1,4
272,O=C(C(=O)N1CCC[C@H]1CN1CCCC1)N1CC[C@@H](CNS(=O)(=O)/C=C/c2ccc(Cl)s2)C1,515.101,2.2268999999999997,1,6
273,COCc1cn(C2=NCC(=O)N3CCc4c(cccc4-c4ncc[nH]4)C3=C2)cn1,388.43100000000004,2.1056,1,6
274,O=C1C(N2CC[C@@H](c3ccc(O)cc3)[C@H](F)C2)CCN1Cc1ccc(Cl)c(Cl)c1,437.3420000000002,4.627500000000005,1,3
275,Cc1cc(C)c(-c2nc3c([nH]2)COCC3)cc1C(=O)N1CCC(c2ccc(C#N)cc2)CC1,440.54700000000025,4.657720000000004,1,4
276,CCC(C)S(=O)(=O)Nc1ccc(F)c(C(=O)c2c[nH]c3ncncc23)c1F,394.4030000000001,3.0073000000000008,2,5
277,Nc1ccc(C(=O)N/N=C\c2ccc(OC(=O)c3ccccc3Cl)cc2)cc1,393.83000000000004,3.905300000000002,2,5
278,COc1cc(CCN2C(=O)NC(c3cccc(C(F)(F)F)c3)C(C(C)=O)=C2C)cc(OC)c1OC,492.4940000000003,4.903200000000004,1,5
279,COc1ccc2sc(C(=O)NCc3ncc[nH]3)cc2c1,287.34400000000005,2.5630000000000006,2,4
280,Cc1cc(O)ccc1C1=C(c2ccc(O)cc2C)[C@H]2[C@@H](S(=O)(=O)Oc3ccccc3Cl)C[C@@H]1[S+]2[O-],531.0510000000002,4.959440000000004,2,6
281,CCC(CC)n1c(=O)[nH]c2ncc(Br)nc21,285.14500000000004,2.2432,1,4
282,O=C(NCc1cccs1)C1CCN(S(=O)(=O)c2ccccc2F)CC1,382.48200000000014,2.6043000000000003,1,4
283,COc1ccccc1CC(=O)Nc1ccc(OC)c(OC)c1,301.34200000000004,2.893600000000001,1,4
284,COC(=O)C(NC(=O)c1ccccc1)(Nc1nccs1)C(F)(F)F,359.32900000000006,2.4166,2,6
285,NCc1ncc(S(=O)(=O)c2ccc3ccccc3c2)s1,304.396,2.5878000000000005,1,5
286,N[C@H]1CCN(C(=O)CN(C(=O)/C=C/c2ccccc2)c2ccc(-c3cccc(OC(F)(F)F)c3)cc2)C1,509.5280000000002,4.8582000000000045,1,4
287,CCO/C(O)=C1\C(C)=NC(c2ccccc2)=C(C(=O)OC(C)(C)C)C1C#Cc1ccccc1,443.54300000000023,5.687900000000005,1,5
288,CC[C@H](C)COc1ccc([C@H](CO)NC(=O)[C@H]2C[C@@H]2c2cccs2)c(C)c1,387.5450000000001,4.434720000000004,2,4
289,CCC1(c2ccccc2)C(=O)NC(=O)N(C2CCOc3ccc(Cl)cc3C2=O)C1=O,426.85600000000017,3.100200000000002,1,5
290,COc1cc(/C=C/C(=O)N2CCN(Cc3ccccc3C#N)CC2)ccc1O,377.44400000000013,2.6300800000000017,1,5
291,CCCN(CC1CC1)c1cc(C(=O)Nc2cccc(-n3ccnc3)c2)ncn1,376.46400000000006,3.541000000000002,1,6
292,CCC(NC(=O)c1ccc(Cl)cc1)[C@H]1[C@H]2C[C@@H](Oc3ccnc4cccnc34)C[C@H]21,421.92800000000017,4.8952000000000035,1,4
293,N[C@@H](c1ccccc1)[C@@H](O)CN(C1CCCCCC1)S(=O)(=O)c1ccc(Cl)c(Cl)c1,471.45000000000016,4.767800000000005,2,4
294,Cc1ccc(C2=NO[C@@]3(C(=O)Nc4cc(Cl)ccc43)N2c2ccccc2)cc1,389.8420000000001,4.651920000000003,1,4
295,CCCCOc1ccc(-c2c[nH]c(SCCc3c[nH]cn3)n2)cc1,342.46799999999996,4.313500000000002,2,4
296,COc1ccc(-c2nn(CC(=O)Nc3ccccc3F)c3c2cnc2ccc(F)cc23)cc1,444.44100000000014,5.177000000000003,1,5
297,Cc1cc(S(=O)(=O)N2C=CNC(=O)[C@H]2CC(=O)N2CCCC(N(C)C)CC2)c(C)cc1Cl,483.03400000000033,2.2499400000000005,1,5
298,Fc1ccc(C(OCCN2CCN(CCCc3ccccc3)CC2)c2ccc(F)cc2)cc1.O=C(O)/C=C\C(=O)O,566.6450000000002,5.033000000000004,2,5
299,COc1cccc(C)c1NC(=O)c1cccc2nc(-c3cc(Br)nn3-c3ncccc3Cl)[nH]c12,537.8050000000001,5.7958200000000035,2,6
300,Cc1ccc(-n2c(S)nnc2CNc2cccc(Cl)c2)cc1,330.84400000000005,4.129920000000002,2,5
301,O=S(=O)(Nc1nc(NCCc2ccccc2)nc2c1CN(Cc1ccccc1)CC2)c1ccccc1,499.6400000000003,4.490300000000004,2,6
302,CC(=O)Nc1nc(Cl)c(-c2c(F)cccc2F)n(CC(C)C)c1=O,355.77200000000016,3.4563000000000015,1,4
303,O=C(CSc1nc2c([nH]c3ccccc32)c(=O)n1-c1ccc(Cl)cc1)N1CCCC1,438.9400000000002,4.234900000000003,1,5
304,CC1(C)CC(=O)C/C(=N/NC(=O)c2ccc(-c3ccccc3)cc2)C1,334.41900000000004,4.218600000000004,1,3
305,Cc1nc([C@@H](NC(=O)c2cccc(-c3ccc(F)c(Cl)c3)n2)C2CC2)no1,386.8140000000001,4.113620000000003,1,5
306,O=C(O)c1ccc(-n2nc(Cc3c(Cl)cccc3Cl)c3ccccc32)cc1,397.2610000000001,5.621300000000004,1,3
307,Cc1ccc2[nH]c(C(=O)N3CCCC3Cn3cccn3)cc2c1,308.385,2.977620000000001,1,3
308,Cc1nc(C2CCNCC2)cc(N(C)Cc2cc(-c3ccccc3)on2)n1,363.46500000000003,3.543420000000002,1,6
309,C=CC(=O)Nc1ccc(C(=O)N2CCC[C@@H](Nc3ncc4ccc(C)cc4n3)C2)cc1,415.4970000000001,3.7794200000000027,2,5
310,COc1cccc(OC)c1C(=O)N[C@@H]1c2ccccc2C2(CCNCC2)[C@H]1OC,396.48700000000025,2.824700000000001,2,5
311,Cc1ccc(N(C)S(=O)(=O)c2ccc3[nH]c(=O)ccc3c2)cc1,328.39300000000003,2.661620000000001,1,3
312,CCc1sc(N2[C@@H](C#N)[C@@H](c3ccccc3-c3ccccc3)[C@@H]2CO)nc1C,389.5240000000001,4.537800000000006,1,5
313,COc1ccccc1N1CC(C(=O)NCC2COc3ccccc3O2)CC1=O,382.4160000000001,2.0042999999999997,1,5
314,C/C(=C\c1ccco1)C1C(C#N)=C(N)Oc2[nH]nc(-c3ccccc3)c21,344.374,3.943080000000002,2,5
315,N=C1S/C(=C\c2cc([N+](=O)[O-])co2)C(=O)N1c1cccc(C(F)(F)F)c1,383.30699999999996,4.262270000000001,1,6
316,COc1ccc(-c2ccc(C(N)=O)cc2)cc1OC1CCCC1,311.38100000000014,3.7825000000000024,1,3
317,Cc1cc(NC(=O)Cn2ccc(-c3cccc(F)c3)n2)n(C)n1,313.33600000000007,2.36982,1,5
318,Cc1ccc(F)c(Oc2ccc(S(=O)(=O)Nc3ccc(F)cn3)cc2C#N)c1,401.3940000000001,4.133000000000003,1,5
319,Cc1cc(C)cc(N(CC(=O)NC(C)(C)C)C(=O)CCC(=O)Nc2ccccn2)c1,410.51800000000014,3.3650400000000014,2,4
320,O=C(N[C@@H](Cc1ccccc1)c1ccccn1)c1cnn2c1OCCC2,348.4060000000002,2.774400000000001,1,5
321,CCNc1c(C(=O)OCC)cnc2c(Br)cnn12,313.155,2.1003,1,6
322,Cc1ccnc(NS(=O)(=O)c2ccc(NC(=O)/C=C/c3cccs3)cc2)n1,400.48500000000007,3.299220000000001,2,6
323,CCCCNC(=N)c1ccc(N2CCN(c3ccccc3)CC2)cc1,336.48300000000006,3.728270000000003,2,3
324,O=C(c1nc2ccccc2[nH]1)N1CCC(c2nccnc2N2CCC(CO)CC2)CC1,420.51700000000034,2.5814000000000012,2,6
325,COc1ccc(Cc2cc(C(=O)Nc3ccc(C(F)(F)F)cc3)[nH]n2)cc1,375.34999999999997,4.2802000000000024,2,3
326,Oc1ccc2ccc(OCCCCN3CCN(c4cccc(Cl)c4Cl)CC3)cc2n1,446.37800000000016,5.228400000000005,1,5
327,Oc1cccc(-c2cc(Nc3ccccc3)nc(N3CCOCC3)n2)c1,348.40600000000023,3.429400000000002,2,6
328,COc1cc(-c2cccc(-c3cn(CO)c4ccccc34)n2)cc(OC)c1OC,390.43900000000014,4.345900000000004,1,6
329,CC(C)=CCc1cc([C@@H]2CC(=O)c3c(O)cc(O)cc3O2)cc2ccoc12,364.3970000000001,5.059200000000005,2,5
330,CCOC(=O)C1CCCN(C(=O)Nc2c(-c3ccccc3)noc2C)C1,357.41000000000014,3.4570200000000018,1,5
331,N=C(c1c(O)n(-c2cccc(Cl)c2)c2ccccc12)C(F)(F)F,338.716,4.919670000000002,2,3
332,N#Cc1ccc(N2CC[C@@H](NC(=O)Nc3ccccc3Br)C2)nc1,386.2530000000001,3.116180000000001,2,4
333,CC1(C)C=Cc2cc(C(=O)/C=C/c3ccccc3)c(O)cc2O1,306.36100000000005,4.472500000000004,1,3
334,Cc1ccc(-c2nc3cc(NC(=O)CCN4CCCCC4)ccc3[nH]2)cc1,362.47700000000003,4.352820000000004,2,3
335,Cc1cc(C(F)F)nn1CC(=O)NC1CCCCCC1,285.3380000000001,2.9681200000000016,1,3
336,O=C(Nc1ccc(Cl)cc1)c1cc(Br)ccc1NS(=O)(=O)c1ccc(Cl)cc1,500.20100000000014,5.809000000000003,2,3
337,Cc1cccc(C)c1Oc1nc(Nc2ccc(CC#N)cc2)cn2ccnc12,369.42800000000005,4.948120000000004,1,6
338,COC(=O)c1oc2ccccc2c1NC(=O)c1ccccc1O,311.293,3.177300000000002,2,5
339,CCOC(=O)c1ccc(CNC(=O)C2CCCCC2C(=O)OCC(F)(F)F)o1,405.369,2.9844000000000017,1,6
340,CC(=O)O[C@@H]1CC[C@@]2(C)[C@@H]3CC[C@](C)(O)CC=C3CC[C@@H]2C1(C)C,334.5000000000001,4.631900000000004,1,3
341,COc1ccc(/C=C/C(=O)Nc2ccc(CCC(=O)O)cc2)cc1,325.364,3.364300000000002,2,3
342,[2H]C([2H])([2H])N(C1CC1)S(=O)(=O)c1ccc(-c2cnc(N)c(-c3ccc4c(c3)CCNC4=O)n2)cc1,452.5543053340002,2.4616000000000007,2,6
343,N#Cc1ccc(N(C2CC2)[C@@H]2CCN(c3ncnc4[nH]ccc34)C2)nc1,345.41,2.4722800000000005,1,6
344,COc1cc(CC2CCCC[C@@H]2O)c(Br)c(Br)c1OC,408.13000000000005,4.322400000000004,1,3
345,Cn1cc(-c2ccc(N(C(=O)NCc3ccccc3)[C@H]3CC[C@@H](Nc4ccc(C#N)cn4)CC3)cc2)cn1,505.62600000000026,5.493280000000004,2,6
346,COc1ccc(F)cc1C(C)(C)CC(O)(CNc1ccc2c(=O)onc(C)c2c1)C(F)(F)F,468.4470000000001,4.7173200000000035,2,6
347,COC(=O)C1=C(C)N(Cc2ccccc2)C(=O)N[C@H]1c1ccccc1,336.3910000000001,3.400100000000002,1,3
348,c1ccc(C2CC(c3cccs3)n3nnnc3N2)cc1,283.36,2.8809000000000005,1,6
349,O=C(Nc1n[nH]c2ncc(-c3cccnc3)cc12)C1CCCC1,307.3570000000002,3.148600000000002,2,4
350,O=C(CN1CCC[C@H]1c1cccs1)Nc1cccc(S(=O)(=O)N2CCCC2)c1,419.5720000000003,3.308200000000003,1,5
351,CCC(CC)OC(=O)Nc1ccc2ccn(Cc3ccc(C(=O)O)cc3OC)c2c1,410.4700000000002,5.133500000000004,2,5
352,Cc1cc(C)n(C(=O)CCC(=O)NCc2ccccc2)n1,285.347,2.23674,1,4
353,COc1ccc(/C=N/NC(=O)c2ccc(Br)cc2)c(OC)c1,363.21100000000007,3.230200000000001,1,4
354,CCOC(=O)c1[nH]cnc1C(=O)N[C@@H](C)c1ccccc1,287.319,2.0774,2,4
355,C=C1CNCCCN(CC2CCCCC2)CCCN(S(=O)(=O)c2ccc(C)cc2)C1,433.6620000000001,3.8076200000000027,1,4
356,O=[N+]([O-])c1c(O)oc2ccccc2/c1=N\c1ccc2ccccc2c1,332.31500000000005,4.432200000000002,1,5
357,COc1ccc2nc(NC(=O)C3CSC4(C)CCC(=O)N34)sc2c1,363.4640000000001,2.697400000000001,1,6
358,CC(C)Cn1cc(NC(=O)N2CCN(c3cccc(Cl)c3)CC2)c2ccccc2c1=O,438.95900000000023,4.665000000000004,1,4
359,CCNC(=O)c1cc(NS(=O)(=O)c2ccc(Cl)cc2)ccc1Oc1cncc(Cl)c1,466.3460000000001,4.731200000000003,2,5
360,CCOC(=O)/C=C/c1c(Oc2cccc(C#N)c2)nc[nH]c1=O,311.297,2.0101799999999996,1,6
361,CCc1ccc(-c2ccc(-c3nc(N)nn3-c3ccccc3)cc2)cc1,340.43,4.745900000000003,1,4
362,CCCc1nc(N2CCN(C(=O)Nc3cccc(F)c3)CC2)c2c(C)nn(-c3ccccc3)c2n1,473.55600000000027,4.569620000000004,1,6
363,NC(=O)c1cn(CC(=O)N2C[C@H](F)C[C@H]2C(=O)NCc2cccc(Br)c2F)c2ccccc12,519.3460000000001,2.8972000000000016,2,4
364,CCNCC1CCN(c2c(F)cc3c(=O)c(C(=O)O)cn(C4CC4)c3c2OCC)CC1,431.50800000000027,3.3983000000000025,2,6
365,C=Cc1ccccc1C1(O)CCN(CCCCNC(=O)c2ccc(-c3ccc(C#N)cc3)cc2)CC1,479.6240000000002,5.361880000000005,2,4
366,Cc1cc(C)c(C)c(S(=O)(=O)Nc2ccc(C(=O)N3CCCC3)cc2)c1C,386.5170000000002,3.957080000000003,1,3
367,COc1ccc(-c2nnc3ccc(-c4cccc(CN)c4)cn23)cc1OC,360.4170000000001,3.539200000000001,1,6
368,O=C(c1ccc(Oc2ncccc2-c2cccnc2F)cc1)c1nc2ccccc2[nH]1,410.40800000000013,5.182300000000003,1,5
369,COC1=CC(=O)C(OC)=C(C(O)CCCCCCCCCO)C1=O,340.4160000000001,2.0430000000000006,2,6
370,Cc1nc(NCC(c2ccccc2)N(C)C)c2c(C)c(C)sc2n1,340.49600000000004,4.331360000000004,1,5
371,COCCNC(=O)c1ccc(NC(=O)N2CC[C@H]2c2ccc(F)cc2)cc1,371.41200000000003,3.1808000000000014,2,3
372,O=C(NCCCCCCNC(=O)N1Cc2ccncc2C1)c1ccccc1,366.46500000000015,3.097200000000001,2,3
373,CC(C)NC(=O)OC(CN1CCN(c2ccccc2Cl)CC1)CN1CCCC1=O,422.95700000000033,2.5876,1,5
374,Cc1nc(-c2ccccc2)sc1-c1ccnn1-c1ccc(S(N)(=O)=O)cc1,396.49700000000007,3.6186200000000017,1,6
375,COc1cc2c3c(c4cc(OC)c(OC)cc4c2cc1OC)C(=O)NC3,353.3740000000001,3.2708000000000013,1,5
376,COc1cc(CNc2c(C)ccc(OCC(=O)O)c2C)cc(-c2cccc(F)c2)c1,409.4570000000001,5.193640000000004,2,4
377,Cn1c(C(O)(c2ccccc2)c2ccccc2)nc2ccc(S(C)(=O)=O)cc21,392.48000000000013,3.261000000000002,1,5
378,COCCN(CC(=O)Nc1cc(C(C)(C)C)nn1-c1ccc(C)cc1)C(=O)COCc1ccccc1,492.6200000000003,4.108520000000003,1,6
379,CC(C(=O)NC(C)(C)C)n1c(-c2ccc3c(c2)OCO3)nc2ccccc21,365.4330000000001,3.907700000000003,1,5
380,CNC(=O)c1nc(-c2ccccc2)n2c1CCN(C(=O)c1cccs1)CC2,380.4730000000001,2.6697000000000015,1,5
381,COc1ccccc1OCC1SCCN1C(=O)/C=C/c1ccc(O)c(O)c1,387.45700000000005,3.100100000000003,2,6
382,NC(=O)CNC(=O)C[C@@H]1CCC[C@]2(C1)OOC1(O2)C2CC3CC(C2)CC1C3,378.46900000000016,1.9952999999999987,2,5
383,Cc1n[nH]c2c1C(C1CCCCC1)c1c(n(C)c(=O)n(C)c1=O)N2,329.404,1.8847199999999995,2,6
384,Cc1nn(-c2cccc([N+](=O)[O-])c2)c2nc3ccccc3c(O)c12,320.30800000000005,3.495920000000002,1,6
385,COc1cc2[nH]c(C)c(-c3ccc(Oc4ccccc4)cc3)c(=O)c2cc1F,375.3990000000001,5.443520000000004,1,3
386,O=C(Cc1cccc(NC(=O)C2CCN(C(=O)CCc3ccccc3)CC2)c1)Nc1cccc(C(=O)N2CCCC2)c1,566.7020000000001,4.913700000000004,2,4
387,Fc1ccc(Nc2ncncc2-c2ccccc2C(F)(F)F)cc1,333.288,5.0451000000000015,1,3
388,CCn1cc(C(=O)O)c(=O)c2cc(F)c(N3CCC(Cl)C3)nc21,339.754,2.0712,1,5
389,O=C(C[C@@H]1C/C=C/CCC(=O)N[C@@H](c2ccccc2)COC1=O)NCc1ccc(Cl)cc1,454.9540000000003,4.103300000000003,2,4
390,CN(C(=O)c1ccco1)C1CCC(NC(=O)OC(C)(C)C)CC1,322.4050000000001,3.1875000000000018,1,4
391,Nc1ccc(-n2ccc(=O)c3c(=O)n(Cc4ccccc4)ccc32)cc1C(F)(F)F,411.38300000000004,3.801700000000002,1,5
392,CC1=N/C(=C\c2ccccc2)C(=O)N1c1ccc(/C(C)=N/N=C2/NC(=O)CS2)cc1,417.4940000000001,3.4357000000000015,1,6
393,O=C(O)C1CC1C(=O)c1ccc(N(CC2CC2)c2ccc(Cl)cc2)cn1,370.83600000000007,4.186500000000003,1,4
394,Nc1nccc(-c2cn(S(=O)(=O)c3ccc(C(F)(F)F)cc3)c3ccc(Br)cc23)n1,497.29600000000005,4.698800000000002,1,6
395,COc1cc(/C=C\c2ccc(N3CCNC3=O)cc2)cc(OC)c1OC,354.4060000000001,3.4124000000000017,1,4
396,COc1cc2ncnc(Nc3ccc(F)c(Cl)c3)c2cc1OCC1CCN(C)CC1,430.91100000000034,4.895100000000004,1,6
397,Cc1cccc(C(=O)N/N=C/C2=C3C(=O)O[C@@H](c4ccoc4)[C@]3(C)CCC2)c1,378.42800000000017,4.0885200000000035,1,5
398,COc1ccc(CCNC(=O)c2c(Cl)ccc(Cl)c2OC)cc1OC,384.2590000000001,3.9917000000000025,1,4
399,O=C1N/C(=C\c2ccc(N3CCOCC3)c(F)c2)C(=O)N1Cc1ccccc1,381.40700000000004,2.755200000000001,1,4
400,CN(Cc1n[nH]c(O)n1)C[C@@H]1CC[C@H](OCc2cc(C(F)(F)F)cc(C(F)(F)F)c2)[C@H]1c1ccccc1,528.4970000000001,5.758900000000004,2,5
401,Cc1cc(=O)nc(Nc2nc(C)c3cc(C)c(C)cc3n2)[nH]1,295.346,2.69038,2,5
402,CCN(CC)c1nc(C)c(C(S)=Nc2cc([N+](=O)[O-])ccc2Cl)s1,384.9140000000001,4.867420000000004,1,6
403,CO[C@@H]1[C@@H](F)CN(C(=O)Cn2cc(C(C)=O)c3ccccc32)[C@@H]1C(=O)NC1(c2ccc(Cl)cc2)CC1,511.9810000000002,3.8667000000000025,1,5
404,CCOc1ccc(C(=O)NCCc2sc(-c3ccc(OC)c(OC)c3)nc2C)cc1,426.5380000000002,4.506920000000004,1,6
405,O=C(Nc1ccc2c(ccn2CCN2CCOCC2)c1)c1ccccn1,350.422,2.620800000000001,1,5
406,CCN1CCc2[nH]cnc2C12CCN(c1ccc(Cl)cn1)CC2,331.85100000000006,2.831800000000001,1,4
407,CC(C)[Si](O[C@H]1C=C2CCN3Cc4cc5c(cc4[C@H]([C@@H]1O)[C@@H]23)OCO5)(C(C)C)C(C)C,443.66000000000014,4.948400000000005,1,5
408,Br.C=CCN1CCc2cccc3c2[C@H]1Cc1ccc(O)c(O)c1-3,374.27800000000013,3.984000000000004,2,3
409,CC(C)C[C@H](NC(=O)OCc1ccccc1)C(=O)C=[N+]=[N-],289.335,2.1971999999999996,1,3
410,O=C(CCC(=O)N(CC(=O)NC1CCCCC1)Cc1ccccc1)Nc1ccccn1,422.529,3.2780000000000005,2,4
411,CCN(C(=O)c1ccccc1)c1ccnc(N[C@@H](C)c2ccccc2)n1,346.434,4.316400000000003,1,4
412,CCN(CC)CCCC(C)n1c(C)cc(C(=O)NS(=O)(=O)c2ccc(C)cc2)c1C,433.61800000000017,4.215060000000003,1,5
413,COC(=O)[C@@]1(C)CCC[C@]2(C)[C@H]3CC/C(=C\C(=O)OCCN(C)C)[C@H](C)[C@@H]3[C@@H](O)C[C@@H]12,435.6050000000002,3.430200000000002,1,6
414,Cc1nnc(SCC(=O)NCCOc2ccc(Cl)cc2)n1-c1ccccc1,402.90700000000004,3.5164200000000028,1,6
415,CCC1(c2ccc(F)cc2)NC(=O)N(CC(=O)N2CCc3ccccc3C2)C1=O,395.4340000000002,2.5677000000000003,1,3
416,CC(C)Nc1nc(NCc2ccccn2)c2sc(-c3ccccc3)cc2n1,375.50100000000015,5.185700000000003,2,6
417,Fc1ccc(C2N=C(c3nccs3)NC(CN3CCOCC3)=C2I)c(Br)c1,563.2340000000003,4.114600000000003,1,6
418,O=C(CN1CCOCC1)N1N=C(c2ccc(F)cc2)CC1c1ccccc1O,383.4230000000001,2.5412000000000003,1,5
419,c1csc(CNc2nc(-n3ccnc3)nc3ccccc23)c1,307.38200000000006,3.4891000000000014,1,6
420,Cc1ccc(N2CCN(CCC(=O)NCc3nc4ccccc4c(=O)n3-c3ccccc3)CC2)cc1,481.60000000000025,3.5226200000000016,1,6
421,Cc1n[nH]c2ccc(-c3cc(OC[C@@H](N)Cc4ccccc4)cnc3-c3ccco3)cc12,424.5040000000001,5.142120000000004,2,5
422,CCN1CN([C@H]2CC[C@H](CNCC(F)F)CC2)c2c(cnc3[nH]ccc23)C1=O,391.46600000000007,3.216000000000001,2,4
423,CC(=O)C1=C(C)NC(C)=C(C(C)=O)C1c1ccc(-c2ccccc2Cl)o1,369.84800000000007,5.012800000000004,1,4
424,O=C1NCCn2cc(C(O)c3ccccc3)c3cccc1c32,292.3380000000001,2.4664,2,3
425,CC(=O)Nc1cc(-c2ccc(C(=O)N3CCOCC3)cc2)cn2c(-c3ccc(F)cc3)cnc12,458.4930000000001,4.2382000000000035,1,5
426,O=C(Nc1cc(Br)ccc1N1CCNCC1)c1cccc2ccccc12,410.31500000000017,4.264200000000002,2,3
427,CC(C)c1sc(N2CCN(C)CC2)nc1C(=O)Nc1ccccc1OC(F)(F)F,428.48,4.169200000000004,1,6
428,c1ccc(Nc2c3ccccc3nc3sc(N4CCCCC4)nc23)cc1,360.48600000000016,5.578400000000003,1,5
429,CC(C)CC1Oc2ccc(Br)cc2C2(COC(N)=N2)C12COC2,381.2700000000002,2.8130000000000006,1,5
430,CCOC(=O)Nc1nc(-c2ccc(Cl)cc2Cl)cs1,317.197,4.685300000000002,1,4
431,Cl.Oc1cc2c(c(Cl)c1O)CCN(Cc1cccs1)CC2c1ccccc1,422.37700000000007,5.424700000000004,2,4
432,O=[N+]([O-])c1cccc2c(O)c(-c3ccccc3)c(O)nc12,282.255,3.221200000000001,2,5
433,CN(C)C[C@@H](c1ccccc1)n1cc(NC(=O)c2n[nH]c3c2CCC(C)(C)C3)cn1,406.5340000000002,3.5244000000000026,2,5
434,CCNC(=O)n1c(=O)n(Cc2nc3ccccc3n2CCC(C)C)c2ccccc21,405.5020000000002,3.8247000000000027,1,6
435,OCCC1CN(Cc2cccc3c2OCO3)CCN1Cc1ccccc1,354.45000000000005,2.4841000000000006,1,5
436,CCn1c(SCC(=O)NCCc2ccccc2)nc2c(c1=O)SC(C)C2,389.54600000000016,2.7509000000000015,1,6
437,O=C(Nc1c(Cl)cc(Cl)cc1C(=O)NCc1cccnc1)c1ccc(Cl)cc1Cl,469.1550000000002,5.877500000000002,2,3
438,Cc1ccsc1C(=O)N1CCCn2nc(C(=O)Nc3ccccc3)cc2C1,380.47300000000007,3.551420000000002,1,5
439,Cc1ccc(N2CCN(CC(O)COc3cccc4c3C(=O)C(Cc3ccccc3)C4)CC2)c(C)c1,484.6400000000004,4.463040000000005,1,5
440,CS(=O)(=O)Nc1ccc(OCC2CN(c3ccccc3)CCN2)cc1,361.4670000000001,1.9152999999999996,2,5
441,Cn1cc(-c2cnc3ccc4ccc(CS(=O)(=O)NC5CCCCC5)cc4c(=O)c3c2)cn1,462.57500000000033,3.900800000000002,1,6
442,COc1ccc(C(=O)Nc2cccc(-c3nc4ncccc4[nH]3)c2)cc1OC,374.4000000000001,3.894400000000002,2,5
443,COc1ccc(-c2nnc(Nc3ccc(C)cc3)c3ccccc23)cc1,341.41400000000004,5.357420000000004,1,4
444,O=C(CSC(=S)N[C@H]1CCOC1=O)Nc1ccc(C(=O)/C=C/c2cccc(Cl)c2)cc1,474.9910000000001,4.097800000000003,2,6
445,CCNC(=O)N1CC(C(=O)N2CCN(c3ccccc3F)CC2)CCC1c1ccc(F)c(C)c1,470.56400000000025,4.104620000000003,1,3
446,Cc1ccc(S(=O)(=O)N(Nc2ccccc2)C(=O)Oc2ccccc2)cc1,382.44100000000014,4.211820000000003,1,5
447,CCOC(=O)c1ccccc1NC(=O)C1COc2ccccc2O1,327.336,2.641800000000001,1,5
448,COc1cc(N)c(Cl)cc1C(=O)NC1CCCN2CCSCC12,355.89100000000013,2.2404,2,5
449,O=C1C(NC(c2ccccc2)c2ccccc2)=C(Cl)C(=O)c2ncccc21,374.8270000000001,4.290200000000003,1,4
450,CC1=C(C(=O)O)C(=O)/C(=C\c2cc(C)n(-c3ccccc3C(F)(F)F)c2C)N1,390.36100000000005,3.984740000000002,2,4
451,Clc1ccc(-c2csc(N/N=C/c3ccc(N4CCOCC4)cc3)n2)cc1,398.9190000000002,4.746100000000004,1,6
452,CC(C)(C)c1ccc(NC(=O)Cc2csc(NC(=O)C3CC3)n2)cc1,357.4790000000001,3.9703000000000017,2,4
453,Nc1c(-c2cccc(C(F)(F)F)c2)nsc1C(=O)O,288.24999999999994,3.109300000000001,2,4
454,Cc1ccc(NC(=O)c2cccs2)cc1NC(=O)c1ccco1,326.3770000000001,4.1541200000000025,2,4
455,Nc1cnc(-c2ccc(C3CCC3)c(Oc3ccnc(Cl)n3)c2F)cn1,371.803,4.368100000000002,1,6
456,Cc1cc(CNC(=O)N2CCN(c3ccc(Cl)cn3)CC2)c(C)o1,348.8340000000002,2.9766400000000015,1,4
457,COc1ccc(NC(=O)c2ccc(COC(=O)c3ccc(C)c(O)c3)cc2)cc1,391.42300000000006,4.318520000000003,2,5
458,CCc1cccc(Nc2c(C(N)=O)cnc3ccc(S(=O)(=O)c4ccccc4)cc23)c1,431.5170000000001,4.472500000000003,2,5
459,Cc1nc(CCCCCCC(O)c2ccccc2)n2nc(-n3ccnc3)ccc12,389.5030000000001,4.450020000000004,1,6
460,CCN(c1cc2oc(C)cc2c(C(=O)NCc2c(C)cc(C)[nH]c2=O)c1C)C1CCOCC1,451.5670000000003,4.290080000000003,2,5
461,CCCCNC(=O)c1nc(-c2ccccc2)oc1-c1ccc(Cl)cc1,354.837,5.191900000000004,1,3
462,c1ccc2cc(-c3nc4ccccc4n3-c3ccnc(N[C@@H]4CCCNC4)n3)ccc2c1,420.5200000000002,4.799600000000003,2,6
463,CCC(C)N1C(=O)/C(=C\c2cc3c4c(c2)CCCN4CCC3)C(=O)NC1=S,383.5170000000001,2.810600000000001,1,4
464,O=C(O)/C=C/C(=O)N1C/C(=C\c2ccccc2)C(=O)/C(=C/c2ccccc2)C1,373.4080000000002,3.205700000000002,1,3
465,O=S(=O)(c1ccccc1)n1ccc(C(O)c2ccc(Cl)cc2)c1,347.823,3.460200000000002,1,4
466,CC(=O)c1nn(CC(=O)N2C[C@@H]3C[C@@H]3[C@H]2C(=O)NCc2cccc(Cl)c2F)c2cnc(C)cc12,483.9310000000002,2.8981200000000014,1,6
467,CC(=O)c1ccc2c(c1)[C@H](NC(=O)c1cccc(I)c1)[C@@H](O)C(C)(C)O2,465.2870000000001,3.496800000000002,2,4
468,O=C(CCc1ccncc1)NC1CCCc2c1cnn2-c1cc(F)cc(F)c1,382.41400000000004,3.6719000000000026,1,4
469,Cc1ccc(C)c(Cn2c(=O)n(CCCC(=O)NCc3ccco3)c(=O)c3ccccc32)c1,445.5190000000002,3.517940000000002,1,6
470,COc1cc2c(cc1C(=O)Nc1cccc(Cl)c1)CC[C@H]1C(C)(C)[C@@H](O)CC[C@]21C,427.9720000000003,5.601900000000006,2,3
471,N#CCCN1C(=O)[C@@H](Cc2c[nH]c3ccccc23)N=C(c2ccccc2F)c2ccccc21,436.4900000000002,5.015980000000003,1,3
472,CCOC(=O)C(=NNc1c(Cl)cc(Cl)cc1Cl)C(=O)OCC,367.6160000000002,3.5409000000000015,1,6
473,C[C@H]1CN(C(=O)[C@H]2CN(c3cccnn3)C[C@@H]2c2ccc(F)cc2F)C[C@@H](C)[C@]1(O)C1CC1.Cl,492.9980000000002,3.652100000000003,1,5
474,COc1ccc2c(c1)[C@@]1(C)Cc3c(n[nH]c3C(=O)O)C(C)(C)[C@@H]1CC2,340.4230000000001,3.470500000000002,2,3
475,CCN1CCC[C@H]1CNC(=O)c1cc(I)ccc1OC,388.2490000000001,2.5139000000000005,1,3
476,COc1cccc(C(=O)NNC(=O)c2ccccc2Br)c1,349.184,2.5325000000000006,2,3
477,Cc1cc(C)cc(NC(=O)c2cccnc2SCc2ccnc(C)c2)c1,363.48600000000016,4.946460000000004,1,4
478,C[C@H](NC(=O)C1(Cc2ccccc2)CCN1C(=O)OCc1ccccc1)C(=O)O,396.44300000000015,2.5997000000000003,2,4
479,C=C[C@H]1C[C@H](C)[C@H]2CC[C@](C)(N=C=S)[C@H]3CCC(=C)[C@]1(O)[C@@H]32,317.49800000000005,4.413400000000005,1,3
480,O=C(O)/C=N/OC(c1ccc(OCc2ccc3ccccc3n2)c(F)c1)C1CCCCC1,436.48300000000023,5.661300000000004,1,5
481,CC(C)(C)NC(=O)C[C@H]1C[C@H](C(=O)N2CCOCC2)[C@@]2(CCC3CCCC3)c3[nH]c4ccc(Cl)cc4c3CCN2C1=O,597.2,5.171400000000005,2,4
482,CNc1oc(-c2ccc(C)cc2)nc1P(=O)(c1ccccc1)c1ccccc1,388.40700000000004,4.331120000000003,1,4
483,COc1ccc2[nH]c(SCC(=O)Nc3ccc(C(C)=O)cc3)nc2c1,355.4190000000001,3.504900000000001,2,5
484,CNS(=O)(=O)c1cccnc1Nc1cccc(C(F)(F)F)c1,331.319,2.7521000000000004,2,4
485,CCC(CC)[C@@H](NS(=O)(=O)c1ccc(Cl)s1)c1ccnn1Cc1ccc(OC)cc1,468.0440000000002,5.110700000000004,1,6
486,Cc1ccc(Cl)cc1NC(=O)CN1C(=O)COc2ccc(S(=O)(=O)N3CCOCC3)cc21,479.9420000000003,2.0334199999999996,1,6
487,O=C(Cc1ccccc1F)Nc1ccc2ncnc(N3CCCC3)c2c1,350.39700000000016,3.550300000000002,1,4
488,Cc1cccnc1N(Cc1cc(=O)[nH]c2c(F)c(F)ccc12)c1cccc(Cl)c1,411.83900000000017,5.501420000000004,1,3
489,NC(=O)[C@@H]1CCCN1Cc1ccc(OCc2cccc(F)c2)cc1,328.38700000000006,2.854400000000001,1,3
490,O=C1CN(CCCNC(=O)[C@]2(c3ccccc3)CC23CCCC3)CCN1,355.48200000000026,1.8266,2,3
491,O=C(Nc1ccc(N2CCOCC2)c2nonc12)C1CCCC1,316.3610000000001,2.1881000000000004,1,6
492,COc1ccc(Cl)cc1S(=O)(=O)Nc1cncc(-c2ccncc2)c1,375.8370000000001,3.6064000000000016,1,5
493,Cc1cc(-c2cc(C(=O)N[C@H]3CC[C@H](C)CC3)c(=O)n(Cc3ccc(F)cc3)n2)ccc1Cl,467.9720000000001,5.368020000000005,1,4
494,Cc1cc(NC(=O)C2CCCO2)ccc1N1CCC(N2CCCC2C)C1,357.49800000000016,3.1755200000000015,1,4
495,COc1cc2c(c(OC)c1OC)-c1cccc(=O)cc1[C@@H](NC(C)=O)CC2.Cl,405.8780000000001,3.284800000000002,1,5
496,Cc1ccc(OCC(O)CN2CCN(Cc3ccc4c(c3)OCO4)CC2)c(C)c1.Cl,434.9640000000002,3.0114400000000017,1,6
497,COc1ccc(C2(CNC(=O)C(c3ccccc3)c3ccccc3)CCOCC2)cc1OC,445.5590000000003,4.700300000000004,1,4
498,Cc1nc(Nc2cccc3c2CC(O)CC3)oc1-c1ccc(C(F)(F)F)cc1,388.38899999999995,5.262020000000004,2,4
499,COc1cc2nc(Cl)nc(Nc3ccc(C(=O)O)cc3)c2cc1OC,359.7690000000001,3.7422000000000013,2,6
