molecule_id,ref_rank,ref_score,is_active,cli_rank,cli_score,api_cpu_rank,api_cpu_score,api_gpu_rank,api_gpu_score
ZINC04617942,1,0.685,1,1,0.685,3,0.62,2,0.733
ZINC03981735,3,0.676,0,3,0.676,61,0.575,1,0.777
ZINC04617941,4,0.667,1,5,0.667,45,0.581,4,0.726
ZINC01545941,6,0.656,0,6,0.656,1,0.662,8,0.702
ZINC01903301,7,0.649,0,8,0.649,8,0.612,9,0.693
ZINC03815826,8,0.649,1,7,0.649,12,0.605,6,0.712
ZINC03938554,10,0.618,0,10,0.618,36,0.586,19,0.661
ZINC03834187,11,0.616,1,11,0.616,76,0.57,12,0.681
ZINC04633604,12,0.613,0,12,0.613,20,0.595,15,0.665
ZINC01550309,13,0.612,0,13,0.612,276,0.533,72,0.623
ZINC03870904,14,0.603,0,14,0.603,6,0.613,33,0.646
ZINC03987406,15,0.6,0,15,0.6,77,0.57,32,0.648
ZINC03977105,16,0.599,0,17,0.599,5,0.615,11,0.683
ZINC03790011,17,0.599,0,16,0.599,32,0.588,35,0.645
ZINC04222272,19,0.597,0,19,0.597,9,0.61,34,0.646
ZINC04222193,20,0.594,0,20,0.594,14,0.603,16,0.663
ZINC03960308,21,0.592,0,22,0.592,176,0.549,156,0.603
ZINC03938552,22,0.592,0,21,0.592,16,0.6,25,0.657
ZINC03834121,23,0.591,1,23,0.591,83,0.569,58,0.629
ZINC03811853,24,0.59,0,25,0.59,27,0.591,29,0.652
ZINC03790022,25,0.59,0,24,0.59,11,0.606,21,0.661
ZINC03977123,26,0.587,0,26,0.587,2,0.625,10,0.685
ZINC03980301,27,0.584,0,29,0.584,21,0.594,64,0.627
ZINC03959444,28,0.584,0,27,0.584,66,0.573,28,0.656
ZINC03950795,29,0.584,0,28,0.584,23,0.592,143,0.606
ZINC04222433,30,0.582,0,30,0.582,10,0.608,22,0.66
ZINC02663356,31,0.582,0,31,0.582,69,0.572,69,0.625
ZINC04222194,32,0.578,0,34,0.578,25,0.591,13,0.671
ZINC01631479,33,0.578,0,32,0.578,19,0.596,30,0.649
ZINC03834119,34,0.578,1,33,0.578,31,0.588,89,0.618
ZINC03333552,35,0.577,0,35,0.577,41,0.583,50,0.635
ZINC03914911,36,0.576,0,36,0.576,58,0.576,27,0.656
ZINC04222191,37,0.575,0,38,0.575,100,0.563,49,0.635
ZINC04147300,38,0.575,0,39,0.575,30,0.589,37,0.643
ZINC03840473,39,0.575,0,37,0.575,47,0.581,24,0.659
ZINC04222428,40,0.573,0,40,0.573,7,0.613,26,0.657
ZINC03987407,41,0.572,0,43,0.572,236,0.538,130,0.609
ZINC03987403,42,0.572,0,42,0.572,140,0.555,63,0.627
ZINC03987402,43,0.572,0,44,0.572,75,0.571,118,0.612
ZINC03841655,44,0.572,0,41,0.572,102,0.563,75,0.622
ZINC03834135,45,0.572,1,45,0.572,50,0.58,131,0.608
ZINC03841640,46,0.571,0,47,0.571,40,0.584,39,0.642
ZINC03840213,47,0.571,0,48,0.571,160,0.552,87,0.619
ZINC03791580,48,0.571,0,46,0.571,62,0.575,95,0.617
ZINC04356047,49,0.57,0,52,0.57,78,0.57,119,0.612
ZINC04222430,50,0.57,0,49,0.57,15,0.602,60,0.629
ZINC03928466,51,0.57,0,51,0.57,35,0.587,268,0.586
ZINC01549839,52,0.57,0,50,0.57,437,0.519,276,0.584
ZINC04222439,53,0.569,0,53,0.569,38,0.585,116,0.612
ZINC03987397,54,0.569,0,54,0.569,81,0.57,40,0.642
ZINC04222431,55,0.568,0,56,0.568,18,0.596,42,0.64
ZINC03959464,56,0.568,0,55,0.568,22,0.593,46,0.638
ZINC03775827,57,0.567,0,57,0.567,54,0.578,120,0.611
ZINC03985882,58,0.566,0,59,0.566,712,0.501,259,0.587
ZINC02138942,59,0.566,0,58,0.566,59,0.576,112,0.613
ZINC03948981,60,0.565,0,60,0.565,130,0.557,205,0.595
ZINC03841625,61,0.564,0,61,0.564,95,0.565,101,0.616
ZINC03791681,62,0.563,0,62,0.563,153,0.553,216,0.593
ZINC03841659,63,0.562,0,63,0.562,63,0.574,88,0.619
ZINC03841617,64,0.561,0,64,0.561,17,0.597,86,0.619
ZINC01548103,65,0.561,0,66,0.561,119,0.559,83,0.619
ZINC00767720,66,0.561,0,67,0.561,60,0.576,53,0.633
ZINC03832370,67,0.561,1,65,0.561,44,0.581,65,0.626
ZINC03977049,68,0.56,0,69,0.56,24,0.591,18,0.662
ZINC03785241,69,0.56,0,71,0.56,29,0.59,41,0.64
ZINC01535967,70,0.56,0,72,0.56,94,0.565,182,0.598
ZINC00771629,71,0.56,0,68,0.56,39,0.585,36,0.644
ZINC03834155,72,0.56,1,70,0.56,110,0.561,139,0.606
ZINC02043468,73,0.56,1,73,0.56,85,0.568,179,0.598
ZINC03807319,74,0.559,0,75,0.559,103,0.563,84,0.619
ZINC03959453,76,0.558,0,77,0.558,96,0.565,104,0.614
ZINC03819918,77,0.558,0,78,0.558,196,0.546,61,0.628
ZINC00770153,78,0.558,0,76,0.558,80,0.57,59,0.629
ZINC03834129,79,0.557,1,79,0.557,52,0.578,79,0.62
ZINC03841650,80,0.556,0,80,0.556,55,0.577,70,0.625
ZINC02222760,81,0.556,0,81,0.556,49,0.581,117,0.612
ZINC03841621,82,0.555,0,83,0.555,87,0.568,74,0.623
ZINC03377880,83,0.555,0,82,0.555,98,0.565,71,0.624
ZINC01909195,84,0.554,0,85,0.554,43,0.582,38,0.643
ZINC01553076,85,0.554,0,84,0.554,42,0.583,23,0.659
ZINC00581841,86,0.554,0,86,0.554,297,0.531,310,0.58
ZINC04150044,87,0.553,0,90,0.553,64,0.574,52,0.634
ZINC03977126,88,0.553,0,88,0.553,93,0.565,44,0.639
ZINC03859051,89,0.553,0,87,0.553,580,0.509,453,0.566
ZINC03832369,90,0.553,1,89,0.553,105,0.562,90,0.618
ZINC03977147,91,0.552,0,91,0.552,56,0.577,82,0.619
ZINC03820532,92,0.551,0,92,0.551,117,0.559,102,0.615
ZINC03819390,93,0.551,0,94,0.551,314,0.529,450,0.567
ZINC02401823,94,0.551,0,95,0.551,121,0.559,207,0.595
ZINC03834132,95,0.551,1,93,0.551,88,0.567,158,0.602
ZINC04222514,96,0.55,0,97,0.55,48,0.581,62,0.627
ZINC02712630,97,0.55,0,96,0.55,90,0.567,206,0.595
ZINC03955054,98,0.549,0,99,0.549,385,0.522,54,0.632
ZINC01882070,99,0.549,0,98,0.549,26,0.591,51,0.635
ZINC01548106,100,0.548,0,100,0.548,379,0.523,282,0.584
ZINC03987021,101,0.547,0,102,0.547,169,0.55,197,0.596
ZINC03867649,102,0.547,0,103,0.547,624,0.506,128,0.609
ZINC02712629,103,0.547,0,104,0.547,107,0.562,126,0.61
ZINC02654818,104,0.547,0,105,0.547,123,0.558,96,0.617
ZINC03834118,105,0.547,1,101,0.547,112,0.56,209,0.594
ZINC04340537,106,0.546,0,109,0.546,82,0.57,92,0.618
ZINC03959472,107,0.546,0,111,0.546,223,0.54,94,0.618
ZINC03819919,108,0.546,0,108,0.546,188,0.547,129,0.609
ZINC03807302,109,0.546,0,110,0.546,72,0.572,150,0.604
ZINC03785211,110,0.546,0,106,0.546,183,0.548,301,0.581
ZINC02866540,111,0.546,0,107,0.546,168,0.55,283,0.584
ZINC00603072,112,0.546,0,112,0.546,192,0.547,693,0.548
ZINC02242841,113,0.544,0,114,0.544,97,0.565,144,0.606
ZINC00587714,114,0.544,0,113,0.544,184,0.548,113,0.613
ZINC04222240,115,0.543,0,116,0.543,157,0.552,189,0.597
ZINC03819921,116,0.543,0,115,0.543,135,0.556,142,0.606
ZINC03670360,117,0.542,0,118,0.542,65,0.574,67,0.626
ZINC03834122,119,0.542,1,119,0.542,166,0.551,186,0.597
ZINC03977132,120,0.541,0,121,0.541,150,0.554,85,0.619
ZINC03842080,121,0.541,0,120,0.541,269,0.534,222,0.592
ZINC03980155,122,0.54,0,123,0.54,139,0.555,230,0.591
ZINC03791571,123,0.54,0,124,0.54,163,0.552,137,0.607
ZINC02224425,124,0.54,0,122,0.54,67,0.573,73,0.623
ZINC01902817,125,0.54,0,125,0.54,212,0.542,140,0.606
ZINC04222445,126,0.539,0,126,0.539,28,0.591,45,0.638
ZINC03987620,127,0.539,0,127,0.539,158,0.552,279,0.584
ZINC03766053,128,0.539,0,130,0.539,134,0.556,184,0.598
ZINC02663357,129,0.539,0,129,0.539,203,0.545,55,0.632
ZINC03834124,130,0.539,1,128,0.539,115,0.559,195,0.596
ZINC03785220,131,0.538,0,132,0.538,507,0.514,360,0.574
ZINC04392031,134,0.537,0,134,0.537,214,0.542,494,0.563
ZINC04383610,135,0.537,0,137,0.537,131,0.557,271,0.585
ZINC04215208,136,0.537,0,135,0.537,170,0.55,99,0.616
ZINC04147161,137,0.537,0,136,0.537,292,0.531,292,0.582
ZINC03841071,138,0.536,0,140,0.536,155,0.553,208,0.595
ZINC02336300,139,0.536,0,138,0.536,206,0.544,361,0.574
ZINC03834143,140,0.536,1,139,0.536,216,0.541,288,0.582
ZINC03780338,141,0.535,0,145,0.535,137,0.556,138,0.607
ZINC03633212,142,0.535,0,141,0.535,126,0.558,171,0.6
ZINC02138945,143,0.535,0,144,0.535,142,0.555,160,0.602
ZINC00770143,144,0.535,0,143,0.535,51,0.58,81,0.62
ZINC03834126,145,0.535,1,142,0.535,180,0.548,187,0.597
ZINC03933542,146,0.534,0,148,0.534,247,0.536,262,0.587
ZINC02654819,148,0.534,0,146,0.534,149,0.554,190,0.597
ZINC02160908,149,0.534,0,147,0.534,227,0.539,356,0.574
ZINC02130567,151,0.533,0,150,0.533,127,0.558,76,0.621
ZINC02138807,152,0.532,0,152,0.532,238,0.538,170,0.6
ZINC04185339,153,0.531,0,154,0.531,230,0.539,418,0.569
ZINC03959458,154,0.531,0,155,0.531,73,0.571,105,0.614
ZINC03946130,155,0.531,0,157,0.531,444,0.518,342,0.576
ZINC03841653,156,0.531,0,156,0.531,89,0.567,110,0.613
ZINC03834116,157,0.531,1,153,0.531,187,0.547,201,0.595
ZINC04185341,158,0.53,0,158,0.53,246,0.537,354,0.575
ZINC03933859,159,0.53,0,159,0.53,204,0.545,386,0.571
ZINC03852887,160,0.53,0,162,0.53,175,0.549,334,0.577
ZINC03841660,161,0.53,0,160,0.53,33,0.588,114,0.612
ZINC03838510,162,0.53,0,161,0.53,443,0.518,198,0.596
ZINC02974135,163,0.53,0,163,0.53,207,0.543,220,0.593
ZINC02352409,164,0.53,0,164,0.53,136,0.556,193,0.597
ZINC04392549,165,0.529,0,165,0.529,294,0.531,309,0.58
ZINC03959476,166,0.529,0,167,0.529,225,0.539,57,0.63
ZINC03941269,167,0.529,0,166,0.529,120,0.559,14,0.665
ZINC03938551,168,0.529,0,170,0.529,199,0.545,221,0.592
ZINC03874144,169,0.529,0,169,0.529,249,0.536,162,0.602
ZINC03640529,170,0.529,0,168,0.529,229,0.539,267,0.586
ZINC01902820,171,0.529,0,171,0.529,290,0.531,136,0.607
ZINC04222242,172,0.528,0,172,0.528,205,0.544,176,0.599
ZINC03933416,173,0.528,0,174,0.528,337,0.527,161,0.602
ZINC03928143,174,0.528,0,173,0.528,234,0.538,274,0.585
ZINC03842084,175,0.528,0,176,0.528,317,0.529,578,0.557
ZINC03841624,176,0.528,0,179,0.528,91,0.566,100,0.616
ZINC03819377,177,0.528,0,175,0.528,138,0.555,80,0.62
ZINC03311922,178,0.528,0,177,0.528,263,0.535,323,0.578
ZINC02352011,179,0.528,0,178,0.528,477,0.516,508,0.562
ZINC03959072,180,0.527,0,185,0.527,125,0.558,149,0.605
ZINC03842083,181,0.527,0,181,0.527,329,0.528,258,0.587
ZINC02860445,182,0.527,0,180,0.527,220,0.541,199,0.596
ZINC02572664,183,0.527,0,182,0.527,197,0.546,265,0.586
ZINC03834156,184,0.527,1,183,0.527,302,0.53,214,0.593
ZINC03834144,185,0.527,1,184,0.527,258,0.535,97,0.616
ZINC04410159,186,0.526,0,187,0.526,226,0.539,431,0.568
ZINC03980052,187,0.526,0,188,0.526,124,0.558,211,0.594
ZINC03974221,188,0.526,0,192,0.526,243,0.537,321,0.579
ZINC03874136,189,0.526,0,190,0.526,268,0.534,249,0.588
ZINC03819987,190,0.526,0,186,0.526,201,0.545,157,0.603
ZINC02130616,191,0.526,0,189,0.526,512,0.514,151,0.604
ZINC02128808,192,0.526,0,191,0.526,402,0.521,358,0.574
ZINC04260539,193,0.525,0,197,0.525,434,0.519,515,0.561
ZINC03343938,195,0.525,0,195,0.525,68,0.573,66,0.626
ZINC02252933,196,0.525,0,193,0.525,128,0.557,181,0.598
ZINC01882073,197,0.525,0,194,0.525,141,0.555,111,0.613
ZINC04356859,198,0.524,0,204,0.524,288,0.532,529,0.561
ZINC03977101,199,0.524,0,198,0.524,304,0.53,227,0.592
ZINC03919155,200,0.524,0,203,0.524,364,0.524,167,0.601
ZINC03841658,201,0.524,0,202,0.524,70,0.572,135,0.607
ZINC03841649,202,0.524,0,200,0.524,99,0.563,109,0.613
ZINC03841013,203,0.524,0,205,0.524,86,0.568,146,0.605
ZINC03839227,204,0.524,0,201,0.524,266,0.534,307,0.58
ZINC00814141,205,0.524,0,199,0.524,213,0.542,266,0.586
ZINC03816461,206,0.523,0,207,0.523,296,0.531,459,0.566
ZINC02131954,207,0.523,0,208,0.523,700,0.502,800,0.541
ZINC01536002,208,0.523,0,206,0.523,231,0.539,106,0.614
ZINC03834152,209,0.523,1,209,0.523,173,0.549,402,0.569
ZINC03831725,210,0.522,0,214,0.522,264,0.535,476,0.565
ZINC03987853,211,0.522,0,217,0.522,306,0.53,174,0.599
ZINC03981634,212,0.522,0,212,0.522,154,0.553,122,0.611
ZINC02700310,213,0.522,0,216,0.522,256,0.536,460,0.566
ZINC01552869,214,0.522,0,213,0.522,275,0.533,210,0.594
ZINC01549835,215,0.522,0,215,0.522,400,0.521,200,0.596
ZINC03834123,216,0.522,1,211,0.522,174,0.549,244,0.589
ZINC03834111,217,0.522,1,210,0.522,362,0.524,289,0.582
ZINC03818476,219,0.521,0,225,0.521,178,0.549,243,0.59
ZINC03633199,220,0.521,0,224,0.521,185,0.548,226,0.592
ZINC03323428,221,0.521,0,223,0.521,248,0.536,317,0.579
ZINC02402354,222,0.521,0,219,0.521,167,0.551,251,0.588
ZINC02388022,223,0.521,0,221,0.521,291,0.531,305,0.58
ZINC01760987,224,0.521,0,218,0.521,209,0.543,56,0.63
ZINC03834125,225,0.521,1,220,0.521,37,0.585,47,0.637
ZINC04237007,226,0.52,0,226,0.52,34,0.587,341,0.576
ZINC03890017,227,0.52,0,228,0.52,355,0.526,294,0.582
ZINC03841657,228,0.52,0,227,0.52,79,0.57,121,0.611
ZINC01548257,229,0.52,0,229,0.52,485,0.516,594,0.555
ZINC04636388,230,0.519,0,233,0.519,544,0.512,462,0.566
ZINC03933860,231,0.519,0,235,0.519,147,0.554,331,0.577
ZINC03928465,232,0.519,0,236,0.519,315,0.529,612,0.554
ZINC03840253,233,0.519,0,234,0.519,328,0.528,263,0.586
ZINC03840228,234,0.519,0,231,0.519,832,0.494,719,0.546
ZINC03820719,235,0.519,0,232,0.519,210,0.542,264,0.586
ZINC03633177,236,0.519,0,239,0.519,283,0.532,351,0.575
ZINC02450633,237,0.519,0,237,0.519,221,0.541,240,0.59
ZINC00852447,238,0.519,0,238,0.519,272,0.533,224,0.592
ZINC03834141,239,0.519,1,230,0.519,282,0.532,154,0.603
ZINC04383601,240,0.518,0,247,0.518,403,0.521,485,0.564
ZINC03990238,241,0.518,0,248,0.518,346,0.526,486,0.564
ZINC03942063,242,0.518,0,243,0.518,341,0.527,123,0.611
ZINC03930465,243,0.518,0,244,0.518,420,0.52,602,0.555
ZINC03841643,244,0.518,0,246,0.518,191,0.547,228,0.592
ZINC03633118,245,0.518,0,242,0.518,419,0.52,403,0.569
ZINC02416080,246,0.518,0,240,0.518,253,0.536,284,0.583
ZINC01548696,247,0.518,0,241,0.518,1469,0.453,1005,0.527
ZINC03834176,248,0.518,1,245,0.518,104,0.562,132,0.608
ZINC04222694,249,0.517,0,254,0.517,516,0.513,568,0.557
ZINC04001506,250,0.517,0,255,0.517,284,0.532,215,0.593
ZINC03959484,251,0.517,0,251,0.517,165,0.552,147,0.605
ZINC03841662,252,0.517,0,256,0.517,118,0.559,165,0.602
ZINC02222762,253,0.517,0,253,0.517,242,0.537,545,0.559
ZINC01882072,254,0.517,0,252,0.517,424,0.519,480,0.565
ZINC00770994,255,0.517,0,250,0.517,114,0.56,78,0.621
ZINC00593049,256,0.517,0,249,0.517,407,0.52,272,0.585
ZINC04355470,257,0.516,0,260,0.516,323,0.528,527,0.561
ZINC04001541,258,0.516,0,265,0.516,367,0.524,344,0.576
ZINC03948081,259,0.516,0,258,0.516,372,0.523,570,0.557
ZINC03891132,260,0.516,0,259,0.516,322,0.528,531,0.56
ZINC03840237,261,0.516,0,264,0.516,343,0.527,287,0.583
ZINC02640284,262,0.516,0,262,0.516,299,0.531,312,0.58
ZINC01549838,263,0.516,0,261,0.516,356,0.525,626,0.553
ZINC01549764,264,0.516,0,263,0.516,301,0.531,223,0.592
ZINC03815825,265,0.516,1,257,0.516,198,0.545,107,0.613
ZINC04393950,266,0.515,0,269,0.515,71,0.572,20,0.661
ZINC04185377,267,0.515,0,272,0.515,321,0.529,395,0.57
ZINC03891134,268,0.515,0,271,0.515,340,0.527,596,0.555
ZINC03819224,269,0.515,0,266,0.515,270,0.534,255,0.588
ZINC03818733,270,0.515,0,270,0.515,122,0.558,217,0.593
ZINC02975581,272,0.515,0,267,0.515,373,0.523,350,0.575
ZINC02135330,273,0.515,0,268,0.515,607,0.507,369,0.573
ZINC03840223,276,0.514,0,277,0.514,1401,0.459,784,0.542
ZINC03827742,277,0.514,0,280,0.514,915,0.489,1233,0.512
ZINC03670334,278,0.514,0,276,0.514,358,0.525,455,0.566
ZINC02382511,279,0.514,0,274,0.514,307,0.53,367,0.573
ZINC02129136,280,0.514,0,279,0.514,404,0.521,353,0.575
ZINC00576566,281,0.514,0,278,0.514,320,0.529,416,0.569
ZINC03987625,282,0.513,0,287,0.513,182,0.548,297,0.581
ZINC03840225,283,0.513,0,283,0.513,1055,0.48,629,0.553
ZINC02860446,285,0.513,0,282,0.513,252,0.536,435,0.567
ZINC02203296,286,0.513,0,285,0.513,254,0.536,588,0.556
ZINC00962262,287,0.513,0,286,0.513,502,0.514,697,0.548
ZINC04382511,289,0.512,0,298,0.512,116,0.559,169,0.601
ZINC03990230,290,0.512,0,295,0.512,311,0.53,291,0.582
ZINC03977400,291,0.512,0,297,0.512,365,0.524,504,0.562
ZINC03891131,292,0.512,0,296,0.512,414,0.52,620,0.553
ZINC03841646,293,0.512,0,293,0.512,92,0.566,177,0.599
ZINC03841635,294,0.512,0,292,0.512,309,0.53,400,0.57
ZINC03828592,295,0.512,0,291,0.512,331,0.527,419,0.568
ZINC02192462,296,0.512,0,290,0.512,259,0.535,203,0.595
ZINC00962264,297,0.512,0,294,0.512,537,0.512,638,0.552
ZINC03834136,298,0.512,1,289,0.512,465,0.516,530,0.56
ZINC04360805,299,0.511,0,314,0.511,244,0.537,406,0.569
ZINC04001519,300,0.511,0,301,0.511,239,0.538,103,0.615
ZINC03962674,302,0.511,0,307,0.511,109,0.562,127,0.609
ZINC03890173,303,0.511,0,299,0.511,562,0.511,407,0.569
ZINC03874141,304,0.511,0,309,0.511,260,0.535,108,0.613
ZINC03842252,305,0.511,0,311,0.511,568,0.51,359,0.574
ZINC03841837,306,0.511,0,308,0.511,113,0.56,330,0.578
ZINC03821014,307,0.511,0,303,0.511,426,0.519,293,0.582
ZINC03810149,308,0.511,0,304,0.511,435,0.519,463,0.566
ZINC03670346,309,0.511,0,306,0.511,255,0.536,316,0.579
ZINC03010371,310,0.511,0,302,0.511,450,0.518,691,0.548
ZINC02378743,311,0.511,0,313,0.511,439,0.518,467,0.565
ZINC02375333,312,0.511,0,310,0.511,363,0.524,285,0.583
ZINC01893284,313,0.511,0,312,0.511,378,0.523,250,0.588
ZINC03834177,314,0.511,1,305,0.511,486,0.515,713,0.546
ZINC03867339,315,0.51,0,323,0.51,553,0.511,592,0.555
ZINC03841656,316,0.51,0,322,0.51,84,0.569,166,0.602
ZINC03840482,317,0.51,0,317,0.51,280,0.533,269,0.585
ZINC03840233,318,0.51,0,326,0.51,274,0.533,168,0.601
ZINC03816706,319,0.51,0,320,0.51,506,0.514,599,0.555
ZINC03226787,320,0.51,0,318,0.51,232,0.539,164,0.602
ZINC02135333,322,0.51,0,315,0.51,446,0.518,540,0.559
ZINC01551979,323,0.51,0,321,0.51,352,0.526,234,0.591
ZINC01548784,324,0.51,0,325,0.51,251,0.536,318,0.579
ZINC01372730,325,0.51,0,319,0.51,342,0.527,257,0.588
ZINC00842694,326,0.51,0,324,0.51,375,0.523,236,0.591
ZINC04619282,327,0.509,0,334,0.509,298,0.531,384,0.571
ZINC03840224,329,0.509,0,331,0.509,1015,0.482,946,0.531
ZINC03817194,330,0.509,0,333,0.509,250,0.536,466,0.565
ZINC03633154,331,0.509,0,330,0.509,202,0.545,124,0.61
ZINC03552652,332,0.509,0,339,0.509,449,0.518,591,0.555
ZINC02952070,333,0.509,0,337,0.509,334,0.527,503,0.562
ZINC02700308,334,0.509,0,332,0.509,359,0.525,446,0.567
ZINC02370635,335,0.509,0,338,0.509,412,0.52,464,0.565
ZINC02130566,336,0.509,0,335,0.509,447,0.518,379,0.572
ZINC02126774,337,0.509,0,336,0.509,261,0.535,401,0.57
ZINC01549765,339,0.509,0,328,0.509,525,0.513,327,0.578
ZINC04176343,340,0.508,0,340,0.508,535,0.512,468,0.565
ZINC04161144,341,0.508,0,343,0.508,475,0.516,876,0.537
ZINC03867259,342,0.508,0,342,0.508,377,0.523,333,0.577
ZINC03852886,343,0.508,0,344,0.508,177,0.549,237,0.591
ZINC03820286,344,0.508,0,341,0.508,614,0.507,745,0.545
ZINC01909079,345,0.508,0,345,0.508,228,0.539,125,0.61
ZINC03987016,346,0.507,0,346,0.507,472,0.516,650,0.551
ZINC03890266,347,0.507,0,354,0.507,738,0.5,391,0.571
ZINC03850343,348,0.507,0,350,0.507,451,0.518,366,0.573
ZINC03840254,349,0.507,0,349,0.507,759,0.498,549,0.558
ZINC03840234,350,0.507,0,353,0.507,398,0.521,254,0.588
ZINC03840227,351,0.507,0,356,0.507,1209,0.472,502,0.562
ZINC03840219,352,0.507,0,358,0.507,1131,0.477,290,0.582
ZINC03840217,353,0.507,0,360,0.507,942,0.487,343,0.576
ZINC03670321,355,0.507,0,347,0.507,567,0.51,438,0.567
ZINC03311920,356,0.507,0,348,0.507,761,0.498,851,0.538
ZINC02964505,357,0.507,0,361,0.507,551,0.511,748,0.544
ZINC02637101,358,0.507,0,351,0.507,265,0.534,378,0.572
ZINC02129327,359,0.507,0,359,0.507,628,0.506,827,0.54
ZINC01840067,360,0.507,0,357,0.507,466,0.516,721,0.546
ZINC03834149,361,0.507,1,352,0.507,423,0.519,314,0.579
ZINC04628541,362,0.506,0,372,0.506,681,0.504,296,0.582
ZINC04147305,363,0.506,0,364,0.506,287,0.532,300,0.581
ZINC03988711,364,0.506,0,370,0.506,656,0.505,902,0.534
ZINC03933545,365,0.506,0,374,0.506,305,0.53,373,0.573
ZINC03928467,366,0.506,0,362,0.506,643,0.506,326,0.578
ZINC03924300,367,0.506,0,373,0.506,462,0.517,732,0.545
ZINC03840236,368,0.506,0,368,0.506,347,0.526,261,0.587
ZINC03599114,371,0.506,0,363,0.506,218,0.541,275,0.584
ZINC01882071,372,0.506,0,367,0.506,179,0.549,212,0.594
ZINC01821866,373,0.506,0,371,0.506,357,0.525,273,0.585
ZINC01549768,374,0.506,0,369,0.506,418,0.52,319,0.579
ZINC04465649,375,0.505,0,380,0.505,409,0.52,422,0.568
ZINC04248899,376,0.505,0,384,0.505,590,0.508,569,0.557
ZINC03951910,377,0.505,0,379,0.505,1304,0.467,1236,0.512
ZINC03889240,379,0.505,0,386,0.505,425,0.519,675,0.549
ZINC03867594,380,0.505,0,381,0.505,410,0.52,423,0.568
ZINC03842250,381,0.505,0,376,0.505,441,0.518,202,0.595
ZINC03807318,382,0.505,0,387,0.505,417,0.52,425,0.568
ZINC03552654,383,0.505,0,382,0.505,480,0.516,521,0.561
ZINC02975662,384,0.505,0,378,0.505,413,0.52,657,0.551
ZINC02604748,385,0.505,0,377,0.505,432,0.519,470,0.565
ZINC02517180,386,0.505,0,375,0.505,353,0.526,658,0.551
ZINC02388049,387,0.505,0,383,0.505,438,0.518,388,0.571
ZINC04248905,388,0.504,0,390,0.504,501,0.515,449,0.567
ZINC04237001,389,0.504,0,389,0.504,148,0.554,311,0.58
ZINC03819381,390,0.504,0,393,0.504,319,0.529,238,0.591
ZINC03670389,391,0.504,0,394,0.504,277,0.533,387,0.571
ZINC03232400,392,0.504,0,392,0.504,335,0.527,390,0.571
ZINC02130840,393,0.504,0,388,0.504,295,0.531,253,0.588
ZINC04355704,395,0.503,0,402,0.503,499,0.515,843,0.538
ZINC03992806,396,0.503,0,396,0.503,616,0.507,610,0.554
ZINC03765981,399,0.503,0,395,0.503,129,0.557,152,0.604
ZINC03670345,400,0.503,0,404,0.503,504,0.514,414,0.569
ZINC03307407,401,0.503,0,397,0.503,570,0.51,709,0.547
ZINC02968910,402,0.503,0,401,0.503,281,0.533,336,0.576
ZINC02660602,403,0.503,0,400,0.503,453,0.517,499,0.563
ZINC02129117,404,0.503,0,398,0.503,592,0.508,586,0.556
ZINC03834153,405,0.503,1,399,0.503,271,0.533,364,0.573
ZINC04191683,406,0.502,0,411,0.502,456,0.517,858,0.538
ZINC04001527,407,0.502,0,412,0.502,454,0.517,247,0.589
ZINC03874450,408,0.502,0,407,0.502,522,0.513,392,0.571
ZINC03841097,409,0.502,0,416,0.502,152,0.553,192,0.597
ZINC03816728,410,0.502,0,413,0.502,267,0.534,280,0.584
ZINC03670390,411,0.502,0,408,0.502,391,0.522,518,0.561
ZINC03352882,412,0.502,0,406,0.502,519,0.513,512,0.562
ZINC02700318,413,0.502,0,410,0.502,521,0.513,523,0.561
ZINC02520769,414,0.502,0,417,0.502,162,0.552,155,0.603
ZINC02138804,415,0.502,0,409,0.502,189,0.547,436,0.567
ZINC02133048,416,0.502,0,415,0.502,524,0.513,526,0.561
ZINC01553940,417,0.502,0,414,0.502,411,0.52,232,0.591
ZINC04392565,418,0.501,0,419,0.501,489,0.515,796,0.542
ZINC04004342,420,0.501,0,424,0.501,194,0.547,173,0.599
ZINC04001531,421,0.501,0,421,0.501,436,0.519,219,0.593
ZINC03841661,422,0.501,0,418,0.501,159,0.552,298,0.581
ZINC02665348,423,0.501,0,420,0.501,195,0.546,235,0.591
ZINC00597948,424,0.501,0,423,0.501,526,0.513,427,0.568
ZINC03840215,425,0.5,0,427,0.5,748,0.499,278,0.584
ZINC02416419,427,0.5,0,426,0.5,703,0.502,652,0.551
ZINC04619455,428,0.499,0,429,0.499,399,0.521,432,0.568
ZINC03889997,431,0.499,0,434,0.499,310,0.53,213,0.594
ZINC03779518,433,0.499,0,431,0.499,219,0.541,48,0.635
ZINC03367635,434,0.499,0,433,0.499,721,0.501,1082,0.522
ZINC03185845,435,0.499,0,435,0.499,156,0.552,93,0.618
ZINC01551243,436,0.499,0,428,0.499,821,0.494,765,0.543
ZINC00974236,437,0.499,0,438,0.499,965,0.485,698,0.548
ZINC00842700,438,0.499,0,430,0.499,361,0.525,239,0.591
ZINC04627373,439,0.498,0,446,0.498,527,0.513,320,0.579
ZINC04468426,440,0.498,0,443,0.498,583,0.509,974,0.53
ZINC04185360,442,0.498,0,440,0.498,509,0.514,760,0.544
ZINC03859006,443,0.498,0,442,0.498,584,0.509,975,0.53
ZINC02970930,444,0.498,0,444,0.498,318,0.529,668,0.55
ZINC02368624,445,0.498,0,441,0.498,273,0.533,172,0.6
ZINC02242819,446,0.498,0,445,0.498,181,0.548,77,0.621
ZINC03969854,448,0.497,0,448,0.497,461,0.517,374,0.573
ZINC03891130,449,0.497,0,452,0.497,468,0.516,644,0.552
ZINC03867367,450,0.497,0,451,0.497,330,0.528,410,0.569
ZINC03325703,451,0.497,0,457,0.497,1074,0.479,837,0.539
ZINC02964504,452,0.497,0,447,0.497,511,0.514,743,0.545
ZINC02928669,453,0.497,0,456,0.497,827,0.494,548,0.558
ZINC02604747,454,0.497,0,453,0.497,430,0.519,260,0.587
ZINC02401824,455,0.497,0,450,0.497,547,0.512,830,0.539
ZINC02349120,456,0.497,0,459,0.497,286,0.532,694,0.548
ZINC01535955,457,0.497,0,458,0.497,617,0.507,183,0.598
ZINC01062174,458,0.497,0,454,0.497,463,0.517,565,0.557
ZINC00962263,459,0.497,0,449,0.497,828,0.494,935,0.532
ZINC04260555,460,0.496,0,471,0.496,303,0.53,348,0.575
ZINC04188516,461,0.496,0,467,0.496,543,0.512,884,0.536
ZINC03974520,462,0.496,0,460,0.496,558,0.511,542,0.559
ZINC03962673,463,0.496,0,473,0.496,554,0.511,461,0.566
ZINC03952614,464,0.496,0,466,0.496,186,0.548,180,0.598
ZINC03928139,465,0.496,0,465,0.496,327,0.528,252,0.588
ZINC03818898,467,0.496,0,476,0.496,794,0.496,891,0.535
ZINC02309725,469,0.496,0,464,0.496,510,0.514,488,0.564
ZINC02130842,470,0.496,0,468,0.496,429,0.519,405,0.569
ZINC02128935,471,0.496,0,469,0.496,392,0.522,408,0.569
ZINC01548695,472,0.496,0,470,0.496,639,0.506,440,0.567
ZINC01548416,473,0.496,0,463,0.496,457,0.517,424,0.568
ZINC01322331,474,0.496,0,475,0.496,833,0.494,362,0.574
ZINC00902675,475,0.496,0,462,0.496,649,0.505,516,0.561
ZINC03834131,476,0.496,1,474,0.496,564,0.51,775,0.542
ZINC03976862,477,0.495,0,482,0.495,630,0.506,779,0.542
ZINC03517673,479,0.495,0,484,0.495,289,0.532,412,0.569
ZINC02445827,480,0.495,0,485,0.495,143,0.555,159,0.602
ZINC02218504,481,0.495,0,481,0.495,631,0.506,567,0.557
ZINC02138806,482,0.495,0,487,0.495,696,0.502,489,0.564
ZINC02136682,483,0.495,0,477,0.495,701,0.502,776,0.542
ZINC01996908,484,0.495,0,486,0.495,722,0.501,630,0.553
ZINC01631658,485,0.495,0,479,0.495,325,0.528,270,0.585
ZINC00921662,486,0.495,0,478,0.495,571,0.51,739,0.545
ZINC03834117,487,0.495,1,483,0.495,620,0.506,153,0.603
ZINC03891133,488,0.494,0,492,0.494,431,0.519,429,0.568
ZINC03858746,489,0.494,0,495,0.494,669,0.504,875,0.537
ZINC03633165,490,0.494,0,488,0.494,560,0.511,550,0.558
ZINC02205779,491,0.494,0,493,0.494,657,0.505,966,0.53
ZINC01538457,492,0.494,0,489,0.494,664,0.504,864,0.537
ZINC00962261,493,0.494,0,496,0.494,745,0.499,917,0.533
ZINC00902681,494,0.494,0,491,0.494,405,0.52,349,0.575
ZINC00587755,495,0.494,0,494,0.494,548,0.512,377,0.572
ZINC03834178,496,0.494,1,490,0.494,106,0.562,68,0.625
ZINC03936845,497,0.493,0,504,0.493,390,0.522,381,0.572
ZINC03925788,498,0.493,0,498,0.493,217,0.541,115,0.612
ZINC03820285,499,0.493,0,497,0.493,1225,0.471,1422,0.497
ZINC03780350,500,0.493,0,503,0.493,382,0.523,472,0.565
ZINC02712627,502,0.493,0,505,0.493,496,0.515,634,0.552
ZINC02135326,503,0.493,0,502,0.493,611,0.507,701,0.547
ZINC00978047,504,0.493,0,499,0.493,729,0.5,469,0.565
ZINC00902602,505,0.493,0,501,0.493,384,0.522,325,0.578
ZINC04383173,506,0.492,0,510,0.492,730,0.5,306,0.58
ZINC04213700,507,0.492,0,507,0.492,672,0.504,1029,0.526
ZINC03977175,508,0.492,0,512,0.492,332,0.527,581,0.556
ZINC03817650,509,0.492,0,516,0.492,889,0.491,281,0.584
ZINC03804651,510,0.492,0,511,0.492,609,0.507,816,0.541
ZINC03007300,511,0.492,0,509,0.492,884,0.491,1044,0.524
ZINC02973482,512,0.492,0,517,0.492,338,0.527,706,0.547
ZINC02650544,513,0.492,0,513,0.492,645,0.506,983,0.529
ZINC02596318,514,0.492,0,515,0.492,200,0.545,229,0.592
ZINC02586497,515,0.492,0,506,0.492,534,0.512,481,0.564
ZINC01875803,516,0.492,0,508,0.492,208,0.543,245,0.589
ZINC00977950,517,0.492,0,518,0.492,581,0.509,329,0.578
ZINC00906167,518,0.492,0,514,0.492,467,0.516,495,0.563
ZINC04001514,519,0.491,0,524,0.491,397,0.521,242,0.59
ZINC03944034,520,0.491,0,519,0.491,588,0.508,852,0.538
ZINC03545191,521,0.491,0,521,0.491,172,0.55,98,0.616
ZINC02393796,522,0.491,0,525,0.491,589,0.508,520,0.561
ZINC02192461,523,0.491,0,520,0.491,638,0.506,375,0.572
ZINC02131329,525,0.491,0,523,0.491,1004,0.483,854,0.538
ZINC00842699,526,0.491,0,522,0.491,445,0.518,747,0.544
ZINC04217906,527,0.49,0,537,0.49,536,0.512,682,0.549
ZINC03938550,529,0.49,0,534,0.49,293,0.531,248,0.589
ZINC03889313,530,0.49,0,531,0.49,498,0.515,557,0.558
ZINC03819389,532,0.49,0,527,0.49,668,0.504,825,0.54
ZINC03819383,533,0.49,0,535,0.49,637,0.506,607,0.554
ZINC02754468,535,0.49,0,530,0.49,1664,0.42,1494,0.489
ZINC02285344,536,0.49,0,528,0.49,433,0.519,714,0.546
ZINC00902607,537,0.49,0,529,0.49,416,0.52,347,0.575
ZINC03834180,538,0.49,1,533,0.49,587,0.508,451,0.566
ZINC04400050,539,0.489,0,546,0.489,354,0.526,365,0.573
ZINC04222810,540,0.489,0,552,0.489,1392,0.46,528,0.561
ZINC04188447,541,0.489,0,548,0.489,613,0.507,812,0.541
ZINC04185326,542,0.489,0,551,0.489,478,0.516,558,0.558
ZINC04176349,543,0.489,0,543,0.489,406,0.52,619,0.554
ZINC03351758,546,0.489,0,545,0.489,528,0.513,605,0.555
ZINC03007296,547,0.489,0,553,0.489,854,0.492,1006,0.527
ZINC02700316,548,0.489,0,547,0.489,515,0.513,454,0.566
ZINC02422125,549,0.489,0,542,0.489,596,0.508,507,0.562
ZINC02204440,550,0.489,0,540,0.489,593,0.508,954,0.531
ZINC00906587,551,0.489,0,549,0.489,563,0.511,618,0.554
ZINC00902658,552,0.489,0,541,0.489,483,0.516,368,0.573
ZINC00588296,553,0.489,0,539,0.489,662,0.505,525,0.561
ZINC04240331,554,0.488,0,566,0.488,797,0.496,758,0.544
ZINC04019803,555,0.488,0,562,0.488,970,0.485,396,0.57
ZINC03928140,556,0.488,0,554,0.488,601,0.508,576,0.557
ZINC03840241,557,0.488,0,558,0.488,1422,0.457,1278,0.508
ZINC03790144,558,0.488,0,559,0.488,634,0.506,741,0.545
ZINC03439248,559,0.488,0,565,0.488,767,0.498,756,0.544
ZINC03421130,560,0.488,0,563,0.488,376,0.523,689,0.548
ZINC02712537,561,0.488,0,555,0.488,517,0.513,355,0.574
ZINC02639675,562,0.488,0,564,0.488,245,0.537,332,0.577
ZINC02408724,563,0.488,0,560,0.488,717,0.501,798,0.542
ZINC02373588,564,0.488,0,557,0.488,710,0.501,762,0.543
ZINC02193601,565,0.488,0,561,0.488,787,0.496,740,0.545
ZINC02131327,566,0.488,0,556,0.488,830,0.494,761,0.543
ZINC04217908,567,0.487,0,569,0.487,636,0.506,556,0.558
ZINC04188469,568,0.487,0,570,0.487,647,0.505,914,0.533
ZINC04001504,569,0.487,0,573,0.487,257,0.536,352,0.575
ZINC03955215,570,0.487,0,574,0.487,757,0.499,677,0.549
ZINC03933548,571,0.487,0,575,0.487,494,0.515,413,0.569
ZINC03890764,572,0.487,0,578,0.487,555,0.511,376,0.572
ZINC02964623,573,0.487,0,576,0.487,459,0.517,674,0.549
ZINC02726431,574,0.487,0,567,0.487,691,0.503,1025,0.526
ZINC02129855,575,0.487,0,577,0.487,904,0.49,543,0.559
ZINC02005805,576,0.487,0,579,0.487,1094,0.478,832,0.539
ZINC01821865,577,0.487,0,571,0.487,552,0.511,363,0.574
ZINC00902674,578,0.487,0,568,0.487,474,0.516,398,0.57
ZINC00902617,579,0.487,0,572,0.487,484,0.516,394,0.57
ZINC04411389,580,0.486,0,588,0.486,735,0.5,781,0.542
ZINC03987062,582,0.486,0,589,0.486,487,0.515,546,0.559
ZINC03891143,583,0.486,0,594,0.486,344,0.526,345,0.576
ZINC03572380,585,0.486,0,593,0.486,697,0.502,577,0.557
ZINC03345168,586,0.486,0,590,0.486,572,0.51,509,0.562
ZINC02965440,587,0.486,0,592,0.486,508,0.514,617,0.554
ZINC02372645,588,0.486,0,584,0.486,396,0.521,496,0.563
ZINC02315723,589,0.486,0,583,0.486,503,0.514,404,0.569
ZINC02136680,590,0.486,0,582,0.486,873,0.491,725,0.545
ZINC01537299,591,0.486,0,587,0.486,574,0.509,382,0.572
ZINC00921665,592,0.486,0,581,0.486,867,0.492,1068,0.523
ZINC00902614,593,0.486,0,586,0.486,497,0.515,544,0.559
ZINC00852448,594,0.486,0,591,0.486,644,0.506,872,0.537
ZINC03981618,595,0.485,0,600,0.485,751,0.499,613,0.554
ZINC03933732,596,0.485,0,599,0.485,608,0.507,514,0.562
ZINC03810496,597,0.485,0,603,0.485,629,0.506,869,0.537
ZINC03802013,598,0.485,0,596,0.485,1449,0.455,1508,0.486
ZINC03612068,599,0.485,0,605,0.485,716,0.501,853,0.538
ZINC03361445,600,0.485,0,601,0.485,824,0.494,834,0.539
ZINC02203105,601,0.485,0,597,0.485,733,0.5,729,0.545
ZINC02199684,602,0.485,0,607,0.485,539,0.512,924,0.533
ZINC02129134,603,0.485,0,598,0.485,316,0.529,477,0.565
ZINC02126772,604,0.485,0,608,0.485,561,0.511,497,0.563
ZINC01062173,605,0.485,0,602,0.485,460,0.517,571,0.557
ZINC00902612,607,0.485,0,606,0.485,488,0.515,383,0.572
ZINC00762710,608,0.485,0,604,0.485,790,0.496,900,0.534
ZINC04621232,609,0.484,0,610,0.484,865,0.492,972,0.53
ZINC04383614,610,0.484,0,614,0.484,369,0.523,191,0.597
ZINC04354189,611,0.484,0,616,0.484,1050,0.48,1164,0.516
ZINC04257378,612,0.484,0,613,0.484,899,0.49,731,0.545
ZINC04004628,613,0.484,0,611,0.484,164,0.552,196,0.596
ZINC03891139,615,0.484,0,625,0.484,625,0.506,976,0.53
ZINC03870745,616,0.484,0,622,0.484,428,0.519,338,0.576
ZINC03817914,617,0.484,0,609,0.484,974,0.485,1306,0.507
ZINC03525889,618,0.484,0,623,0.484,464,0.517,562,0.558
ZINC02928057,619,0.484,0,624,0.484,893,0.49,465,0.565
ZINC02618850,620,0.484,0,620,0.484,783,0.497,764,0.543
ZINC02138251,621,0.484,0,612,0.484,53,0.578,43,0.639
ZINC02135324,622,0.484,0,621,0.484,768,0.498,490,0.564
ZINC01834069,623,0.484,0,617,0.484,817,0.495,1146,0.517
ZINC00921352,625,0.484,0,619,0.484,737,0.5,899,0.534
ZINC04619253,626,0.483,0,632,0.483,1126,0.477,1181,0.515
ZINC04375035,628,0.483,0,640,0.483,807,0.495,1101,0.52
ZINC04003613,629,0.483,0,635,0.483,929,0.488,1168,0.516
ZINC03993045,630,0.483,0,643,0.483,895,0.49,597,0.555
ZINC03960678,631,0.483,0,645,0.483,618,0.507,389,0.571
ZINC03890763,632,0.483,0,627,0.483,689,0.503,727,0.545
ZINC03801571,633,0.483,0,639,0.483,724,0.501,836,0.539
ZINC03795710,634,0.483,0,631,0.483,556,0.511,676,0.549
ZINC03671448,635,0.483,0,636,0.483,370,0.523,560,0.558
ZINC03625437,636,0.483,0,638,0.483,621,0.506,505,0.562
ZINC03342986,637,0.483,0,630,0.483,482,0.516,340,0.576
ZINC02939761,638,0.483,0,642,0.483,964,0.485,1176,0.515
ZINC02135249,639,0.483,0,641,0.483,632,0.506,439,0.567
ZINC02131328,640,0.483,0,646,0.483,711,0.501,715,0.546
ZINC02025209,641,0.483,0,644,0.483,336,0.527,411,0.569
ZINC01840043,642,0.483,0,629,0.483,869,0.492,1151,0.517
ZINC01552512,643,0.483,0,633,0.483,686,0.503,628,0.553
ZINC00902679,644,0.483,0,634,0.483,458,0.517,587,0.556
ZINC00902660,645,0.483,0,628,0.483,845,0.493,659,0.551
ZINC00902638,646,0.483,0,626,0.483,650,0.505,487,0.564
ZINC04619145,647,0.482,0,664,0.482,704,0.502,895,0.535
ZINC04469531,648,0.482,0,669,0.482,675,0.504,670,0.55
ZINC03989511,649,0.482,0,648,0.482,693,0.503,799,0.541
ZINC03977131,650,0.482,0,651,0.482,427,0.519,704,0.547
ZINC03974519,651,0.482,0,649,0.482,676,0.504,671,0.55
ZINC03962394,652,0.482,0,658,0.482,858,0.492,879,0.537
ZINC03864336,653,0.482,0,667,0.482,476,0.516,595,0.555
ZINC03851685,654,0.482,0,660,0.482,673,0.504,532,0.56
ZINC03842255,655,0.482,0,659,0.482,816,0.495,616,0.554
ZINC03558930,657,0.482,0,656,0.482,1470,0.453,1377,0.502
ZINC03449894,658,0.482,0,670,0.482,674,0.504,838,0.539
ZINC03309011,659,0.482,0,662,0.482,760,0.498,930,0.532
ZINC02349468,660,0.482,0,654,0.482,782,0.497,973,0.53
ZINC02136688,661,0.482,0,668,0.482,533,0.512,539,0.56
ZINC02128934,662,0.482,0,647,0.482,820,0.494,603,0.555
ZINC02022408,663,0.482,0,666,0.482,898,0.49,772,0.543
ZINC02006923,664,0.482,0,665,0.482,953,0.486,452,0.566
ZINC01549763,665,0.482,0,652,0.482,610,0.507,339,0.576
ZINC01546188,666,0.482,0,653,0.482,565,0.51,563,0.558
ZINC00902677,667,0.482,0,650,0.482,569,0.51,513,0.562
ZINC00902641,668,0.482,0,657,0.482,388,0.522,393,0.57
ZINC00902619,669,0.482,0,661,0.482,600,0.508,681,0.549
ZINC00902610,670,0.482,0,663,0.482,566,0.51,609,0.554
ZINC04001668,671,0.481,0,673,0.481,926,0.488,1002,0.528
ZINC03990241,672,0.481,0,672,0.481,742,0.5,678,0.549
ZINC03987019,673,0.481,0,674,0.481,796,0.496,978,0.53
ZINC03982648,674,0.481,0,688,0.481,646,0.505,665,0.55
ZINC03944562,675,0.481,0,684,0.481,654,0.505,573,0.557
ZINC03923950,676,0.481,0,687,0.481,705,0.502,933,0.532
ZINC03891147,677,0.481,0,681,0.481,775,0.497,777,0.542
ZINC03838228,678,0.481,0,675,0.481,785,0.497,519,0.561
ZINC03818900,679,0.481,0,676,0.481,667,0.504,754,0.544
ZINC02971927,681,0.481,0,679,0.481,545,0.512,687,0.548
ZINC02128933,682,0.481,0,685,0.481,770,0.498,625,0.553
ZINC01553112,683,0.481,0,678,0.481,979,0.485,1059,0.523
ZINC01541498,684,0.481,0,671,0.481,1149,0.476,667,0.55
ZINC01485988,685,0.481,0,677,0.481,641,0.506,564,0.557
ZINC01107129,686,0.481,0,686,0.481,577,0.509,633,0.553
ZINC00902649,687,0.481,0,689,0.481,586,0.509,483,0.564
ZINC00781033,688,0.481,0,682,0.481,531,0.512,442,0.567
ZINC00770809,690,0.481,0,690,0.481,132,0.557,163,0.602
ZINC04222855,691,0.48,0,708,0.48,1599,0.436,880,0.536
ZINC03974617,692,0.48,0,691,0.48,193,0.547,894,0.535
ZINC03960397,693,0.48,0,702,0.48,1510,0.449,1606,0.471
ZINC03874810,694,0.48,0,692,0.48,455,0.517,491,0.563
ZINC03868275,695,0.48,0,701,0.48,765,0.498,912,0.533
ZINC03841305,696,0.48,0,697,0.48,1240,0.47,1410,0.498
ZINC03408854,697,0.48,0,699,0.48,1528,0.447,1509,0.486
ZINC03368314,698,0.48,0,693,0.48,366,0.524,471,0.565
ZINC03351756,699,0.48,0,694,0.48,801,0.496,903,0.534
ZINC03055699,700,0.48,0,698,0.48,906,0.49,996,0.528
ZINC02964624,701,0.48,0,703,0.48,559,0.511,849,0.538
ZINC02700304,702,0.48,0,700,0.48,171,0.55,286,0.583
ZINC02579074,703,0.48,0,704,0.48,500,0.515,601,0.555
ZINC02384342,704,0.48,0,705,0.48,994,0.483,874,0.537
ZINC02203888,705,0.48,0,710,0.48,408,0.52,1182,0.515
ZINC02136685,706,0.48,0,709,0.48,813,0.495,541,0.559
ZINC02130563,707,0.48,0,695,0.48,603,0.508,328,0.578
ZINC01554097,708,0.48,0,706,0.48,1260,0.469,1273,0.509
ZINC01541499,709,0.48,0,696,0.48,806,0.495,1011,0.527
ZINC01541284,710,0.48,0,707,0.48,1368,0.461,1319,0.506
ZINC04627375,711,0.479,0,712,0.479,1137,0.477,1159,0.516
ZINC04355779,712,0.479,0,722,0.479,956,0.486,1123,0.519
ZINC04235822,713,0.479,0,720,0.479,1587,0.438,1321,0.506
ZINC04093076,714,0.479,0,724,0.479,1234,0.471,1106,0.52
ZINC03874559,715,0.479,0,717,0.479,870,0.492,1152,0.517
ZINC03800681,716,0.479,0,719,0.479,860,0.492,722,0.546
ZINC02959464,718,0.479,0,716,0.479,1198,0.473,1207,0.513
ZINC02132098,719,0.479,0,714,0.479,495,0.515,736,0.545
ZINC02128936,720,0.479,0,715,0.479,891,0.491,821,0.54
ZINC01125455,721,0.479,0,721,0.479,843,0.493,868,0.537
ZINC00904734,723,0.479,0,711,0.479,878,0.491,1226,0.512
ZINC00902591,724,0.479,0,726,0.479,690,0.503,651,0.551
ZINC00720208,725,0.479,0,723,0.479,909,0.489,717,0.546
ZINC00624134,726,0.479,0,725,0.479,1642,0.426,1588,0.475
ZINC00587735,727,0.479,0,713,0.479,1048,0.481,380,0.572
ZINC04151689,728,0.478,0,738,0.478,911,0.489,782,0.542
ZINC03993078,729,0.478,0,728,0.478,910,0.489,585,0.556
ZINC03966147,730,0.478,0,733,0.478,1122,0.477,533,0.56
ZINC03914448,731,0.478,0,732,0.478,791,0.496,598,0.555
ZINC03820048,732,0.478,0,734,0.478,308,0.53,474,0.565
ZINC03801311,733,0.478,0,730,0.478,955,0.486,1401,0.499
ZINC03429542,734,0.478,0,740,0.478,312,0.53,335,0.577
ZINC03325420,735,0.478,0,731,0.478,880,0.491,1049,0.524
ZINC03022380,736,0.478,0,737,0.478,1242,0.47,1192,0.514
ZINC02130364,737,0.478,0,739,0.478,718,0.501,695,0.548
ZINC02128211,738,0.478,0,741,0.478,901,0.49,1001,0.528
ZINC01539778,739,0.478,0,735,0.478,1096,0.478,730,0.545
ZINC00970330,740,0.478,0,736,0.478,907,0.489,655,0.551
ZINC03834175,741,0.478,1,729,0.478,422,0.519,661,0.55
ZINC04222192,742,0.477,0,743,0.477,934,0.488,204,0.595
ZINC04079213,743,0.477,0,750,0.477,1184,0.474,773,0.543
ZINC03997172,744,0.477,0,745,0.477,546,0.512,600,0.555
ZINC03974842,745,0.477,0,756,0.477,612,0.507,646,0.552
ZINC03969679,746,0.477,0,742,0.477,852,0.492,925,0.532
ZINC03889306,747,0.477,0,747,0.477,1086,0.479,1078,0.522
ZINC03416473,749,0.477,0,753,0.477,881,0.491,322,0.578
ZINC02952188,750,0.477,0,751,0.477,1133,0.477,948,0.531
ZINC02560933,751,0.477,0,757,0.477,925,0.488,1075,0.522
ZINC02389477,752,0.477,0,755,0.477,442,0.518,493,0.563
ZINC02127290,754,0.477,0,752,0.477,818,0.495,535,0.56
ZINC01838798,755,0.477,0,749,0.477,872,0.492,734,0.545
ZINC01107131,756,0.477,0,744,0.477,903,0.49,686,0.548
ZINC01070385,757,0.477,0,759,0.477,579,0.509,246,0.589
ZINC00921243,758,0.477,0,746,0.477,530,0.512,517,0.561
ZINC00902581,759,0.477,0,758,0.477,374,0.523,441,0.567
ZINC03834181,760,0.477,1,754,0.477,663,0.504,580,0.556
ZINC04620315,761,0.476,0,765,0.476,896,0.49,1294,0.508
ZINC04400044,762,0.476,0,770,0.476,1073,0.479,1250,0.511
ZINC03987229,763,0.476,0,774,0.476,723,0.501,952,0.531
ZINC03933550,764,0.476,0,777,0.476,945,0.487,473,0.565
ZINC03867408,765,0.476,0,764,0.476,842,0.493,744,0.545
ZINC03828761,766,0.476,0,766,0.476,1308,0.467,1457,0.494
ZINC03800699,767,0.476,0,772,0.476,928,0.488,778,0.542
ZINC03627213,769,0.476,0,761,0.476,469,0.516,794,0.542
ZINC03600291,770,0.476,0,763,0.476,1091,0.478,1222,0.513
ZINC03517672,771,0.476,0,771,0.476,811,0.495,938,0.532
ZINC02193238,773,0.476,0,768,0.476,685,0.503,705,0.547
ZINC02160757,774,0.476,0,775,0.476,591,0.508,506,0.562
ZINC02138809,775,0.476,0,776,0.476,585,0.509,750,0.544
ZINC01854025,776,0.476,0,773,0.476,161,0.552,233,0.591
ZINC01782993,777,0.476,0,767,0.476,1223,0.471,979,0.529
ZINC03834186,778,0.476,1,778,0.476,805,0.495,672,0.549
ZINC04627709,779,0.475,0,783,0.475,1066,0.48,986,0.529
ZINC04236709,780,0.475,0,792,0.475,1303,0.467,1542,0.481
ZINC03973552,781,0.475,0,785,0.475,825,0.494,538,0.56
ZINC03914355,782,0.475,0,790,0.475,349,0.526,188,0.597
ZINC03890510,783,0.475,0,782,0.475,819,0.494,882,0.536
ZINC03637651,784,0.475,0,788,0.475,1057,0.48,1086,0.521
ZINC03446996,785,0.475,0,789,0.475,916,0.489,985,0.529
ZINC02847030,786,0.475,0,779,0.475,1218,0.471,703,0.547
ZINC02616929,787,0.475,0,784,0.475,927,0.488,673,0.549
ZINC02130850,788,0.475,0,791,0.475,789,0.496,680,0.549
ZINC01909188,789,0.475,0,780,0.475,393,0.521,308,0.58
ZINC00974317,790,0.475,0,787,0.475,779,0.497,669,0.55
ZINC00921218,791,0.475,0,786,0.475,793,0.496,909,0.534
ZINC00902651,792,0.475,0,781,0.475,541,0.512,555,0.558
ZINC04627706,793,0.474,0,815,0.474,1042,0.481,1337,0.505
ZINC04619495,794,0.474,0,798,0.474,381,0.523,582,0.556
ZINC04236675,795,0.474,0,811,0.474,1525,0.447,1390,0.501
ZINC03987619,796,0.474,0,799,0.474,324,0.528,664,0.55
ZINC03977167,797,0.474,0,802,0.474,680,0.504,726,0.545
ZINC03968466,798,0.474,0,800,0.474,922,0.488,1090,0.521
ZINC03867341,799,0.474,0,796,0.474,1460,0.454,1300,0.507
ZINC03838231,802,0.474,0,797,0.474,834,0.494,445,0.567
ZINC03533360,803,0.474,0,810,0.474,1068,0.48,1220,0.513
ZINC03422557,804,0.474,0,809,0.474,998,0.483,433,0.567
ZINC03406080,805,0.474,0,793,0.474,829,0.494,768,0.543
ZINC03352883,806,0.474,0,813,0.474,333,0.527,415,0.569
ZINC03350269,807,0.474,0,812,0.474,666,0.504,572,0.557
ZINC02693579,808,0.474,0,801,0.474,1172,0.474,1024,0.526
ZINC02161467,809,0.474,0,807,0.474,1013,0.482,766,0.543
ZINC02130564,810,0.474,0,794,0.474,215,0.542,218,0.593
ZINC01893381,811,0.474,0,806,0.474,595,0.508,553,0.558
ZINC01865097,812,0.474,0,805,0.474,1009,0.483,1093,0.521
ZINC00973903,813,0.474,0,804,0.474,1003,0.483,934,0.532
ZINC00771641,814,0.474,0,803,0.474,108,0.562,145,0.606
ZINC00576565,815,0.474,0,795,0.474,224,0.54,299,0.581
ZINC04003611,816,0.473,0,821,0.473,856,0.492,968,0.53
ZINC03992834,817,0.473,0,819,0.473,1039,0.481,1218,0.513
ZINC03891128,818,0.473,0,817,0.473,550,0.511,857,0.538
ZINC03814028,819,0.473,0,816,0.473,1000,0.483,606,0.554
ZINC03625422,820,0.473,0,820,0.473,1045,0.481,958,0.53
ZINC03606133,821,0.473,0,825,0.473,452,0.517,537,0.56
ZINC03528794,822,0.473,0,822,0.473,1061,0.48,1153,0.517
ZINC03325422,823,0.473,0,826,0.473,1028,0.481,913,0.533
ZINC02693577,824,0.473,0,818,0.473,1215,0.472,1139,0.518
ZINC02221828,825,0.473,0,824,0.473,653,0.505,522,0.561
ZINC02129135,826,0.473,0,827,0.473,788,0.496,643,0.552
ZINC01910166,827,0.473,0,823,0.473,715,0.501,980,0.529
ZINC04383607,828,0.472,0,838,0.472,808,0.495,498,0.563
ZINC04217907,829,0.472,0,840,0.472,529,0.513,501,0.563
ZINC04191513,830,0.472,0,839,0.472,871,0.492,1073,0.522
ZINC04080451,831,0.472,0,833,0.472,1150,0.476,1027,0.526
ZINC03530555,835,0.472,0,835,0.472,746,0.499,788,0.542
ZINC03447479,836,0.472,0,830,0.472,1545,0.445,1428,0.497
ZINC03444529,837,0.472,0,832,0.472,1078,0.479,552,0.558
ZINC03422554,838,0.472,0,841,0.472,1309,0.467,1108,0.52
ZINC03269986,839,0.472,0,828,0.472,190,0.547,337,0.576
ZINC02952670,840,0.472,0,829,0.472,1458,0.454,990,0.529
ZINC01095751,841,0.472,0,836,0.472,623,0.506,955,0.531
ZINC01494539,842,0.471,0,847,0.471,792,0.496,1098,0.521
ZINC04354832,843,0.471,0,855,0.471,877,0.491,928,0.532
ZINC03977164,845,0.471,0,851,0.471,1169,0.475,1040,0.525
ZINC03867781,846,0.471,0,844,0.471,976,0.485,795,0.542
ZINC03807321,847,0.471,0,842,0.471,771,0.498,829,0.54
ZINC03406204,848,0.471,0,845,0.471,990,0.484,1217,0.513
ZINC03325415,849,0.471,0,848,0.471,885,0.491,1021,0.527
ZINC02656913,850,0.471,0,852,0.471,728,0.5,840,0.539
ZINC02002151,851,0.471,0,854,0.471,826,0.494,939,0.532
ZINC01814861,852,0.471,0,843,0.471,1008,0.483,759,0.544
ZINC01489009,853,0.471,0,850,0.471,935,0.487,1012,0.527
ZINC00904732,854,0.471,0,846,0.471,999,0.483,1194,0.514
ZINC00883537,855,0.471,0,853,0.471,936,0.487,1064,0.523
ZINC04627362,856,0.47,0,861,0.47,707,0.502,475,0.565
ZINC03937550,857,0.47,0,865,0.47,1053,0.48,774,0.543
ZINC03506067,858,0.47,0,857,0.47,931,0.488,803,0.541
ZINC03346847,859,0.47,0,863,0.47,968,0.485,828,0.54
ZINC02712542,860,0.47,0,860,0.47,776,0.497,992,0.528
ZINC02658228,861,0.47,0,859,0.47,1475,0.453,1279,0.508
ZINC02450445,862,0.47,0,864,0.47,144,0.555,175,0.599
ZINC02372106,863,0.47,0,858,0.47,627,0.506,482,0.564
ZINC01092149,864,0.47,0,856,0.47,866,0.492,1116,0.519
ZINC00902604,865,0.47,0,862,0.47,886,0.491,707,0.547
ZINC04528694,866,0.469,0,869,0.469,1235,0.47,1270,0.509
ZINC04103307,867,0.469,0,871,0.469,1220,0.471,1113,0.52
ZINC03867942,868,0.469,0,876,0.469,678,0.504,649,0.551
ZINC03838485,869,0.469,0,873,0.469,755,0.499,962,0.53
ZINC03398646,871,0.469,0,881,0.469,1239,0.47,1251,0.511
ZINC03319105,872,0.469,0,875,0.469,1177,0.474,1447,0.495
ZINC02959435,873,0.469,0,878,0.469,1428,0.457,1396,0.5
ZINC02929230,874,0.469,0,868,0.469,875,0.491,692,0.548
ZINC02686580,875,0.469,0,866,0.469,1182,0.474,865,0.537
ZINC02616762,876,0.469,0,882,0.469,1056,0.48,923,0.533
ZINC02221824,877,0.469,0,867,0.469,868,0.492,801,0.541
ZINC01865099,878,0.469,0,870,0.469,773,0.498,823,0.54
ZINC01631935,879,0.469,0,883,0.469,540,0.512,645,0.552
ZINC01541286,880,0.469,0,879,0.469,1452,0.454,1432,0.496
ZINC01532447,881,0.469,0,874,0.469,1107,0.478,1054,0.524
ZINC00921220,882,0.469,0,877,0.469,739,0.5,862,0.537
ZINC00764212,883,0.469,0,872,0.469,996,0.483,1100,0.521
ZINC04529203,884,0.468,0,886,0.468,1288,0.468,574,0.557
ZINC04356242,885,0.468,0,888,0.468,677,0.504,819,0.54
ZINC04236637,886,0.468,0,897,0.468,1566,0.441,1564,0.479
ZINC03968597,887,0.468,0,894,0.468,1705,0.394,1297,0.507
ZINC03840243,889,0.468,0,887,0.468,1374,0.461,920,0.533
ZINC03818515,890,0.468,0,885,0.468,917,0.489,1187,0.515
ZINC03814069,891,0.468,0,892,0.468,849,0.493,752,0.544
ZINC03652389,892,0.468,0,898,0.468,326,0.528,430,0.568
ZINC03649937,893,0.468,0,890,0.468,694,0.502,623,0.553
ZINC03387210,894,0.468,0,896,0.468,389,0.522,971,0.53
ZINC02129008,895,0.468,0,891,0.468,952,0.486,927,0.532
ZINC00761819,896,0.468,0,895,0.468,777,0.497,737,0.545
ZINC03832371,897,0.468,1,893,0.468,549,0.511,699,0.547
ZINC03815827,898,0.468,1,884,0.468,605,0.507,817,0.54
ZINC04202240,899,0.467,0,908,0.467,752,0.499,848,0.538
ZINC04200773,900,0.467,0,900,0.467,615,0.507,789,0.542
ZINC04188463,901,0.467,0,912,0.467,702,0.502,1042,0.524
ZINC04161152,902,0.467,0,905,0.467,538,0.512,785,0.542
ZINC03990227,904,0.467,0,907,0.467,950,0.487,688,0.548
ZINC03987224,905,0.467,0,901,0.467,692,0.503,786,0.542
ZINC03972587,906,0.467,0,899,0.467,578,0.509,1190,0.515
ZINC03823293,907,0.467,0,914,0.467,784,0.497,1104,0.52
ZINC03818583,908,0.467,0,904,0.467,764,0.498,579,0.557
ZINC03449603,909,0.467,0,910,0.467,1142,0.476,1053,0.524
ZINC02967871,911,0.467,0,902,0.467,919,0.489,1095,0.521
ZINC02964627,912,0.467,0,913,0.467,345,0.526,642,0.552
ZINC02345452,913,0.467,0,909,0.467,766,0.498,409,0.569
ZINC00842632,914,0.467,0,906,0.467,383,0.523,700,0.547
ZINC04355175,915,0.466,0,917,0.466,839,0.493,826,0.54
ZINC04252070,916,0.466,0,926,0.466,1155,0.476,1137,0.518
ZINC03944241,917,0.466,0,930,0.466,822,0.494,1252,0.511
ZINC03917353,918,0.466,0,931,0.466,1293,0.467,1381,0.501
ZINC03890067,919,0.466,0,927,0.466,714,0.501,447,0.567
ZINC03819552,921,0.466,0,929,0.466,1143,0.476,1178,0.515
ZINC03582941,922,0.466,0,920,0.466,1174,0.474,1348,0.504
ZINC03533361,923,0.466,0,916,0.466,1128,0.477,1219,0.513
ZINC03427469,924,0.466,0,928,0.466,1156,0.475,1232,0.512
ZINC02970965,925,0.466,0,933,0.466,513,0.514,641,0.552
ZINC02967870,926,0.466,0,922,0.466,380,0.523,444,0.567
ZINC02604896,927,0.466,0,919,0.466,237,0.538,241,0.59
ZINC02415381,928,0.466,0,921,0.466,1190,0.473,1402,0.499
ZINC01840042,929,0.466,0,915,0.466,800,0.496,908,0.534
ZINC01551643,930,0.466,0,924,0.466,823,0.494,809,0.541
ZINC00975901,931,0.466,0,918,0.466,1358,0.463,951,0.531
ZINC00841069,932,0.466,0,925,0.466,803,0.496,949,0.531
ZINC00596915,933,0.466,0,932,0.466,762,0.498,551,0.558
ZINC03969853,934,0.465,0,949,0.465,987,0.484,841,0.539
ZINC03963793,935,0.465,0,936,0.465,861,0.492,746,0.544
ZINC03867337,937,0.465,0,945,0.465,798,0.496,959,0.53
ZINC03393907,939,0.465,0,934,0.465,1040,0.481,1161,0.516
ZINC03355027,940,0.465,0,947,0.465,1043,0.481,950,0.531
ZINC03344415,941,0.465,0,946,0.465,1036,0.481,1133,0.518
ZINC03295881,942,0.465,0,944,0.465,1569,0.441,1560,0.479
ZINC02618783,943,0.465,0,940,0.465,859,0.492,906,0.534
ZINC02234225,944,0.465,0,938,0.465,937,0.487,647,0.552
ZINC02131330,945,0.465,0,939,0.465,479,0.516,547,0.559
ZINC01911605,946,0.465,0,937,0.465,1420,0.458,1229,0.512
ZINC01889282,947,0.465,0,942,0.465,930,0.488,910,0.534
ZINC01124510,948,0.465,0,943,0.465,1127,0.477,1023,0.526
ZINC00906589,949,0.465,0,941,0.465,736,0.5,733,0.545
ZINC04619258,950,0.464,0,973,0.464,1386,0.46,1420,0.497
ZINC04375303,951,0.464,0,951,0.464,844,0.493,945,0.531
ZINC04161215,952,0.464,0,964,0.464,575,0.509,763,0.543
ZINC04161179,953,0.464,0,950,0.464,997,0.483,1117,0.519
ZINC04110642,954,0.464,0,961,0.464,1006,0.483,696,0.548
ZINC04056952,955,0.464,0,960,0.464,943,0.487,850,0.538
ZINC03972824,956,0.464,0,969,0.464,1077,0.479,1046,0.524
ZINC03941621,957,0.464,0,954,0.464,101,0.563,91,0.618
ZINC03889849,958,0.464,0,970,0.464,781,0.497,1050,0.524
ZINC03838230,959,0.464,0,952,0.464,1336,0.464,815,0.541
ZINC03821284,960,0.464,0,957,0.464,985,0.484,960,0.53
ZINC03815878,961,0.464,0,962,0.464,1357,0.463,1389,0.501
ZINC03665811,962,0.464,0,974,0.464,473,0.516,1048,0.524
ZINC03524553,963,0.464,0,953,0.464,810,0.495,631,0.553
ZINC03438219,964,0.464,0,972,0.464,542,0.512,753,0.544
ZINC03405782,965,0.464,0,956,0.464,995,0.483,1063,0.523
ZINC03405581,966,0.464,0,955,0.464,1241,0.47,1298,0.507
ZINC03344380,967,0.464,0,971,0.464,1034,0.481,963,0.53
ZINC03325417,968,0.464,0,959,0.464,983,0.484,1088,0.521
ZINC03293582,969,0.464,0,963,0.464,740,0.5,685,0.548
ZINC02561004,970,0.464,0,958,0.464,1049,0.48,1072,0.522
ZINC01549910,972,0.464,0,967,0.464,387,0.522,654,0.551
ZINC01539779,973,0.464,0,968,0.464,1026,0.481,953,0.531
ZINC00787856,974,0.464,0,965,0.464,1318,0.466,1266,0.509
ZINC00588956,975,0.464,0,966,0.464,1029,0.481,1283,0.508
ZINC04633452,976,0.463,0,987,0.463,1501,0.45,835,0.539
ZINC04388330,977,0.463,0,988,0.463,948,0.487,977,0.53
ZINC04161158,978,0.463,0,983,0.463,963,0.486,1265,0.509
ZINC04034843,979,0.463,0,984,0.463,1479,0.452,1467,0.493
ZINC04004468,980,0.463,0,985,0.463,699,0.502,1008,0.527
ZINC03927446,983,0.463,0,995,0.463,619,0.507,484,0.564
ZINC03817609,985,0.463,0,986,0.463,1108,0.478,1225,0.512
ZINC03500143,986,0.463,0,990,0.463,1111,0.478,1363,0.502
ZINC03428022,987,0.463,0,977,0.463,1093,0.478,1180,0.515
ZINC03426727,988,0.463,0,981,0.463,1139,0.476,1141,0.518
ZINC03344389,989,0.463,0,982,0.463,966,0.485,937,0.532
ZINC03304882,990,0.463,0,980,0.463,573,0.51,1056,0.523
ZINC02618782,991,0.463,0,989,0.463,1065,0.48,370,0.573
ZINC02516126,992,0.463,0,976,0.463,471,0.516,500,0.563
ZINC02221826,993,0.463,0,992,0.463,698,0.502,839,0.539
ZINC02160725,994,0.463,0,996,0.463,732,0.5,621,0.553
ZINC00973902,995,0.463,0,993,0.463,514,0.514,926,0.532
ZINC00761797,996,0.463,0,979,0.463,726,0.5,936,0.532
ZINC04388837,997,0.462,0,1007,0.462,1291,0.468,1131,0.519
ZINC03962388,998,0.462,0,1005,0.462,1252,0.47,1201,0.514
ZINC03919845,999,0.462,0,997,0.462,1191,0.473,1214,0.513
ZINC03825961,1000,0.462,0,1009,0.462,1226,0.471,918,0.533
ZINC03818495,1001,0.462,0,1001,0.462,1693,0.406,1544,0.481
ZINC03815879,1002,0.462,0,999,0.462,1620,0.431,1640,0.464
ZINC03304750,1003,0.462,0,1002,0.462,505,0.514,615,0.554
ZINC02939779,1004,0.462,0,1010,0.462,1217,0.471,1384,0.501
ZINC02939218,1005,0.462,0,1008,0.462,1089,0.479,1295,0.507
ZINC02932876,1006,0.462,0,1006,0.462,939,0.487,742,0.545
ZINC02656851,1007,0.462,0,1003,0.462,888,0.491,940,0.532
ZINC02586498,1008,0.462,0,998,0.462,993,0.484,863,0.537
ZINC02126770,1009,0.462,0,1011,0.462,660,0.505,804,0.541
ZINC01911463,1010,0.462,0,1004,0.462,1305,0.467,1354,0.503
ZINC00769609,1011,0.462,0,1000,0.462,626,0.506,575,0.557
ZINC04619441,1012,0.461,0,1028,0.461,1025,0.482,861,0.538
ZINC04112515,1013,0.461,0,1021,0.461,1353,0.463,1081,0.522
ZINC03993398,1014,0.461,0,1022,0.461,921,0.488,790,0.542
ZINC03992804,1015,0.461,0,1017,0.461,1022,0.482,898,0.534
ZINC03992722,1016,0.461,0,1012,0.461,900,0.49,1016,0.527
ZINC03989555,1017,0.461,0,1027,0.461,804,0.496,1052,0.524
ZINC03980070,1018,0.461,0,1026,0.461,897,0.49,710,0.547
ZINC03941637,1019,0.461,0,1023,0.461,958,0.486,1155,0.517
ZINC03924186,1020,0.461,0,1016,0.461,1020,0.482,1020,0.527
ZINC03855207,1021,0.461,0,1025,0.461,1565,0.442,1569,0.477
ZINC03838695,1022,0.461,0,1029,0.461,661,0.505,1118,0.519
ZINC03838486,1023,0.461,0,1032,0.461,604,0.508,813,0.541
ZINC03822342,1024,0.461,0,1015,0.461,1121,0.477,1144,0.518
ZINC03815881,1025,0.461,0,1019,0.461,1417,0.458,1451,0.494
ZINC03105220,1026,0.461,0,1020,0.461,1534,0.446,1543,0.481
ZINC02652264,1027,0.461,0,1013,0.461,1136,0.477,1140,0.518
ZINC02638491,1028,0.461,0,1024,0.461,520,0.513,534,0.56
ZINC02432904,1029,0.461,0,1031,0.461,720,0.501,995,0.528
ZINC01539714,1030,0.461,0,1030,0.461,1170,0.474,1094,0.521
ZINC00842631,1031,0.461,0,1018,0.461,518,0.513,822,0.54
ZINC00787129,1032,0.461,0,1014,0.461,1102,0.478,961,0.53
ZINC04619225,1033,0.46,0,1039,0.46,851,0.493,931,0.532
ZINC04619174,1034,0.46,0,1037,0.46,836,0.494,1037,0.525
ZINC04235607,1035,0.46,0,1047,0.46,1494,0.45,1047,0.524
ZINC04210217,1036,0.46,0,1046,0.46,1342,0.464,757,0.544
ZINC04101600,1037,0.46,0,1043,0.46,918,0.489,1083,0.522
ZINC03980797,1040,0.46,0,1041,0.46,1607,0.434,1626,0.467
ZINC03964139,1041,0.46,0,1050,0.46,1196,0.473,1096,0.521
ZINC03867358,1042,0.46,0,1044,0.46,879,0.491,1033,0.525
ZINC03858809,1043,0.46,0,1035,0.46,1254,0.47,1312,0.506
ZINC03838808,1044,0.46,0,1036,0.46,1079,0.479,1320,0.506
ZINC03818071,1045,0.46,0,1033,0.46,1021,0.482,1060,0.523
ZINC03801225,1046,0.46,0,1051,0.46,706,0.502,611,0.554
ZINC03368360,1048,0.46,0,1048,0.46,1165,0.475,1359,0.503
ZINC02700313,1049,0.46,0,1040,0.46,285,0.532,324,0.578
ZINC02250704,1050,0.46,0,1034,0.46,1072,0.479,1017,0.527
ZINC02003637,1051,0.46,0,1053,0.46,1491,0.45,1041,0.525
ZINC01483810,1052,0.46,0,1049,0.46,1076,0.479,921,0.533
ZINC00761963,1053,0.46,0,1052,0.46,780,0.497,1062,0.523
ZINC04112533,1054,0.459,0,1072,0.459,1268,0.469,1134,0.518
ZINC04111841,1055,0.459,0,1067,0.459,1325,0.465,1200,0.514
ZINC03892228,1056,0.459,0,1061,0.459,1084,0.479,944,0.531
ZINC03891142,1057,0.459,0,1063,0.459,753,0.499,877,0.537
ZINC03842254,1059,0.459,0,1059,0.459,1085,0.479,943,0.532
ZINC03640563,1061,0.459,0,1054,0.459,754,0.499,878,0.537
ZINC03438910,1062,0.459,0,1062,0.459,882,0.491,889,0.535
ZINC03426733,1063,0.459,0,1057,0.459,1278,0.468,1322,0.506
ZINC03367641,1064,0.459,0,1066,0.459,1140,0.476,1462,0.493
ZINC03294945,1065,0.459,0,1065,0.459,841,0.493,770,0.543
ZINC02964626,1066,0.459,0,1071,0.459,492,0.515,797,0.542
ZINC02693697,1067,0.459,0,1064,0.459,1044,0.481,886,0.535
ZINC02291655,1068,0.459,0,1060,0.459,1183,0.474,1263,0.51
ZINC02134297,1069,0.459,0,1058,0.459,946,0.487,702,0.547
ZINC01821508,1070,0.459,0,1055,0.459,1385,0.46,1246,0.511
ZINC01750301,1071,0.459,0,1056,0.459,1265,0.469,1255,0.51
ZINC01654872,1072,0.459,0,1068,0.459,602,0.508,589,0.556
ZINC04619462,1073,0.458,0,1079,0.458,1070,0.479,1349,0.504
ZINC04373695,1074,0.458,0,1087,0.458,1286,0.468,1455,0.494
ZINC04359876,1075,0.458,0,1085,0.458,222,0.541,277,0.584
ZINC04001743,1076,0.458,0,1076,0.458,1364,0.462,1551,0.48
ZINC03966572,1077,0.458,0,1083,0.458,1088,0.479,824,0.54
ZINC03891138,1078,0.458,0,1084,0.458,1082,0.479,1138,0.518
ZINC03867359,1079,0.458,0,1078,0.458,1098,0.478,1282,0.508
ZINC03571166,1080,0.458,0,1075,0.458,1018,0.482,870,0.537
ZINC03530599,1081,0.458,0,1089,0.458,1425,0.457,1418,0.497
ZINC03440357,1082,0.458,0,1086,0.458,1687,0.412,1591,0.474
ZINC03426730,1083,0.458,0,1088,0.458,1277,0.468,1257,0.51
ZINC03062661,1084,0.458,0,1077,0.458,1120,0.477,1034,0.525
ZINC02965443,1085,0.458,0,1074,0.458,300,0.531,653,0.551
ZINC02651721,1086,0.458,0,1082,0.458,1432,0.456,1502,0.488
ZINC02132535,1087,0.458,0,1073,0.458,1113,0.478,919,0.533
ZINC01893383,1088,0.458,0,1081,0.458,1052,0.48,780,0.542
ZINC01490116,1089,0.458,0,1080,0.458,1231,0.471,1316,0.506
ZINC04465016,1090,0.457,0,1103,0.457,350,0.526,420,0.568
ZINC03993149,1091,0.457,0,1101,0.457,874,0.491,554,0.558
ZINC03987020,1095,0.457,0,1090,0.457,1017,0.482,1076,0.522
ZINC03961330,1096,0.457,0,1096,0.457,1504,0.449,1405,0.499
ZINC03932357,1097,0.457,0,1091,0.457,1438,0.456,1211,0.513
ZINC03890485,1098,0.457,0,1093,0.457,351,0.526,421,0.568
ZINC03870517,1099,0.457,0,1100,0.457,890,0.491,1132,0.518
ZINC03854116,1100,0.457,0,1107,0.457,1071,0.479,1154,0.517
ZINC03840084,1101,0.457,0,1097,0.457,1132,0.477,984,0.529
ZINC03828686,1102,0.457,0,1104,0.457,973,0.485,141,0.606
ZINC03783527,1103,0.457,0,1111,0.457,1380,0.46,1107,0.52
ZINC03426735,1104,0.457,0,1092,0.457,1270,0.469,1290,0.508
ZINC03329295,1105,0.457,0,1110,0.457,837,0.493,716,0.546
ZINC03289557,1106,0.457,0,1098,0.457,1378,0.461,1537,0.482
ZINC03283735,1107,0.457,0,1099,0.457,1272,0.469,1399,0.5
ZINC02952339,1108,0.457,0,1102,0.457,1194,0.473,604,0.555
ZINC02618849,1109,0.457,0,1106,0.457,1012,0.482,1038,0.525
ZINC02345449,1110,0.457,0,1094,0.457,778,0.497,632,0.553
ZINC02205131,1111,0.457,0,1113,0.457,1383,0.46,1425,0.497
ZINC00837459,1112,0.457,0,1105,0.457,683,0.504,873,0.537
ZINC00794278,1113,0.457,0,1095,0.457,1474,0.453,1639,0.464
ZINC00602703,1114,0.457,0,1114,0.457,920,0.489,1193,0.514
ZINC04034371,1115,0.456,0,1129,0.456,1067,0.48,808,0.541
ZINC03987013,1116,0.456,0,1127,0.456,1090,0.478,1197,0.514
ZINC03954689,1117,0.456,0,1123,0.456,961,0.486,428,0.568
ZINC03944062,1118,0.456,0,1128,0.456,1007,0.483,1216,0.513
ZINC03919661,1119,0.456,0,1122,0.456,855,0.492,735,0.545
ZINC03918518,1120,0.456,0,1124,0.456,947,0.487,417,0.569
ZINC03851510,1121,0.456,0,1120,0.456,1147,0.476,1019,0.527
ZINC03823295,1122,0.456,0,1119,0.456,1159,0.475,1148,0.517
ZINC03804979,1123,0.456,0,1126,0.456,1114,0.478,635,0.552
ZINC03506034,1124,0.456,0,1121,0.456,1285,0.468,1203,0.513
ZINC03401801,1125,0.456,0,1117,0.456,750,0.499,723,0.546
ZINC03304761,1126,0.456,0,1130,0.456,1269,0.469,1026,0.526
ZINC01728479,1128,0.456,0,1118,0.456,840,0.493,1036,0.525
ZINC01534350,1129,0.456,0,1116,0.456,1302,0.467,1326,0.505
ZINC00599303,1130,0.456,0,1115,0.456,1352,0.463,1368,0.502
ZINC04522011,1131,0.455,0,1135,0.455,1251,0.47,1149,0.517
ZINC04334201,1132,0.455,0,1152,0.455,1145,0.476,893,0.535
ZINC03955338,1134,0.455,0,1140,0.455,1699,0.405,1634,0.465
ZINC03948480,1135,0.455,0,1151,0.455,1087,0.479,1213,0.513
ZINC03891140,1136,0.455,0,1139,0.455,684,0.504,814,0.541
ZINC03817868,1138,0.455,0,1131,0.455,1202,0.472,1313,0.506
ZINC03812795,1139,0.455,0,1142,0.455,980,0.484,1031,0.525
ZINC03808675,1140,0.455,0,1137,0.455,1060,0.48,1191,0.514
ZINC03577116,1141,0.455,0,1138,0.455,1298,0.467,1085,0.521
ZINC03446683,1142,0.455,0,1148,0.455,1216,0.472,1299,0.507
ZINC03416471,1143,0.455,0,1153,0.455,1100,0.478,845,0.538
ZINC03325755,1144,0.455,0,1134,0.455,1461,0.454,1559,0.479
ZINC03270076,1145,0.455,0,1133,0.455,1497,0.45,1397,0.5
ZINC02646948,1146,0.455,0,1132,0.455,1229,0.471,1386,0.501
ZINC01909869,1147,0.455,0,1145,0.455,1213,0.472,842,0.539
ZINC01886806,1148,0.455,0,1146,0.455,640,0.506,846,0.538
ZINC01831170,1149,0.455,0,1136,0.455,1274,0.469,1173,0.516
ZINC00921219,1150,0.455,0,1150,0.455,747,0.499,915,0.533
ZINC00902544,1151,0.455,0,1141,0.455,1523,0.447,1523,0.484
ZINC00814142,1152,0.455,0,1143,0.455,1105,0.478,1188,0.515
ZINC00599269,1153,0.455,0,1149,0.455,1598,0.436,1595,0.473
ZINC04522026,1154,0.454,0,1161,0.454,1175,0.474,666,0.55
ZINC03968719,1155,0.454,0,1175,0.454,1166,0.475,1448,0.495
ZINC03867080,1157,0.454,0,1168,0.454,1676,0.415,1648,0.462
ZINC03839024,1158,0.454,0,1176,0.454,1499,0.45,1150,0.517
ZINC03838775,1159,0.454,0,1172,0.454,1054,0.48,792,0.542
ZINC03838487,1160,0.454,0,1169,0.454,984,0.484,1227,0.512
ZINC03577404,1161,0.454,0,1165,0.454,1574,0.44,1493,0.489
ZINC03408915,1162,0.454,0,1173,0.454,1465,0.453,1620,0.469
ZINC03405586,1163,0.454,0,1174,0.454,1206,0.472,1234,0.512
ZINC03336530,1164,0.454,0,1163,0.454,1205,0.472,1035,0.525
ZINC02928668,1165,0.454,0,1154,0.454,1248,0.47,1366,0.502
ZINC02656475,1166,0.454,0,1162,0.454,941,0.487,916,0.533
ZINC02654203,1167,0.454,0,1166,0.454,1416,0.458,1534,0.482
ZINC02295206,1168,0.454,0,1157,0.454,1429,0.457,1421,0.497
ZINC02221823,1169,0.454,0,1159,0.454,857,0.492,718,0.546
ZINC02002121,1170,0.454,0,1171,0.454,786,0.496,711,0.547
ZINC01911468,1171,0.454,0,1158,0.454,1395,0.459,1511,0.486
ZINC01838799,1172,0.454,0,1164,0.454,894,0.49,806,0.541
ZINC01534345,1173,0.454,0,1170,0.454,1382,0.46,1431,0.496
ZINC01446412,1174,0.454,0,1160,0.454,695,0.502,911,0.534
ZINC00720212,1175,0.454,0,1167,0.454,594,0.508,720,0.546
ZINC00579071,1176,0.454,0,1155,0.454,1253,0.47,1264,0.509
ZINC04161186,1177,0.453,0,1178,0.453,1019,0.482,1242,0.511
ZINC04034423,1178,0.453,0,1183,0.453,1356,0.463,1454,0.494
ZINC03972100,1179,0.453,0,1184,0.453,1415,0.458,1302,0.507
ZINC03918550,1180,0.453,0,1185,0.453,758,0.499,371,0.573
ZINC03857086,1181,0.453,0,1179,0.453,1188,0.473,1122,0.519
ZINC03820640,1182,0.453,0,1177,0.453,853,0.492,1103,0.52
ZINC03330151,1183,0.453,0,1180,0.453,1081,0.479,932,0.532
ZINC02645279,1185,0.453,0,1187,0.453,1332,0.465,1338,0.505
ZINC00902540,1186,0.453,0,1186,0.453,1471,0.453,1465,0.493
ZINC00839637,1187,0.453,0,1181,0.453,1083,0.479,1249,0.511
ZINC00718798,1188,0.453,0,1188,0.453,658,0.505,590,0.556
ZINC04236932,1189,0.452,0,1193,0.452,1542,0.445,1317,0.506
ZINC04142153,1190,0.452,0,1202,0.452,1119,0.477,1124,0.519
ZINC04016693,1191,0.452,0,1206,0.452,1109,0.478,1434,0.496
ZINC03969935,1192,0.452,0,1198,0.452,1604,0.434,1058,0.523
ZINC03915830,1193,0.452,0,1195,0.452,1407,0.459,1380,0.502
ZINC03857608,1194,0.452,0,1205,0.452,1281,0.468,1223,0.513
ZINC03857535,1195,0.452,0,1189,0.452,1146,0.476,1065,0.523
ZINC03428233,1196,0.452,0,1204,0.452,914,0.489,1129,0.519
ZINC03409168,1197,0.452,0,1196,0.452,1535,0.446,1419,0.497
ZINC03406335,1198,0.452,0,1197,0.452,1394,0.459,1563,0.479
ZINC03348385,1199,0.452,0,1201,0.452,769,0.498,787,0.542
ZINC03292185,1200,0.452,0,1199,0.452,1476,0.453,1594,0.473
ZINC02646254,1201,0.452,0,1192,0.452,1092,0.478,1275,0.509
ZINC02006373,1202,0.452,0,1194,0.452,1273,0.469,751,0.544
ZINC01911466,1203,0.452,0,1191,0.452,1320,0.465,1239,0.511
ZINC01109894,1204,0.452,0,1190,0.452,749,0.499,1043,0.524
ZINC00902583,1205,0.452,0,1200,0.452,848,0.493,887,0.535
ZINC00767140,1206,0.452,0,1203,0.452,262,0.535,315,0.579
ZINC03993077,1207,0.451,0,1212,0.451,679,0.504,890,0.535
ZINC03992745,1208,0.451,0,1217,0.451,1203,0.472,1171,0.516
ZINC03980272,1209,0.451,0,1216,0.451,1524,0.447,1147,0.517
ZINC03822958,1210,0.451,0,1221,0.451,1468,0.453,1336,0.505
ZINC03801144,1211,0.451,0,1208,0.451,1375,0.461,1261,0.51
ZINC03784889,1212,0.451,0,1209,0.451,1124,0.477,1311,0.506
ZINC03637109,1213,0.451,0,1223,0.451,940,0.487,1198,0.514
ZINC03571172,1214,0.451,0,1218,0.451,1400,0.459,1471,0.492
ZINC03530553,1215,0.451,0,1224,0.451,1210,0.472,1202,0.513
ZINC03438914,1216,0.451,0,1210,0.451,1080,0.479,1185,0.515
ZINC03428219,1217,0.451,0,1219,0.451,977,0.485,1199,0.514
ZINC03418288,1218,0.451,0,1211,0.451,1322,0.465,1305,0.507
ZINC03327169,1219,0.451,0,1207,0.451,713,0.501,997,0.528
ZINC03323121,1220,0.451,0,1222,0.451,902,0.49,728,0.545
ZINC02366906,1221,0.451,0,1220,0.451,1046,0.481,1426,0.497
ZINC01778862,1222,0.451,0,1214,0.451,1346,0.464,1128,0.519
ZINC00787131,1223,0.451,0,1213,0.451,1134,0.477,1092,0.521
ZINC00598345,1224,0.451,0,1215,0.451,1618,0.432,1524,0.484
ZINC04522150,1225,0.45,0,1226,0.45,1552,0.444,1593,0.474
ZINC03991702,1226,0.45,0,1236,0.45,1075,0.479,738,0.545
ZINC03980156,1227,0.45,0,1230,0.45,576,0.509,818,0.54
ZINC03939269,1229,0.45,0,1235,0.45,1324,0.465,1280,0.508
ZINC03817648,1231,0.45,0,1233,0.45,1571,0.441,1237,0.512
ZINC03817490,1232,0.45,0,1231,0.45,725,0.501,1210,0.513
ZINC03522036,1233,0.45,0,1232,0.45,1204,0.472,1329,0.505
ZINC03500184,1234,0.45,0,1238,0.45,1427,0.457,1424,0.497
ZINC03439320,1235,0.45,0,1240,0.45,1041,0.481,1400,0.499
ZINC03415531,1236,0.45,0,1225,0.45,908,0.489,1244,0.511
ZINC02370986,1237,0.45,0,1228,0.45,1148,0.476,1080,0.522
ZINC01826420,1238,0.45,0,1237,0.45,1485,0.451,1452,0.494
ZINC01764494,1239,0.45,0,1239,0.45,1411,0.458,1000,0.528
ZINC01541278,1240,0.45,0,1227,0.45,864,0.492,133,0.608
ZINC01124508,1241,0.45,0,1229,0.45,1246,0.47,1170,0.516
ZINC03971723,1242,0.449,0,1248,0.449,652,0.505,888,0.535
ZINC03918633,1243,0.449,0,1251,0.449,1431,0.457,1365,0.502
ZINC03840123,1244,0.449,0,1245,0.449,1099,0.478,867,0.537
ZINC03796166,1245,0.449,0,1247,0.449,1340,0.464,1566,0.478
ZINC03436650,1246,0.449,0,1249,0.449,1097,0.478,1177,0.515
ZINC03405873,1247,0.449,0,1242,0.449,957,0.486,833,0.539
ZINC03341362,1248,0.449,0,1250,0.449,763,0.498,871,0.537
ZINC01248556,1249,0.449,0,1246,0.449,719,0.501,901,0.534
ZINC00787133,1250,0.449,0,1244,0.449,982,0.484,1071,0.522
ZINC00624132,1251,0.449,0,1243,0.449,1348,0.463,1541,0.482
ZINC04619469,1252,0.448,0,1270,0.448,1230,0.471,1376,0.502
ZINC03963792,1254,0.448,0,1257,0.448,838,0.493,810,0.541
ZINC03857491,1255,0.448,0,1265,0.448,1247,0.47,1241,0.511
ZINC03840121,1256,0.448,0,1266,0.448,971,0.485,1022,0.526
ZINC03820514,1257,0.448,0,1269,0.448,991,0.484,1260,0.51
ZINC03818549,1258,0.448,0,1268,0.448,1532,0.446,1253,0.51
ZINC03812787,1259,0.448,0,1262,0.448,1016,0.482,1010,0.527
ZINC03596757,1260,0.448,0,1258,0.448,1387,0.46,660,0.551
ZINC03563354,1261,0.448,0,1261,0.448,1211,0.472,1436,0.496
ZINC03558424,1262,0.448,0,1256,0.448,1023,0.482,947,0.531
ZINC03531210,1263,0.448,0,1259,0.448,1463,0.454,1165,0.516
ZINC03511243,1264,0.448,0,1255,0.448,1030,0.481,1018,0.527
ZINC03406200,1265,0.448,0,1260,0.448,1299,0.467,1013,0.527
ZINC03361773,1266,0.448,0,1254,0.448,1402,0.459,1548,0.481
ZINC03244776,1267,0.448,0,1264,0.448,1337,0.464,1303,0.507
ZINC02656850,1268,0.448,0,1271,0.448,1376,0.461,1449,0.495
ZINC02296450,1269,0.448,0,1253,0.448,1178,0.474,1375,0.502
ZINC01910168,1270,0.448,0,1252,0.448,1224,0.471,1285,0.508
ZINC01539449,1271,0.448,0,1267,0.448,1675,0.415,1635,0.465
ZINC04469620,1272,0.447,0,1277,0.447,1157,0.475,1183,0.515
ZINC04464507,1273,0.447,0,1276,0.447,1051,0.48,1079,0.522
ZINC04013834,1274,0.447,0,1275,0.447,1250,0.47,1444,0.495
ZINC03857957,1275,0.447,0,1281,0.447,1158,0.475,1184,0.515
ZINC03814030,1277,0.447,0,1274,0.447,978,0.485,805,0.541
ZINC03640553,1278,0.447,0,1284,0.447,847,0.493,1003,0.528
ZINC03506031,1279,0.447,0,1283,0.447,1287,0.468,1195,0.514
ZINC03493448,1280,0.447,0,1278,0.447,1347,0.463,1287,0.508
ZINC03356245,1281,0.447,0,1287,0.447,850,0.493,1111,0.52
ZINC03022164,1282,0.447,0,1273,0.447,835,0.494,964,0.53
ZINC01547519,1283,0.447,0,1279,0.447,1450,0.455,1346,0.504
ZINC00818706,1284,0.447,0,1282,0.447,1271,0.469,1167,0.516
ZINC00787127,1286,0.447,0,1272,0.447,1232,0.471,1361,0.503
ZINC00762664,1287,0.447,0,1280,0.447,975,0.485,1158,0.517
ZINC04619443,1288,0.446,0,1297,0.446,1212,0.472,1409,0.498
ZINC04522148,1289,0.446,0,1292,0.446,1686,0.413,1662,0.455
ZINC04464474,1290,0.446,0,1291,0.446,1275,0.469,1271,0.509
ZINC04289438,1291,0.446,0,1296,0.446,1135,0.477,1510,0.486
ZINC03857579,1293,0.446,0,1289,0.446,1276,0.469,1272,0.509
ZINC03428216,1294,0.446,0,1294,0.446,924,0.488,1102,0.52
ZINC02948645,1295,0.446,0,1288,0.446,1262,0.469,769,0.543
ZINC02653224,1296,0.446,0,1295,0.446,1550,0.444,1512,0.486
ZINC02229083,1297,0.446,0,1293,0.446,938,0.487,881,0.536
ZINC02195813,1298,0.446,0,1290,0.446,1024,0.482,1125,0.519
ZINC01534672,1299,0.446,0,1302,0.446,1426,0.457,1483,0.49
ZINC00959305,1300,0.446,0,1300,0.446,1514,0.448,1408,0.498
ZINC00921242,1301,0.446,0,1298,0.446,635,0.506,767,0.543
ZINC00602904,1302,0.446,0,1301,0.446,1160,0.475,1109,0.52
ZINC02689023,1304,0.445,0,1306,0.445,1505,0.449,1613,0.47
ZINC02651203,1305,0.445,0,1309,0.445,1379,0.46,1339,0.505
ZINC01909903,1306,0.445,0,1307,0.445,1519,0.447,1484,0.49
ZINC01033522,1307,0.445,0,1308,0.445,1496,0.45,1460,0.493
ZINC00902597,1308,0.445,0,1304,0.445,598,0.508,536,0.56
ZINC00587752,1309,0.445,0,1303,0.445,1238,0.47,855,0.538
ZINC04619211,1310,0.444,0,1310,0.444,1027,0.481,1119,0.519
ZINC04112540,1311,0.444,0,1313,0.444,1307,0.467,1110,0.52
ZINC03970380,1312,0.444,0,1321,0.444,1164,0.475,1174,0.515
ZINC03944065,1313,0.444,0,1319,0.444,1161,0.475,1274,0.509
ZINC03889343,1315,0.444,0,1324,0.444,1351,0.463,1487,0.49
ZINC03820342,1316,0.444,0,1323,0.444,1441,0.456,1209,0.513
ZINC03802915,1317,0.444,0,1314,0.444,1549,0.444,1518,0.485
ZINC03415536,1318,0.444,0,1322,0.444,876,0.491,1160,0.516
ZINC03368208,1319,0.444,0,1315,0.444,933,0.488,904,0.534
ZINC03355253,1320,0.444,0,1317,0.444,1282,0.468,1077,0.522
ZINC02124510,1321,0.444,0,1318,0.444,1436,0.456,1514,0.486
ZINC02065595,1322,0.444,0,1311,0.444,1371,0.461,1596,0.473
ZINC01911614,1323,0.444,0,1320,0.444,1316,0.466,1382,0.501
ZINC01536785,1324,0.444,0,1312,0.444,1350,0.463,1492,0.489
ZINC01076218,1325,0.444,0,1316,0.444,1369,0.461,1115,0.52
ZINC04522097,1326,0.443,0,1329,0.443,1547,0.444,1603,0.471
ZINC04424329,1327,0.443,0,1339,0.443,1167,0.475,1070,0.522
ZINC04287479,1328,0.443,0,1330,0.443,1130,0.477,1262,0.51
ZINC04128141,1329,0.443,0,1327,0.443,1310,0.467,1374,0.502
ZINC03972102,1331,0.443,0,1342,0.443,1263,0.469,1325,0.506
ZINC03867081,1332,0.443,0,1341,0.443,1627,0.429,1556,0.479
ZINC03594497,1333,0.443,0,1328,0.443,954,0.486,1135,0.518
ZINC03510040,1334,0.443,0,1333,0.443,1323,0.465,1172,0.516
ZINC03421500,1335,0.443,0,1334,0.443,1294,0.467,1506,0.487
ZINC03367645,1336,0.443,0,1326,0.443,1189,0.473,1089,0.521
ZINC02877078,1337,0.443,0,1336,0.443,1444,0.455,1552,0.48
ZINC02656478,1338,0.443,0,1335,0.443,1328,0.465,1307,0.507
ZINC02379382,1339,0.443,0,1332,0.443,989,0.484,907,0.534
ZINC02297647,1340,0.443,0,1337,0.443,1414,0.458,1529,0.483
ZINC00921217,1341,0.443,0,1340,0.443,862,0.492,1055,0.523
ZINC00662544,1342,0.443,0,1331,0.443,1423,0.457,1486,0.49
ZINC04161213,1343,0.442,0,1345,0.442,1207,0.472,1289,0.508
ZINC03987230,1345,0.442,0,1350,0.442,1171,0.474,897,0.534
ZINC03923917,1346,0.442,0,1351,0.442,1595,0.436,1235,0.512
ZINC03919972,1347,0.442,0,1353,0.442,1123,0.477,1288,0.508
ZINC03867662,1348,0.442,0,1344,0.442,1115,0.477,1127,0.519
ZINC03522035,1349,0.442,0,1354,0.442,1245,0.47,1130,0.519
ZINC03344411,1350,0.442,0,1355,0.442,1338,0.464,1269,0.509
ZINC03297449,1351,0.442,0,1349,0.442,1300,0.467,1256,0.51
ZINC02952022,1352,0.442,0,1347,0.442,1345,0.464,1308,0.507
ZINC02656321,1353,0.442,0,1352,0.442,1236,0.47,1215,0.513
ZINC02650458,1354,0.442,0,1356,0.442,892,0.491,1045,0.524
ZINC00588653,1355,0.442,0,1348,0.442,1256,0.469,1388,0.501
ZINC00588652,1357,0.442,0,1346,0.442,1219,0.471,1163,0.516
ZINC04287505,1358,0.441,0,1371,0.441,1103,0.478,1245,0.511
ZINC03976197,1359,0.441,0,1365,0.441,1403,0.459,1340,0.505
ZINC03831757,1360,0.441,0,1366,0.441,1284,0.468,1061,0.523
ZINC03825315,1361,0.441,0,1368,0.441,913,0.489,1169,0.516
ZINC03659281,1362,0.441,0,1360,0.441,1575,0.44,1589,0.474
ZINC03427467,1363,0.441,0,1362,0.441,1481,0.452,1503,0.487
ZINC03408530,1364,0.441,0,1377,0.441,1173,0.474,1352,0.504
ZINC03367652,1365,0.441,0,1376,0.441,1446,0.455,1443,0.495
ZINC03271184,1366,0.441,0,1364,0.441,1059,0.48,1186,0.515
ZINC02946022,1367,0.441,0,1374,0.441,831,0.494,807,0.541
ZINC02929148,1368,0.441,0,1375,0.441,756,0.499,922,0.533
ZINC02712483,1369,0.441,0,1359,0.441,1129,0.477,1091,0.521
ZINC02689021,1370,0.441,0,1373,0.441,1548,0.444,1592,0.474
ZINC02612839,1371,0.441,0,1358,0.441,1335,0.464,1301,0.507
ZINC02578005,1372,0.441,0,1372,0.441,1393,0.46,1281,0.508
ZINC02245596,1373,0.441,0,1370,0.441,708,0.502,624,0.553
ZINC02212825,1374,0.441,0,1361,0.441,1185,0.474,1087,0.521
ZINC01483726,1375,0.441,0,1367,0.441,1562,0.442,1296,0.507
ZINC01341242,1376,0.441,0,1369,0.441,1493,0.45,1268,0.509
ZINC00779494,1377,0.441,0,1363,0.441,1384,0.46,1231,0.512
ZINC04619155,1378,0.44,0,1383,0.44,1031,0.481,1112,0.52
ZINC03971724,1380,0.44,0,1378,0.44,1329,0.465,1318,0.506
ZINC03864337,1382,0.44,0,1380,0.44,912,0.489,896,0.535
ZINC03342650,1383,0.44,0,1384,0.44,1507,0.449,1580,0.476
ZINC03304729,1384,0.44,0,1379,0.44,1168,0.475,1097,0.521
ZINC03228417,1385,0.44,0,1388,0.44,1361,0.462,1476,0.491
ZINC01109283,1386,0.44,0,1382,0.44,1397,0.459,982,0.529
ZINC00794277,1387,0.44,0,1387,0.44,1433,0.456,1567,0.478
ZINC00719055,1388,0.44,0,1385,0.44,633,0.506,771,0.543
ZINC04092008,1389,0.439,0,1400,0.439,883,0.491,1175,0.515
ZINC03937878,1391,0.439,0,1391,0.439,1630,0.428,1507,0.486
ZINC03936343,1392,0.439,0,1398,0.439,1613,0.433,1568,0.478
ZINC03816533,1394,0.439,0,1397,0.439,1445,0.455,1499,0.488
ZINC03480987,1395,0.439,0,1390,0.439,1258,0.469,1327,0.505
ZINC03429432,1396,0.439,0,1389,0.439,1317,0.466,1466,0.493
ZINC03405968,1397,0.439,0,1403,0.439,1396,0.459,1332,0.505
ZINC03271207,1398,0.439,0,1394,0.439,1214,0.472,1277,0.508
ZINC02645276,1399,0.439,0,1396,0.439,1503,0.449,1414,0.498
ZINC02297135,1400,0.439,0,1392,0.439,1399,0.459,1343,0.504
ZINC01840065,1401,0.439,0,1401,0.439,809,0.495,510,0.562
ZINC00718797,1402,0.439,0,1399,0.439,688,0.503,820,0.54
ZINC00601247,1403,0.439,0,1393,0.439,1670,0.419,1519,0.485
ZINC04464527,1404,0.438,0,1407,0.438,1180,0.474,1205,0.513
ZINC04464501,1405,0.438,0,1405,0.438,1409,0.458,1341,0.505
ZINC04354140,1406,0.438,0,1412,0.438,1116,0.477,965,0.53
ZINC04221337,1407,0.438,0,1406,0.438,1406,0.459,1438,0.495
ZINC03857694,1408,0.438,0,1411,0.438,1181,0.474,1206,0.513
ZINC03857636,1409,0.438,0,1417,0.438,1410,0.458,1342,0.505
ZINC03672559,1410,0.438,0,1404,0.438,1311,0.467,970,0.53
ZINC03522031,1411,0.438,0,1409,0.438,1373,0.461,1136,0.518
ZINC03346129,1412,0.438,0,1410,0.438,1536,0.446,1575,0.477
ZINC03270022,1413,0.438,0,1414,0.438,1038,0.481,988,0.529
ZINC02970984,1414,0.438,0,1415,0.438,949,0.487,856,0.538
ZINC02300758,1417,0.438,0,1413,0.438,1600,0.436,1627,0.467
ZINC04464188,1418,0.437,0,1422,0.437,1227,0.471,1350,0.504
ZINC04221592,1419,0.437,0,1418,0.437,1632,0.427,1477,0.491
ZINC03992723,1421,0.437,0,1435,0.437,1292,0.468,991,0.528
ZINC03966737,1422,0.437,0,1430,0.437,1237,0.47,994,0.528
ZINC03944210,1423,0.437,0,1425,0.437,1037,0.481,1030,0.525
ZINC03936136,1424,0.437,0,1436,0.437,1585,0.439,1612,0.47
ZINC03857181,1425,0.437,0,1421,0.437,1228,0.471,1351,0.504
ZINC03821396,1426,0.437,0,1423,0.437,1118,0.477,1292,0.508
ZINC03818622,1427,0.437,0,1428,0.437,1638,0.426,1632,0.465
ZINC03521772,1428,0.437,0,1424,0.437,1685,0.413,1696,0.438
ZINC03521771,1429,0.437,0,1419,0.437,1539,0.445,1679,0.448
ZINC03444046,1430,0.437,0,1432,0.437,1482,0.452,1587,0.475
ZINC03338441,1431,0.437,0,1426,0.437,1437,0.456,1500,0.488
ZINC03274648,1432,0.437,0,1420,0.437,1104,0.478,1126,0.519
ZINC02688635,1433,0.437,0,1431,0.437,1527,0.447,1491,0.489
ZINC01549329,1434,0.437,0,1434,0.437,1389,0.46,1347,0.504
ZINC01534671,1435,0.437,0,1429,0.437,1637,0.426,1545,0.481
ZINC00902542,1436,0.437,0,1427,0.437,1424,0.457,1228,0.512
ZINC04464516,1437,0.436,0,1440,0.436,1326,0.465,1473,0.492
ZINC04388344,1438,0.436,0,1437,0.436,491,0.515,397,0.57
ZINC03992818,1439,0.436,0,1438,0.436,1327,0.465,1474,0.492
ZINC03930259,1440,0.436,0,1439,0.436,1319,0.466,999,0.528
ZINC03449087,1441,0.436,0,1442,0.436,1138,0.477,1293,0.508
ZINC01909882,1442,0.436,0,1441,0.436,1558,0.443,1490,0.489
ZINC04529429,1443,0.435,0,1454,0.435,1398,0.459,1387,0.501
ZINC04257394,1444,0.435,0,1452,0.435,1363,0.462,1435,0.496
ZINC04030420,1445,0.435,0,1456,0.435,1264,0.469,1373,0.502
ZINC03820759,1446,0.435,0,1453,0.435,394,0.521,583,0.556
ZINC03575230,1449,0.435,0,1450,0.435,1442,0.456,1437,0.495
ZINC03529023,1450,0.435,0,1443,0.435,1440,0.456,1522,0.484
ZINC03322733,1451,0.435,0,1449,0.435,1195,0.473,1254,0.51
ZINC03315248,1452,0.435,0,1447,0.435,1112,0.478,1378,0.502
ZINC02238941,1453,0.435,0,1446,0.435,1255,0.469,1331,0.505
ZINC01894248,1454,0.435,0,1444,0.435,1459,0.454,1142,0.518
ZINC01740673,1455,0.435,0,1445,0.435,1339,0.464,1364,0.502
ZINC00783922,1456,0.435,0,1455,0.435,1655,0.422,1608,0.471
ZINC03834179,1457,0.435,1,1457,0.435,1421,0.457,1310,0.506
ZINC04176624,1458,0.434,0,1465,0.434,1261,0.469,1291,0.508
ZINC03808436,1460,0.434,0,1466,0.434,1334,0.464,1057,0.523
ZINC03493446,1461,0.434,0,1460,0.434,1500,0.45,1501,0.488
ZINC03391415,1462,0.434,0,1464,0.434,1370,0.461,1440,0.495
ZINC02623435,1463,0.434,0,1458,0.434,1418,0.458,1328,0.505
ZINC01117954,1464,0.434,0,1461,0.434,1563,0.442,1578,0.476
ZINC01076216,1465,0.434,0,1462,0.434,1430,0.457,1385,0.501
ZINC03975101,1467,0.433,0,1473,0.433,1597,0.436,1647,0.462
ZINC03974622,1468,0.433,0,1475,0.433,1592,0.438,1590,0.474
ZINC03933659,1469,0.433,0,1481,0.433,1058,0.48,1530,0.483
ZINC03820584,1470,0.433,0,1478,0.433,1590,0.438,1546,0.481
ZINC03810255,1471,0.433,0,1482,0.433,1661,0.421,1676,0.449
ZINC03558425,1472,0.433,0,1469,0.433,1359,0.463,1459,0.493
ZINC03524549,1473,0.433,0,1467,0.433,1483,0.452,1099,0.521
ZINC03481005,1474,0.433,0,1472,0.433,1447,0.455,1469,0.493
ZINC03388500,1475,0.433,0,1480,0.433,1404,0.459,1069,0.522
ZINC03351334,1476,0.433,0,1483,0.433,1457,0.454,1463,0.493
ZINC02491745,1477,0.433,0,1479,0.433,1512,0.448,1535,0.482
ZINC02299908,1478,0.433,0,1474,0.433,1367,0.461,1549,0.48
ZINC02292197,1479,0.433,0,1471,0.433,1315,0.466,1392,0.5
ZINC01909876,1480,0.433,0,1484,0.433,1537,0.446,1579,0.476
ZINC01811506,1481,0.433,0,1477,0.433,1533,0.446,1526,0.484
ZINC00902546,1482,0.433,0,1470,0.433,1362,0.462,1439,0.495
ZINC00588651,1484,0.433,0,1476,0.433,1456,0.454,1513,0.486
ZINC04030431,1485,0.432,0,1489,0.432,1296,0.467,1415,0.498
ZINC03975545,1486,0.432,0,1488,0.432,1153,0.476,1166,0.516
ZINC03406198,1487,0.432,0,1485,0.432,1365,0.462,1442,0.495
ZINC01491246,1488,0.432,0,1486,0.432,1106,0.478,831,0.539
ZINC00882604,1489,0.432,0,1487,0.432,1579,0.439,1628,0.466
ZINC04464286,1490,0.431,0,1491,0.431,1200,0.472,1356,0.503
ZINC04083459,1491,0.431,0,1501,0.431,1233,0.471,1383,0.501
ZINC03980048,1492,0.431,0,1507,0.431,731,0.5,885,0.536
ZINC03944075,1493,0.431,0,1492,0.431,1616,0.432,1668,0.453
ZINC03857293,1494,0.431,0,1496,0.431,1201,0.472,1357,0.503
ZINC03799456,1495,0.431,0,1503,0.431,1295,0.467,1157,0.517
ZINC03796512,1496,0.431,0,1506,0.431,1578,0.439,1651,0.46
ZINC03781183,1497,0.431,0,1502,0.431,1279,0.468,1583,0.476
ZINC03480984,1498,0.431,0,1495,0.431,1306,0.467,1417,0.497
ZINC03368307,1499,0.431,0,1500,0.431,1464,0.453,1406,0.499
ZINC03368257,1500,0.431,0,1497,0.431,1313,0.466,1105,0.52
ZINC03356249,1501,0.431,0,1498,0.431,1462,0.454,1441,0.495
ZINC03320483,1502,0.431,0,1499,0.431,1330,0.465,1461,0.493
ZINC02325490,1503,0.431,0,1505,0.431,1321,0.465,1525,0.484
ZINC02297848,1504,0.431,0,1494,0.431,1110,0.478,1248,0.511
ZINC02242879,1505,0.431,0,1504,0.431,1002,0.483,1007,0.527
ZINC01069658,1507,0.431,0,1493,0.431,1221,0.471,1267,0.509
ZINC04490377,1508,0.43,0,1509,0.43,1586,0.439,1650,0.461
ZINC04464262,1509,0.43,0,1508,0.43,1289,0.468,1370,0.502
ZINC04383678,1510,0.43,0,1513,0.43,1473,0.453,1204,0.513
ZINC03857266,1511,0.43,0,1515,0.43,1290,0.468,1371,0.502
ZINC03829686,1512,0.43,0,1517,0.43,1488,0.451,1330,0.505
ZINC02960156,1513,0.43,0,1514,0.43,1267,0.469,1014,0.527
ZINC02654240,1514,0.43,0,1510,0.43,1144,0.476,1335,0.505
ZINC01778859,1515,0.43,0,1511,0.43,1244,0.47,998,0.528
ZINC01081704,1516,0.43,0,1516,0.43,1492,0.45,1479,0.491
ZINC03818609,1518,0.429,0,1519,0.429,1647,0.424,1646,0.462
ZINC03584472,1519,0.429,0,1520,0.429,1419,0.458,1520,0.484
ZINC03529582,1520,0.429,0,1521,0.429,1477,0.453,1622,0.469
ZINC00587715,1522,0.429,0,1518,0.429,1243,0.47,1196,0.514
ZINC03973000,1523,0.428,0,1523,0.428,1591,0.438,1039,0.525
ZINC03972980,1524,0.428,0,1530,0.428,1355,0.463,1412,0.498
ZINC03923780,1525,0.428,0,1532,0.428,1506,0.449,1498,0.488
ZINC03889560,1526,0.428,0,1525,0.428,1152,0.476,1497,0.488
ZINC03804943,1527,0.428,0,1531,0.428,687,0.503,648,0.551
ZINC03446998,1528,0.428,0,1524,0.428,1249,0.47,1547,0.481
ZINC03351333,1529,0.428,0,1526,0.428,1014,0.482,1458,0.494
ZINC02846329,1530,0.428,0,1533,0.428,1554,0.444,1682,0.448
ZINC01911616,1531,0.428,0,1527,0.428,1466,0.453,1445,0.495
ZINC01092152,1532,0.428,0,1528,0.428,1544,0.445,1557,0.479
ZINC00595558,1533,0.428,0,1529,0.428,1033,0.481,1433,0.496
ZINC03976355,1534,0.427,0,1540,0.427,1551,0.444,1577,0.476
ZINC03789716,1535,0.427,0,1539,0.427,1543,0.445,1621,0.469
ZINC03368428,1536,0.427,0,1537,0.427,1520,0.447,1323,0.506
ZINC02495809,1537,0.427,0,1534,0.427,1186,0.473,1156,0.517
ZINC01532360,1538,0.427,0,1536,0.427,1467,0.453,1416,0.497
ZINC00697677,1539,0.427,0,1538,0.427,1360,0.463,1395,0.5
ZINC00647538,1540,0.427,0,1535,0.427,1390,0.46,1372,0.502
ZINC04634152,1541,0.426,0,1542,0.426,1509,0.449,1485,0.49
ZINC03963062,1542,0.426,0,1546,0.426,1484,0.452,1391,0.5
ZINC03832224,1543,0.426,0,1547,0.426,1439,0.456,1555,0.48
ZINC03820402,1544,0.426,0,1544,0.426,1448,0.455,1550,0.48
ZINC03480981,1545,0.426,0,1543,0.426,1451,0.455,1480,0.491
ZINC03459523,1546,0.426,0,1541,0.426,1515,0.448,1536,0.482
ZINC02630564,1547,0.426,0,1545,0.426,1047,0.481,1084,0.521
ZINC02618307,1548,0.426,0,1548,0.426,1377,0.461,1334,0.505
ZINC03983385,1549,0.425,0,1549,0.425,1622,0.43,1602,0.472
ZINC03235139,1550,0.425,0,1550,0.425,1659,0.422,1643,0.463
ZINC01856560,1551,0.425,0,1551,0.425,1623,0.43,1324,0.506
ZINC03834157,1552,0.425,1,1552,0.425,1333,0.464,1481,0.49
ZINC04195105,1553,0.424,0,1561,0.424,1101,0.478,1284,0.508
ZINC03992746,1554,0.424,0,1557,0.424,1381,0.46,1162,0.516
ZINC03538146,1555,0.424,0,1560,0.424,1259,0.469,1243,0.511
ZINC03519423,1556,0.424,0,1559,0.424,1596,0.436,1367,0.502
ZINC03406067,1557,0.424,0,1555,0.424,1567,0.441,1582,0.476
ZINC03358513,1558,0.424,0,1558,0.424,1529,0.447,1258,0.51
ZINC02877076,1559,0.424,0,1562,0.424,1516,0.448,1067,0.523
ZINC02661789,1560,0.424,0,1553,0.424,1608,0.433,1531,0.483
ZINC02488182,1561,0.424,0,1556,0.424,1314,0.466,1521,0.484
ZINC01081705,1562,0.424,0,1554,0.424,1667,0.42,1654,0.459
ZINC00970331,1563,0.424,0,1563,0.424,1489,0.451,1355,0.503
ZINC03974958,1565,0.423,0,1566,0.423,1518,0.447,1247,0.511
ZINC03972799,1566,0.423,0,1571,0.423,1677,0.414,1694,0.439
ZINC03962399,1567,0.423,0,1569,0.423,1588,0.438,1597,0.473
ZINC03867317,1568,0.423,0,1565,0.423,1577,0.44,1517,0.485
ZINC03820344,1569,0.423,0,1570,0.423,1576,0.44,1532,0.483
ZINC03263404,1570,0.423,0,1568,0.423,1117,0.477,1145,0.517
ZINC02987967,1571,0.423,0,1567,0.423,1691,0.409,1697,0.437
ZINC04415803,1572,0.422,0,1573,0.422,1372,0.461,1581,0.476
ZINC03796506,1573,0.422,0,1572,0.422,1568,0.441,1655,0.459
ZINC04317310,1574,0.421,0,1574,0.421,1663,0.421,1614,0.47
ZINC03963059,1575,0.421,0,1581,0.421,1619,0.431,1641,0.463
ZINC03938928,1576,0.421,0,1577,0.421,1508,0.449,1468,0.493
ZINC03923763,1577,0.421,0,1575,0.421,1628,0.429,1573,0.477
ZINC03416105,1578,0.421,0,1576,0.421,1662,0.421,1659,0.456
ZINC03307341,1579,0.421,0,1579,0.421,1672,0.417,1610,0.47
ZINC03293475,1580,0.421,0,1578,0.421,1502,0.45,1482,0.49
ZINC02858524,1581,0.421,0,1580,0.421,1617,0.432,1611,0.47
ZINC00580494,1582,0.421,0,1582,0.421,1141,0.476,1066,0.523
ZINC03963063,1583,0.42,0,1585,0.42,1645,0.424,1633,0.465
ZINC03813422,1584,0.42,0,1587,0.42,1559,0.443,1554,0.48
ZINC03584153,1585,0.42,0,1586,0.42,1354,0.463,1605,0.471
ZINC03429435,1586,0.42,0,1584,0.42,1513,0.448,1488,0.49
ZINC03240845,1587,0.42,0,1583,0.42,923,0.488,1074,0.522
ZINC00606340,1588,0.42,0,1588,0.42,1455,0.454,1478,0.491
ZINC03987226,1589,0.419,0,1591,0.419,1035,0.481,942,0.532
ZINC03820586,1590,0.419,0,1589,0.419,1573,0.44,1527,0.483
ZINC03408831,1591,0.419,0,1593,0.419,1486,0.451,1533,0.483
ZINC03358510,1592,0.419,0,1592,0.419,1636,0.426,1649,0.461
ZINC03227706,1593,0.419,0,1590,0.419,1283,0.468,1607,0.471
ZINC04633537,1594,0.418,0,1597,0.418,1594,0.436,1353,0.504
ZINC04251713,1595,0.418,0,1594,0.418,1434,0.456,1189,0.515
ZINC03992943,1596,0.418,0,1599,0.418,1556,0.443,1309,0.507
ZINC03973004,1597,0.418,0,1595,0.418,1472,0.453,1259,0.51
ZINC03954872,1598,0.418,0,1598,0.418,1297,0.467,1240,0.511
ZINC03923324,1599,0.418,0,1602,0.418,1572,0.441,1585,0.475
ZINC03812104,1600,0.418,0,1600,0.418,1454,0.454,1472,0.492
ZINC02664902,1601,0.418,0,1596,0.418,1412,0.458,1562,0.479
ZINC01549974,1602,0.418,0,1601,0.418,1064,0.48,993,0.528
ZINC03643930,1604,0.417,0,1610,0.417,1511,0.448,1515,0.485
ZINC03448264,1605,0.417,0,1604,0.417,1589,0.438,1411,0.498
ZINC02877075,1606,0.417,0,1605,0.417,1435,0.456,1379,0.502
ZINC02652344,1608,0.417,0,1609,0.417,1564,0.442,1404,0.499
ZINC02029227,1609,0.417,0,1611,0.417,1531,0.446,1636,0.464
ZINC01565800,1610,0.417,0,1603,0.417,1521,0.447,1604,0.471
ZINC00596374,1611,0.417,0,1607,0.417,1125,0.477,1475,0.491
ZINC04528719,1612,0.416,0,1613,0.416,1656,0.422,1674,0.451
ZINC03871842,1613,0.416,0,1614,0.416,1709,0.389,1665,0.454
ZINC03478187,1614,0.416,0,1612,0.416,1593,0.437,1495,0.489
ZINC02879212,1615,0.416,0,1615,0.416,1405,0.459,1456,0.494
ZINC03088497,1616,0.415,0,1616,0.415,1443,0.455,1221,0.513
ZINC02065596,1619,0.415,0,1619,0.415,1700,0.403,1701,0.433
ZINC01425983,1620,0.415,0,1620,0.415,1498,0.45,1528,0.483
ZINC03868253,1621,0.414,0,1624,0.414,1684,0.413,1673,0.451
ZINC03818607,1622,0.414,0,1626,0.414,1653,0.422,1576,0.477
ZINC03401316,1623,0.414,0,1628,0.414,1580,0.439,1553,0.48
ZINC02940728,1624,0.414,0,1623,0.414,1530,0.446,1571,0.477
ZINC01551213,1625,0.414,0,1625,0.414,1671,0.419,1675,0.45
ZINC00595562,1627,0.414,0,1621,0.414,1095,0.478,1496,0.488
ZINC00594557,1628,0.414,0,1627,0.414,1644,0.425,1652,0.46
ZINC03921685,1629,0.413,0,1632,0.413,1683,0.413,1705,0.429
ZINC03817495,1630,0.413,0,1633,0.413,1266,0.469,1429,0.497
ZINC03801425,1631,0.413,0,1629,0.413,1624,0.43,1681,0.448
ZINC03532106,1632,0.413,0,1631,0.413,1668,0.42,1617,0.47
ZINC02007110,1634,0.413,0,1634,0.413,1581,0.439,1638,0.464
ZINC03982916,1635,0.412,0,1635,0.412,1478,0.452,1333,0.505
ZINC03588045,1636,0.412,0,1636,0.412,1553,0.444,1653,0.459
ZINC04406084,1637,0.411,0,1641,0.411,1634,0.427,1598,0.473
ZINC03983754,1638,0.411,0,1644,0.411,1538,0.446,1586,0.475
ZINC03796181,1639,0.411,0,1643,0.411,1633,0.427,1661,0.455
ZINC03577109,1640,0.411,0,1637,0.411,1366,0.462,1345,0.504
ZINC03506600,1641,0.411,0,1642,0.411,1561,0.442,1538,0.482
ZINC03368272,1642,0.411,0,1640,0.411,1480,0.452,1470,0.492
ZINC02968057,1643,0.411,0,1645,0.411,1674,0.415,1690,0.443
ZINC02652895,1644,0.411,0,1639,0.411,1698,0.406,1703,0.432
ZINC02622073,1645,0.411,0,1638,0.411,1555,0.443,1276,0.509
ZINC03820960,1646,0.41,0,1651,0.41,1648,0.424,1672,0.452
ZINC03818002,1647,0.41,0,1649,0.41,1601,0.435,1572,0.477
ZINC03363345,1648,0.41,0,1648,0.41,1694,0.406,1666,0.453
ZINC03339139,1649,0.41,0,1647,0.41,1629,0.428,1658,0.456
ZINC03303314,1650,0.41,0,1646,0.41,1583,0.439,1616,0.47
ZINC02829269,1651,0.41,0,1652,0.41,1625,0.43,1570,0.477
ZINC02318268,1652,0.41,0,1653,0.41,1522,0.447,1561,0.479
ZINC01483635,1653,0.41,0,1650,0.41,1640,0.426,1670,0.452
ZINC03924335,1654,0.409,0,1655,0.409,1679,0.414,1699,0.434
ZINC03293653,1655,0.409,0,1656,0.409,1584,0.439,1565,0.478
ZINC02652842,1656,0.409,0,1657,0.409,1669,0.419,1698,0.436
ZINC01756091,1657,0.409,0,1654,0.409,1681,0.414,1657,0.457
ZINC03817584,1658,0.408,0,1659,0.408,1697,0.406,1702,0.432
ZINC03810719,1659,0.408,0,1661,0.408,1614,0.432,1642,0.463
ZINC03803272,1660,0.408,0,1660,0.408,1626,0.43,1685,0.446
ZINC03376333,1661,0.408,0,1658,0.408,1605,0.434,1574,0.477
ZINC03972800,1662,0.407,0,1663,0.407,1643,0.426,1686,0.446
ZINC03135950,1663,0.407,0,1662,0.407,1560,0.442,1505,0.487
ZINC03944257,1664,0.406,0,1666,0.406,1666,0.42,1660,0.455
ZINC03855457,1665,0.406,0,1664,0.406,1682,0.414,1631,0.466
ZINC03805072,1666,0.406,0,1665,0.406,1069,0.479,1304,0.507
ZINC03281839,1667,0.406,0,1668,0.406,1612,0.433,1695,0.439
ZINC02660391,1668,0.406,0,1667,0.406,1453,0.454,1143,0.518
ZINC03992805,1669,0.405,0,1671,0.405,1179,0.474,866,0.537
ZINC03336657,1671,0.405,0,1673,0.405,1658,0.422,1624,0.468
ZINC03279124,1672,0.405,0,1672,0.405,1546,0.445,1238,0.512
ZINC01749949,1673,0.405,0,1669,0.405,1639,0.426,1680,0.448
ZINC03923719,1674,0.404,0,1676,0.404,1649,0.423,1656,0.458
ZINC03921673,1676,0.404,0,1677,0.404,1704,0.397,1693,0.441
ZINC03820792,1677,0.404,0,1678,0.404,1606,0.434,1637,0.464
ZINC03457576,1678,0.404,0,1679,0.404,1641,0.426,1540,0.482
ZINC01920516,1679,0.404,0,1674,0.404,1696,0.406,1609,0.471
ZINC03769809,1680,0.403,0,1683,0.403,1701,0.403,1704,0.432
ZINC03457574,1681,0.403,0,1680,0.403,1615,0.432,1584,0.475
ZINC01874619,1682,0.403,0,1681,0.403,1621,0.431,1615,0.47
ZINC01542989,1683,0.403,0,1682,0.403,1660,0.421,1664,0.454
ZINC03924333,1684,0.401,0,1685,0.401,1652,0.423,1706,0.425
ZINC02117747,1685,0.401,0,1686,0.401,1517,0.448,1464,0.493
ZINC01885948,1686,0.401,0,1684,0.401,1695,0.406,1671,0.452
ZINC03977487,1687,0.4,0,1687,0.4,1665,0.42,1599,0.473
ZINC03818181,1688,0.399,0,1690,0.399,1651,0.423,1558,0.479
ZINC03460183,1689,0.399,0,1688,0.399,1689,0.41,1687,0.444
ZINC03361581,1690,0.399,0,1689,0.399,1703,0.399,1669,0.453
ZINC02144108,1691,0.399,0,1691,0.399,1688,0.411,1700,0.433
ZINC02220856,1692,0.398,0,1692,0.398,1570,0.441,859,0.538
ZINC03459114,1693,0.396,0,1694,0.396,1631,0.427,1625,0.467
ZINC03457571,1694,0.396,0,1695,0.396,1611,0.433,1623,0.468
ZINC02953918,1695,0.396,0,1693,0.396,1692,0.408,1689,0.443
ZINC03924330,1696,0.395,0,1697,0.395,1678,0.414,1691,0.442
ZINC03923949,1697,0.395,0,1696,0.395,1582,0.439,1678,0.449
ZINC03923948,1698,0.394,0,1698,0.394,1487,0.451,1619,0.469
ZINC04521980,1699,0.391,0,1699,0.391,1702,0.4,1677,0.449
ZINC03889655,1700,0.391,0,1700,0.391,1690,0.41,1684,0.447
ZINC03365898,1701,0.39,0,1701,0.39,1706,0.391,1710,0.415
ZINC03820967,1702,0.389,0,1703,0.389,1650,0.423,1707,0.419
ZINC03529019,1703,0.389,0,1702,0.389,1654,0.422,1667,0.453
ZINC03818662,1704,0.388,0,1704,0.388,1711,0.382,1711,0.399
ZINC03460177,1705,0.387,0,1705,0.387,1680,0.414,1663,0.454
ZINC01070035,1706,0.387,0,1706,0.387,1673,0.416,1692,0.442
ZINC03362084,1707,0.386,0,1707,0.386,1707,0.39,1683,0.447
ZINC01092150,1708,0.384,0,1708,0.384,1344,0.464,1362,0.503
ZINC03513868,1709,0.383,0,1709,0.383,1710,0.384,1709,0.415
ZINC03820345,1710,0.382,0,1710,0.382,1657,0.422,1688,0.444
ZINC01834216,1711,0.369,0,1711,0.369,1708,0.39,1708,0.417
ZINC03291266,1712,0.341,0,1712,0.341,1712,0.347,1712,0.384
ZINC03834185,1713,0.272,1,1713,0.272,1713,0.284,1713,0.317
