Name	ShapeQuery	Rank	TanimotoCombo	ShapeTanimoto	ColorTanimoto	Active
ZINC03815825_54	Trypsin_3.sq	1	0.679	0.380	0.298	1
ZINC04150044_17	Trypsin_3.sq	2	0.643	0.438	0.206	0
ZINC03815825_23	Trypsin_3.sq	3	0.636	0.386	0.250	1
ZINC03790022_16	Trypsin_3.sq	4	0.632	0.458	0.174	0
ZINC03815826_136	Trypsin_3.sq	5	0.627	0.383	0.244	1
ZINC03790011_37	Trypsin_3.sq	6	0.625	0.452	0.173	0
ZINC03959453_190	Trypsin_3.sq	7	0.621	0.407	0.214	0
ZINC04633604_89	Trypsin_3.sq	8	0.620	0.391	0.229	0
ZINC00597948_101	Trypsin_3.sq	9	0.617	0.391	0.226	0
ZINC04393950_180	Trypsin_3.sq	10	0.617	0.466	0.151	0
ZINC03834125_184	Trypsin_3.sq	11	0.615	0.390	0.225	1
ZINC02242841_175	Trypsin_3.sq	12	0.615	0.416	0.199	0
ZINC04617942_184	Trypsin_3.sq	13	0.611	0.369	0.242	1
ZINC04617942_184	Trypsin_3.sq	14	0.611	0.369	0.242	1
ZINC03785211_119	Trypsin_3.sq	15	0.611	0.435	0.175	0
ZINC03987397_138	Trypsin_3.sq	16	0.607	0.374	0.234	0
ZINC02975662_195	Trypsin_3.sq	17	0.605	0.461	0.144	0
ZINC01535955_119	Trypsin_3.sq	18	0.604	0.430	0.174	0
ZINC03850343_110	Trypsin_3.sq	19	0.602	0.398	0.204	0
ZINC01548106_189	Trypsin_3.sq	20	0.601	0.393	0.209	0
ZINC03987402_65	Trypsin_3.sq	21	0.601	0.368	0.232	0
ZINC03815826_100	Trypsin_3.sq	22	0.599	0.373	0.226	1
ZINC03815826_100	Trypsin_3.sq	23	0.599	0.373	0.226	1
ZINC03928466_138	Trypsin_3.sq	24	0.594	0.385	0.209	0
ZINC04617941_162	Trypsin_3.sq	25	0.593	0.370	0.222	1
ZINC04617941_162	Trypsin_3.sq	26	0.593	0.370	0.222	1
ZINC03938552_133	Trypsin_3.sq	27	0.593	0.369	0.223	0
ZINC03785241_35	Trypsin_3.sq	28	0.591	0.454	0.137	0
ZINC01372730_87	Trypsin_3.sq	29	0.590	0.422	0.168	0
ZINC03785220_140	Trypsin_3.sq	30	0.589	0.428	0.161	0
ZINC04176349_90	Trypsin_3.sq	31	0.589	0.439	0.150	0
ZINC03627213_4	Trypsin_3.sq	32	0.588	0.463	0.125	0
ZINC03185845_60	Trypsin_3.sq	33	0.587	0.381	0.206	0
ZINC03987403_117	Trypsin_3.sq	34	0.587	0.376	0.211	0
ZINC03959484_163	Trypsin_3.sq	35	0.586	0.389	0.197	0
ZINC01631479_49	Trypsin_3.sq	36	0.586	0.428	0.158	0
ZINC03933732_107	Trypsin_3.sq	37	0.585	0.386	0.199	0
ZINC02222760_146	Trypsin_3.sq	38	0.583	0.457	0.126	0
ZINC03545191_97	Trypsin_3.sq	39	0.582	0.390	0.191	0
ZINC03938554_142	Trypsin_3.sq	40	0.581	0.351	0.230	0
ZINC03987406_65	Trypsin_3.sq	41	0.580	0.375	0.205	0
ZINC03941269_9	Trypsin_3.sq	42	0.579	0.379	0.200	0
ZINC03962673_14	Trypsin_3.sq	43	0.579	0.402	0.178	0
ZINC03820532_60	Trypsin_3.sq	44	0.579	0.396	0.183	0
ZINC03962674_47	Trypsin_3.sq	45	0.577	0.405	0.173	0
ZINC03874810_176	Trypsin_3.sq	46	0.577	0.406	0.171	0
ZINC04222430_79	Trypsin_3.sq	47	0.577	0.451	0.126	0
ZINC03952614_163	Trypsin_3.sq	48	0.576	0.385	0.191	0
ZINC02138945_117	Trypsin_3.sq	49	0.576	0.426	0.150	0
ZINC03816706_112	Trypsin_3.sq	50	0.576	0.432	0.144	0
ZINC03985882_99	Trypsin_3.sq	51	0.576	0.377	0.199	0
ZINC03816706_137	Trypsin_3.sq	52	0.576	0.430	0.146	0
ZINC03841640_94	Trypsin_3.sq	53	0.576	0.445	0.130	0
ZINC03997172_76	Trypsin_3.sq	54	0.575	0.409	0.165	0
ZINC03859051_53	Trypsin_3.sq	55	0.574	0.412	0.162	0
ZINC03841621_177	Trypsin_3.sq	56	0.574	0.456	0.119	0
ZINC00587714_81	Trypsin_3.sq	57	0.574	0.444	0.130	0
ZINC03841660_40	Trypsin_3.sq	58	0.573	0.449	0.124	0
ZINC02654818_90	Trypsin_3.sq	59	0.573	0.417	0.156	0
ZINC03818898_119	Trypsin_3.sq	60	0.573	0.385	0.188	0
ZINC03818898_119	Trypsin_3.sq	61	0.573	0.385	0.188	0
ZINC03997172_54	Trypsin_3.sq	62	0.573	0.410	0.162	0
ZINC04356859_47	Trypsin_3.sq	63	0.572	0.394	0.178	0
ZINC03980301_13	Trypsin_3.sq	64	0.572	0.421	0.151	0
ZINC03819390_199	Trypsin_3.sq	65	0.572	0.396	0.176	0
ZINC03981735_60	Trypsin_3.sq	66	0.572	0.414	0.157	0
ZINC03820532_36	Trypsin_3.sq	67	0.572	0.390	0.182	0
ZINC01489009_90	Trypsin_3.sq	68	0.572	0.408	0.163	0
ZINC03841617_152	Trypsin_3.sq	69	0.571	0.448	0.123	0
ZINC03670360_135	Trypsin_3.sq	70	0.571	0.401	0.170	0
ZINC02860445_67	Trypsin_3.sq	71	0.570	0.428	0.142	0
ZINC02129136_123	Trypsin_3.sq	72	0.570	0.419	0.151	0
ZINC03816706_116	Trypsin_3.sq	73	0.570	0.351	0.219	0
ZINC03447479_166	Trypsin_3.sq	74	0.568	0.394	0.174	0
ZINC03832370_132	Trypsin_3.sq	75	0.567	0.350	0.217	1
ZINC03819377_43	Trypsin_3.sq	76	0.567	0.397	0.170	0
ZINC01902820_186	Trypsin_3.sq	77	0.567	0.398	0.170	0
ZINC02654819_66	Trypsin_3.sq	78	0.567	0.403	0.164	0
ZINC03971723_81	Trypsin_3.sq	79	0.566	0.409	0.157	0
ZINC03500143_123	Trypsin_3.sq	80	0.566	0.399	0.167	0
ZINC02126774_176	Trypsin_3.sq	81	0.565	0.417	0.148	0
ZINC03852887_8	Trypsin_3.sq	82	0.565	0.417	0.148	0
ZINC03960678_120	Trypsin_3.sq	83	0.565	0.409	0.155	0
ZINC03834155_161	Trypsin_3.sq	84	0.564	0.397	0.167	1
ZINC00978047_46	Trypsin_3.sq	85	0.564	0.356	0.209	0
ZINC03819377_38	Trypsin_3.sq	86	0.564	0.398	0.166	0
ZINC03959464_36	Trypsin_3.sq	87	0.564	0.378	0.186	0
ZINC03867942_157	Trypsin_3.sq	88	0.564	0.371	0.193	0
ZINC04147300_70	Trypsin_3.sq	89	0.564	0.450	0.114	0
ZINC01631658_130	Trypsin_3.sq	90	0.564	0.387	0.176	0
ZINC03834135_195	Trypsin_3.sq	91	0.563	0.399	0.164	1
ZINC03987229_140	Trypsin_3.sq	92	0.563	0.381	0.182	0
ZINC03817194_99	Trypsin_3.sq	93	0.562	0.420	0.143	0
ZINC03870904_135	Trypsin_3.sq	94	0.562	0.394	0.168	0
ZINC03640529_95	Trypsin_3.sq	95	0.561	0.438	0.123	0
ZINC02130616_18	Trypsin_3.sq	96	0.561	0.385	0.176	0
ZINC02401823_38	Trypsin_3.sq	97	0.561	0.450	0.111	0
ZINC00581841_66	Trypsin_3.sq	98	0.561	0.424	0.137	0
ZINC03867942_134	Trypsin_3.sq	99	0.561	0.380	0.181	0
ZINC03405782_16	Trypsin_3.sq	100	0.559	0.406	0.154	0
ZINC02130840_100	Trypsin_3.sq	101	0.559	0.411	0.148	0
ZINC01535967_186	Trypsin_3.sq	102	0.559	0.371	0.187	0
ZINC03960308_79	Trypsin_3.sq	103	0.558	0.385	0.173	0
ZINC03819987_47	Trypsin_3.sq	104	0.558	0.406	0.152	0
ZINC01491246_126	Trypsin_3.sq	105	0.558	0.399	0.158	0
ZINC02160908_61	Trypsin_3.sq	106	0.557	0.426	0.131	0
ZINC03977105_99	Trypsin_3.sq	107	0.557	0.415	0.142	0
ZINC03839227_196	Trypsin_3.sq	108	0.557	0.386	0.171	0
ZINC03775827_12	Trypsin_3.sq	109	0.557	0.377	0.180	0
ZINC03775827_12	Trypsin_3.sq	110	0.556	0.376	0.180	0
ZINC03959458_87	Trypsin_3.sq	111	0.556	0.373	0.183	0
ZINC00837459_33	Trypsin_3.sq	112	0.556	0.419	0.137	0
ZINC04221337_151	Trypsin_3.sq	113	0.556	0.382	0.173	0
ZINC02952070_145	Trypsin_3.sq	114	0.556	0.408	0.147	0
ZINC04222514_195	Trypsin_3.sq	115	0.555	0.416	0.139	0
ZINC03393907_185	Trypsin_3.sq	116	0.555	0.394	0.161	0
ZINC03528794_115	Trypsin_3.sq	117	0.555	0.397	0.158	0
ZINC04355704_15	Trypsin_3.sq	118	0.555	0.395	0.160	0
ZINC03791571_54	Trypsin_3.sq	119	0.554	0.341	0.213	0
ZINC03819987_89	Trypsin_3.sq	120	0.554	0.402	0.152	0
ZINC03959072_66	Trypsin_3.sq	121	0.554	0.418	0.136	0
ZINC03842084_0	Trypsin_3.sq	122	0.554	0.385	0.169	0
ZINC03919155_14	Trypsin_3.sq	123	0.554	0.375	0.179	0
ZINC03834126_96	Trypsin_3.sq	124	0.553	0.354	0.198	1
ZINC03914911_40	Trypsin_3.sq	125	0.553	0.433	0.120	0
ZINC03818898_104	Trypsin_3.sq	126	0.553	0.386	0.167	0
ZINC01631479_171	Trypsin_3.sq	127	0.553	0.441	0.112	0
ZINC03832369_183	Trypsin_3.sq	128	0.552	0.387	0.166	1
ZINC03834121_188	Trypsin_3.sq	129	0.552	0.375	0.176	1
ZINC02224425_13	Trypsin_3.sq	130	0.552	0.374	0.178	0
ZINC02128211_8	Trypsin_3.sq	131	0.552	0.426	0.126	0
ZINC02712629_128	Trypsin_3.sq	132	0.552	0.393	0.160	0
ZINC03387210_162	Trypsin_3.sq	133	0.552	0.424	0.129	0
ZINC04222240_146	Trypsin_3.sq	134	0.552	0.430	0.122	0
ZINC03572380_39	Trypsin_3.sq	135	0.552	0.403	0.149	0
ZINC02138807_161	Trypsin_3.sq	136	0.552	0.397	0.155	0
ZINC03974221_97	Trypsin_3.sq	137	0.552	0.403	0.149	0
ZINC03950795_61	Trypsin_3.sq	138	0.552	0.375	0.177	0
ZINC01909079_145	Trypsin_3.sq	139	0.552	0.406	0.146	0
ZINC02127290_127	Trypsin_3.sq	140	0.552	0.410	0.142	0
ZINC03977123_121	Trypsin_3.sq	141	0.552	0.433	0.118	0
ZINC02128808_44	Trypsin_3.sq	142	0.551	0.373	0.179	0
ZINC03406204_139	Trypsin_3.sq	143	0.551	0.390	0.162	0
ZINC03819224_191	Trypsin_3.sq	144	0.551	0.388	0.163	0
ZINC03765981_72	Trypsin_3.sq	145	0.551	0.410	0.141	0
ZINC03948981_94	Trypsin_3.sq	146	0.551	0.340	0.210	0
ZINC03834122_128	Trypsin_3.sq	147	0.550	0.374	0.176	1
ZINC04222194_98	Trypsin_3.sq	148	0.550	0.413	0.137	0
ZINC03297449_84	Trypsin_3.sq	149	0.550	0.396	0.154	0
ZINC04222242_152	Trypsin_3.sq	150	0.550	0.421	0.129	0
ZINC01536002_168	Trypsin_3.sq	151	0.550	0.430	0.119	0
ZINC03928467_93	Trypsin_3.sq	152	0.550	0.369	0.180	0
ZINC03834119_146	Trypsin_3.sq	153	0.549	0.382	0.168	1
ZINC00906587_125	Trypsin_3.sq	154	0.549	0.415	0.134	0
ZINC02866540_165	Trypsin_3.sq	155	0.549	0.371	0.178	0
ZINC03817194_159	Trypsin_3.sq	156	0.549	0.409	0.139	0
ZINC03933542_0	Trypsin_3.sq	157	0.549	0.425	0.124	0
ZINC02135333_161	Trypsin_3.sq	158	0.548	0.395	0.154	0
ZINC03344411_56	Trypsin_3.sq	159	0.548	0.417	0.132	0
ZINC02712483_94	Trypsin_3.sq	160	0.548	0.408	0.140	0
ZINC03330151_124	Trypsin_3.sq	161	0.548	0.405	0.143	0
ZINC03344389_89	Trypsin_3.sq	162	0.548	0.424	0.124	0
ZINC03345168_182	Trypsin_3.sq	163	0.548	0.440	0.107	0
ZINC02129008_69	Trypsin_3.sq	164	0.547	0.409	0.138	0
ZINC03819389_134	Trypsin_3.sq	165	0.547	0.431	0.116	0
ZINC04383601_141	Trypsin_3.sq	166	0.547	0.405	0.142	0
ZINC04248899_85	Trypsin_3.sq	167	0.547	0.387	0.159	0
ZINC04260539_24	Trypsin_3.sq	168	0.547	0.389	0.158	0
ZINC03841013_93	Trypsin_3.sq	169	0.547	0.430	0.117	0
ZINC02131330_60	Trypsin_3.sq	170	0.546	0.397	0.149	0
ZINC02133048_180	Trypsin_3.sq	171	0.546	0.404	0.142	0
ZINC02138804_52	Trypsin_3.sq	172	0.546	0.397	0.149	0
ZINC03819381_12	Trypsin_3.sq	173	0.546	0.378	0.168	0
ZINC02637101_16	Trypsin_3.sq	174	0.546	0.393	0.153	0
ZINC03852887_148	Trypsin_3.sq	175	0.546	0.380	0.166	0
ZINC03818733_171	Trypsin_3.sq	176	0.546	0.434	0.111	0
ZINC01549763_160	Trypsin_3.sq	177	0.546	0.349	0.196	0
ZINC02130842_100	Trypsin_3.sq	178	0.545	0.408	0.137	0
ZINC02656478_109	Trypsin_3.sq	179	0.545	0.418	0.126	0
ZINC00593049_185	Trypsin_3.sq	180	0.545	0.390	0.154	0
ZINC03980301_199	Trypsin_3.sq	181	0.544	0.383	0.162	0
ZINC02138942_9	Trypsin_3.sq	182	0.544	0.393	0.151	0
ZINC02161467_90	Trypsin_3.sq	183	0.544	0.412	0.131	0
ZINC02129327_154	Trypsin_3.sq	184	0.544	0.435	0.108	0
ZINC03791681_199	Trypsin_3.sq	185	0.544	0.367	0.177	0
ZINC03834116_111	Trypsin_3.sq	186	0.543	0.415	0.128	1
ZINC00769609_175	Trypsin_3.sq	187	0.543	0.416	0.128	0
ZINC02408724_193	Trypsin_3.sq	188	0.543	0.390	0.154	0
ZINC01834069_62	Trypsin_3.sq	189	0.543	0.416	0.127	0
ZINC02203105_193	Trypsin_3.sq	190	0.543	0.390	0.153	0
ZINC04260555_6	Trypsin_3.sq	191	0.543	0.385	0.157	0
ZINC02450633_21	Trypsin_3.sq	192	0.542	0.397	0.146	0
ZINC03987853_50	Trypsin_3.sq	193	0.542	0.395	0.147	0
ZINC03345168_131	Trypsin_3.sq	194	0.542	0.442	0.100	0
ZINC03924300_83	Trypsin_3.sq	195	0.542	0.342	0.200	0
ZINC02952670_87	Trypsin_3.sq	196	0.542	0.360	0.182	0
ZINC01491246_154	Trypsin_3.sq	197	0.542	0.411	0.131	0
ZINC03834129_165	Trypsin_3.sq	198	0.541	0.381	0.161	1
ZINC03834143_110	Trypsin_3.sq	199	0.541	0.362	0.178	1
ZINC03977132_81	Trypsin_3.sq	200	0.541	0.400	0.141	0
ZINC04185377_194	Trypsin_3.sq	201	0.541	0.372	0.170	0
ZINC03670346_124	Trypsin_3.sq	202	0.541	0.394	0.147	0
ZINC03946130_172	Trypsin_3.sq	203	0.541	0.377	0.164	0
ZINC01545941_171	Trypsin_3.sq	204	0.541	0.335	0.206	0
ZINC01882070_65	Trypsin_3.sq	205	0.541	0.406	0.135	0
ZINC03834152_162	Trypsin_3.sq	206	0.540	0.395	0.145	1
ZINC03571166_29	Trypsin_3.sq	207	0.540	0.422	0.119	0
ZINC02131327_168	Trypsin_3.sq	208	0.540	0.387	0.153	0
ZINC04621232_177	Trypsin_3.sq	209	0.540	0.366	0.174	0
ZINC03963792_64	Trypsin_3.sq	210	0.540	0.404	0.136	0
ZINC00576565_165	Trypsin_3.sq	211	0.540	0.402	0.137	0
ZINC03834156_74	Trypsin_3.sq	212	0.539	0.353	0.186	1
ZINC03867649_24	Trypsin_3.sq	213	0.539	0.372	0.167	0
ZINC02193238_79	Trypsin_3.sq	214	0.539	0.433	0.106	0
ZINC02005805_117	Trypsin_3.sq	215	0.539	0.346	0.193	0
ZINC03818733_143	Trypsin_3.sq	216	0.539	0.411	0.128	0
ZINC03818733_143	Trypsin_3.sq	217	0.539	0.411	0.128	0
ZINC04222439_38	Trypsin_3.sq	218	0.539	0.438	0.101	0
ZINC02138251_119	Trypsin_3.sq	219	0.539	0.403	0.136	0
ZINC03841624_150	Trypsin_3.sq	220	0.539	0.377	0.162	0
ZINC03917353_191	Trypsin_3.sq	221	0.539	0.362	0.177	0
ZINC03834149_126	Trypsin_3.sq	222	0.538	0.408	0.130	1
ZINC02043468_139	Trypsin_3.sq	223	0.538	0.366	0.172	1
ZINC00906589_194	Trypsin_3.sq	224	0.538	0.405	0.133	0
ZINC03890017_129	Trypsin_3.sq	225	0.538	0.378	0.160	0
ZINC01902817_172	Trypsin_3.sq	226	0.538	0.399	0.139	0
ZINC03524553_28	Trypsin_3.sq	227	0.538	0.468	0.071	0
ZINC02135326_52	Trypsin_3.sq	228	0.538	0.387	0.151	0
ZINC04248899_20	Trypsin_3.sq	229	0.538	0.388	0.150	0
ZINC03227706_43	Trypsin_3.sq	230	0.538	0.414	0.124	0
ZINC02860446_93	Trypsin_3.sq	231	0.538	0.387	0.151	0
ZINC02130563_99	Trypsin_3.sq	232	0.538	0.380	0.158	0
ZINC01552869_195	Trypsin_3.sq	233	0.538	0.406	0.132	0
ZINC01537299_77	Trypsin_3.sq	234	0.538	0.415	0.122	0
ZINC02402354_178	Trypsin_3.sq	235	0.538	0.371	0.166	0
ZINC03329295_20	Trypsin_3.sq	236	0.538	0.404	0.134	0
ZINC04185341_119	Trypsin_3.sq	237	0.537	0.370	0.167	0
ZINC03974221_70	Trypsin_3.sq	238	0.537	0.413	0.125	0
ZINC00814141_99	Trypsin_3.sq	239	0.537	0.430	0.107	0
ZINC02129134_9	Trypsin_3.sq	240	0.537	0.385	0.152	0
ZINC00852447_84	Trypsin_3.sq	241	0.537	0.399	0.138	0
ZINC03928139_31	Trypsin_3.sq	242	0.537	0.355	0.182	0
ZINC01909869_49	Trypsin_3.sq	243	0.537	0.383	0.154	0
ZINC02352409_69	Trypsin_3.sq	244	0.537	0.382	0.155	0
ZINC03834123_113	Trypsin_3.sq	245	0.536	0.362	0.174	1
ZINC03368428_113	Trypsin_3.sq	246	0.536	0.407	0.129	0
ZINC01548257_134	Trypsin_3.sq	247	0.536	0.371	0.166	0
ZINC03987224_47	Trypsin_3.sq	248	0.536	0.381	0.155	0
ZINC01551979_93	Trypsin_3.sq	249	0.536	0.369	0.167	0
ZINC02136682_79	Trypsin_3.sq	250	0.536	0.391	0.145	0
ZINC03263404_113	Trypsin_3.sq	251	0.536	0.412	0.123	0
ZINC03969853_197	Trypsin_3.sq	252	0.536	0.398	0.138	0
ZINC03927446_42	Trypsin_3.sq	253	0.535	0.395	0.140	0
ZINC02712629_115	Trypsin_3.sq	254	0.535	0.425	0.111	0
ZINC02309725_24	Trypsin_3.sq	255	0.535	0.365	0.170	0
ZINC04627373_104	Trypsin_3.sq	256	0.535	0.389	0.146	0
ZINC03841625_58	Trypsin_3.sq	257	0.535	0.392	0.144	0
ZINC04619282_11	Trypsin_3.sq	258	0.535	0.379	0.156	0
ZINC00978047_84	Trypsin_3.sq	259	0.535	0.354	0.181	0
ZINC01903301_142	Trypsin_3.sq	260	0.535	0.448	0.087	0
ZINC03977147_195	Trypsin_3.sq	261	0.535	0.409	0.125	0
ZINC03933545_160	Trypsin_3.sq	262	0.534	0.418	0.116	0
ZINC03670389_55	Trypsin_3.sq	263	0.534	0.425	0.109	0
ZINC01248556_120	Trypsin_3.sq	264	0.534	0.367	0.168	0
ZINC03841656_170	Trypsin_3.sq	265	0.534	0.433	0.101	0
ZINC03980052_6	Trypsin_3.sq	266	0.534	0.398	0.136	0
ZINC02129117_30	Trypsin_3.sq	267	0.534	0.438	0.096	0
ZINC03533360_125	Trypsin_3.sq	268	0.534	0.398	0.136	0
ZINC04248899_35	Trypsin_3.sq	269	0.534	0.388	0.146	0
ZINC04004468_120	Trypsin_3.sq	270	0.534	0.371	0.163	0
ZINC04222193_119	Trypsin_3.sq	271	0.534	0.374	0.160	0
ZINC02663356_74	Trypsin_3.sq	272	0.534	0.331	0.203	0
ZINC02712629_189	Trypsin_3.sq	273	0.534	0.376	0.158	0
ZINC03834124_108	Trypsin_3.sq	274	0.533	0.388	0.145	1
ZINC03368257_113	Trypsin_3.sq	275	0.533	0.410	0.123	0
ZINC02126772_7	Trypsin_3.sq	276	0.533	0.387	0.146	0
ZINC03987021_74	Trypsin_3.sq	277	0.533	0.415	0.118	0
ZINC02130850_122	Trypsin_3.sq	278	0.533	0.402	0.131	0
ZINC03867259_108	Trypsin_3.sq	279	0.533	0.348	0.185	0
ZINC03968466_138	Trypsin_3.sq	280	0.533	0.428	0.105	0
ZINC02393796_191	Trypsin_3.sq	281	0.533	0.426	0.106	0
ZINC04222272_151	Trypsin_3.sq	282	0.533	0.432	0.101	0
ZINC03834131_199	Trypsin_3.sq	283	0.532	0.402	0.131	1
ZINC03840482_38	Trypsin_3.sq	284	0.532	0.425	0.108	0
ZINC03889997_49	Trypsin_3.sq	285	0.532	0.392	0.140	0
ZINC03992804_196	Trypsin_3.sq	286	0.532	0.381	0.151	0
ZINC04110642_24	Trypsin_3.sq	287	0.532	0.399	0.133	0
ZINC01549764_195	Trypsin_3.sq	288	0.532	0.379	0.153	0
ZINC02315723_184	Trypsin_3.sq	289	0.532	0.428	0.104	0
ZINC04222191_134	Trypsin_3.sq	290	0.532	0.368	0.164	0
ZINC00814142_134	Trypsin_3.sq	291	0.532	0.392	0.140	0
ZINC03834111_195	Trypsin_3.sq	292	0.531	0.364	0.166	1
ZINC03406080_50	Trypsin_3.sq	293	0.531	0.452	0.080	0
ZINC03841655_147	Trypsin_3.sq	294	0.531	0.383	0.149	0
ZINC03533361_125	Trypsin_3.sq	295	0.531	0.396	0.135	0
ZINC01549839_37	Trypsin_3.sq	296	0.531	0.351	0.181	0
ZINC03841646_188	Trypsin_3.sq	297	0.531	0.436	0.095	0
ZINC03530599_125	Trypsin_3.sq	298	0.531	0.434	0.097	0
ZINC03841837_44	Trypsin_3.sq	299	0.531	0.389	0.142	0
ZINC03444529_163	Trypsin_3.sq	300	0.531	0.404	0.127	0
ZINC03323428_162	Trypsin_3.sq	301	0.531	0.423	0.108	0
ZINC03891132_154	Trypsin_3.sq	302	0.531	0.392	0.138	0
ZINC04383607_20	Trypsin_3.sq	303	0.531	0.378	0.152	0
ZINC03834177_130	Trypsin_3.sq	304	0.530	0.392	0.138	1
ZINC03232400_28	Trypsin_3.sq	305	0.530	0.357	0.174	0
ZINC03842080_154	Trypsin_3.sq	306	0.530	0.413	0.117	0
ZINC03963793_194	Trypsin_3.sq	307	0.530	0.405	0.125	0
ZINC03980052_155	Trypsin_3.sq	308	0.530	0.372	0.159	0
ZINC03841659_102	Trypsin_3.sq	309	0.530	0.371	0.159	0
ZINC03990227_123	Trypsin_3.sq	310	0.530	0.404	0.126	0
ZINC03851685_153	Trypsin_3.sq	311	0.530	0.364	0.166	0
ZINC03933860_173	Trypsin_3.sq	312	0.530	0.429	0.102	0
ZINC02128934_193	Trypsin_3.sq	313	0.530	0.396	0.134	0
ZINC01882073_132	Trypsin_3.sq	314	0.530	0.370	0.160	0
ZINC04222433_126	Trypsin_3.sq	315	0.530	0.422	0.108	0
ZINC04004628_194	Trypsin_3.sq	316	0.530	0.419	0.111	0
ZINC03599114_90	Trypsin_3.sq	317	0.530	0.380	0.150	0
ZINC03867259_58	Trypsin_3.sq	318	0.530	0.348	0.182	0
ZINC03851685_134	Trypsin_3.sq	319	0.530	0.355	0.175	0
ZINC02974135_118	Trypsin_3.sq	320	0.530	0.442	0.088	0
ZINC03973552_35	Trypsin_3.sq	321	0.530	0.427	0.103	0
ZINC02128936_30	Trypsin_3.sq	322	0.530	0.371	0.159	0
ZINC04237007_113	Trypsin_3.sq	323	0.530	0.365	0.164	0
ZINC03959444_23	Trypsin_3.sq	324	0.530	0.349	0.181	0
ZINC03852886_191	Trypsin_3.sq	325	0.529	0.355	0.175	0
ZINC03841658_182	Trypsin_3.sq	326	0.529	0.391	0.138	0
ZINC02572664_119	Trypsin_3.sq	327	0.529	0.416	0.114	0
ZINC02128935_75	Trypsin_3.sq	328	0.529	0.380	0.149	0
ZINC02652344_176	Trypsin_3.sq	329	0.529	0.332	0.197	0
ZINC03841653_124	Trypsin_3.sq	330	0.529	0.372	0.157	0
ZINC04636388_79	Trypsin_3.sq	331	0.529	0.381	0.148	0
ZINC03928465_187	Trypsin_3.sq	332	0.529	0.381	0.148	0
ZINC03977164_194	Trypsin_3.sq	333	0.529	0.436	0.093	0
ZINC03841661_75	Trypsin_3.sq	334	0.529	0.427	0.102	0
ZINC02138806_115	Trypsin_3.sq	335	0.529	0.370	0.159	0
ZINC02160725_104	Trypsin_3.sq	336	0.529	0.401	0.127	0
ZINC03980155_159	Trypsin_3.sq	337	0.529	0.367	0.162	0
ZINC03842083_1	Trypsin_3.sq	338	0.529	0.368	0.161	0
ZINC04222445_109	Trypsin_3.sq	339	0.529	0.434	0.095	0
ZINC03304750_139	Trypsin_3.sq	340	0.529	0.394	0.135	0
ZINC02663357_18	Trypsin_3.sq	341	0.528	0.353	0.175	0
ZINC03842255_165	Trypsin_3.sq	342	0.528	0.406	0.122	0
ZINC02700310_25	Trypsin_3.sq	343	0.528	0.402	0.126	0
ZINC01485988_135	Trypsin_3.sq	344	0.528	0.373	0.155	0
ZINC03670345_197	Trypsin_3.sq	345	0.528	0.401	0.127	0
ZINC03808675_165	Trypsin_3.sq	346	0.528	0.389	0.139	0
ZINC03840473_86	Trypsin_3.sq	347	0.528	0.433	0.095	0
ZINC01821865_152	Trypsin_3.sq	348	0.528	0.386	0.142	0
ZINC03917353_123	Trypsin_3.sq	349	0.528	0.362	0.165	0
ZINC02128933_74	Trypsin_3.sq	350	0.528	0.363	0.165	0
ZINC03841650_67	Trypsin_3.sq	351	0.527	0.371	0.157	0
ZINC02372106_192	Trypsin_3.sq	352	0.527	0.415	0.112	0
ZINC02959464_101	Trypsin_3.sq	353	0.527	0.355	0.173	0
ZINC03240845_196	Trypsin_3.sq	354	0.527	0.405	0.123	0
ZINC03933548_118	Trypsin_3.sq	355	0.527	0.401	0.126	0
ZINC02726431_192	Trypsin_3.sq	356	0.527	0.401	0.126	0
ZINC03345168_166	Trypsin_3.sq	357	0.527	0.424	0.103	0
ZINC03852886_170	Trypsin_3.sq	358	0.527	0.374	0.153	0
ZINC03831725_190	Trypsin_3.sq	359	0.527	0.378	0.149	0
ZINC03446998_67	Trypsin_3.sq	360	0.527	0.367	0.160	0
ZINC03834176_106	Trypsin_3.sq	361	0.526	0.364	0.162	1
ZINC03834132_109	Trypsin_3.sq	362	0.526	0.388	0.138	1
ZINC02129135_99	Trypsin_3.sq	363	0.526	0.392	0.134	0
ZINC03890067_60	Trypsin_3.sq	364	0.526	0.381	0.145	0
ZINC03988711_132	Trypsin_3.sq	365	0.526	0.410	0.116	0
ZINC03838231_164	Trypsin_3.sq	366	0.526	0.325	0.201	0
ZINC03531210_166	Trypsin_3.sq	367	0.526	0.383	0.143	0
ZINC03980155_7	Trypsin_3.sq	368	0.526	0.386	0.140	0
ZINC02130564_55	Trypsin_3.sq	369	0.526	0.409	0.117	0
ZINC03977049_197	Trypsin_3.sq	370	0.526	0.417	0.109	0
ZINC02136688_137	Trypsin_3.sq	371	0.526	0.390	0.136	0
ZINC03791580_189	Trypsin_3.sq	372	0.526	0.362	0.163	0
ZINC02135324_167	Trypsin_3.sq	373	0.526	0.370	0.155	0
ZINC03841071_82	Trypsin_3.sq	374	0.525	0.429	0.097	0
ZINC02131954_39	Trypsin_3.sq	375	0.525	0.436	0.090	0
ZINC02712630_39	Trypsin_3.sq	376	0.525	0.422	0.104	0
ZINC04222428_26	Trypsin_3.sq	377	0.525	0.415	0.110	0
ZINC03649937_24	Trypsin_3.sq	378	0.525	0.309	0.216	0
ZINC02135249_105	Trypsin_3.sq	379	0.525	0.394	0.131	0
ZINC03368360_37	Trypsin_3.sq	380	0.525	0.372	0.152	0
ZINC04237001_21	Trypsin_3.sq	381	0.524	0.391	0.133	0
ZINC01092149_155	Trypsin_3.sq	382	0.524	0.371	0.154	0
ZINC03889560_70	Trypsin_3.sq	383	0.524	0.394	0.131	0
ZINC03352882_75	Trypsin_3.sq	384	0.524	0.439	0.085	0
ZINC03890763_60	Trypsin_3.sq	385	0.524	0.400	0.124	0
ZINC03670321_9	Trypsin_3.sq	386	0.524	0.403	0.121	0
ZINC02192461_60	Trypsin_3.sq	387	0.524	0.375	0.149	0
ZINC03990227_185	Trypsin_3.sq	388	0.524	0.398	0.126	0
ZINC02130567_198	Trypsin_3.sq	389	0.524	0.410	0.114	0
ZINC02131328_104	Trypsin_3.sq	390	0.524	0.403	0.121	0
ZINC04289438_118	Trypsin_3.sq	391	0.524	0.363	0.161	0
ZINC02401824_128	Trypsin_3.sq	392	0.524	0.376	0.148	0
ZINC03841097_93	Trypsin_3.sq	393	0.524	0.386	0.138	0
ZINC01654872_48	Trypsin_3.sq	394	0.524	0.359	0.165	0
ZINC03828592_157	Trypsin_3.sq	395	0.524	0.344	0.180	0
ZINC04176343_113	Trypsin_3.sq	396	0.523	0.363	0.160	0
ZINC01550309_99	Trypsin_3.sq	397	0.523	0.339	0.184	0
ZINC01553076_9	Trypsin_3.sq	398	0.523	0.411	0.112	0
ZINC03890266_38	Trypsin_3.sq	399	0.523	0.381	0.142	0
ZINC04222694_70	Trypsin_3.sq	400	0.523	0.369	0.154	0
ZINC03841643_131	Trypsin_3.sq	401	0.523	0.372	0.150	0
ZINC04222431_34	Trypsin_3.sq	402	0.523	0.366	0.156	0
ZINC03834118_185	Trypsin_3.sq	403	0.522	0.385	0.136	1
ZINC02193601_179	Trypsin_3.sq	404	0.522	0.411	0.111	0
ZINC03325417_170	Trypsin_3.sq	405	0.522	0.420	0.102	0
ZINC02134297_82	Trypsin_3.sq	406	0.522	0.391	0.131	0
ZINC03841662_164	Trypsin_3.sq	407	0.522	0.373	0.149	0
ZINC04619174_3	Trypsin_3.sq	408	0.522	0.402	0.121	0
ZINC01538457_67	Trypsin_3.sq	409	0.522	0.371	0.151	0
ZINC00781033_181	Trypsin_3.sq	410	0.522	0.391	0.131	0
ZINC00781033_181	Trypsin_3.sq	411	0.522	0.391	0.131	0
ZINC03971724_188	Trypsin_3.sq	412	0.522	0.383	0.138	0
ZINC03406198_195	Trypsin_3.sq	413	0.522	0.393	0.129	0
ZINC04001668_175	Trypsin_3.sq	414	0.522	0.378	0.144	0
ZINC03989511_28	Trypsin_3.sq	415	0.522	0.374	0.148	0
ZINC02623435_130	Trypsin_3.sq	416	0.522	0.375	0.146	0
ZINC03834153_104	Trypsin_3.sq	417	0.521	0.370	0.151	1
ZINC00771629_169	Trypsin_3.sq	418	0.521	0.427	0.094	0
ZINC02242819_171	Trypsin_3.sq	419	0.521	0.395	0.127	0
ZINC03368314_19	Trypsin_3.sq	420	0.521	0.444	0.077	0
ZINC02129855_71	Trypsin_3.sq	421	0.521	0.378	0.143	0
ZINC03421130_111	Trypsin_3.sq	422	0.521	0.401	0.120	0
ZINC00770143_152	Trypsin_3.sq	423	0.521	0.446	0.075	0
ZINC03438219_24	Trypsin_3.sq	424	0.521	0.356	0.165	0
ZINC03819919_74	Trypsin_3.sq	425	0.521	0.421	0.100	0
ZINC01821865_68	Trypsin_3.sq	426	0.521	0.381	0.140	0
ZINC03361773_198	Trypsin_3.sq	427	0.521	0.372	0.149	0
ZINC02389477_124	Trypsin_3.sq	428	0.521	0.416	0.105	0
ZINC04001668_39	Trypsin_3.sq	429	0.521	0.376	0.145	0
ZINC00580494_197	Trypsin_3.sq	430	0.521	0.384	0.137	0
ZINC03820048_156	Trypsin_3.sq	431	0.521	0.382	0.138	0
ZINC04354140_164	Trypsin_3.sq	432	0.521	0.420	0.101	0
ZINC02579074_197	Trypsin_3.sq	433	0.521	0.442	0.078	0
ZINC04360805_138	Trypsin_3.sq	434	0.520	0.347	0.174	0
ZINC02135330_142	Trypsin_3.sq	435	0.520	0.428	0.093	0
ZINC02630564_164	Trypsin_3.sq	436	0.520	0.413	0.107	0
ZINC03927446_191	Trypsin_3.sq	437	0.520	0.391	0.129	0
ZINC03828686_76	Trypsin_3.sq	438	0.520	0.360	0.160	0
ZINC03928143_102	Trypsin_3.sq	439	0.520	0.364	0.155	0
ZINC00647538_158	Trypsin_3.sq	440	0.520	0.392	0.128	0
ZINC03977101_52	Trypsin_3.sq	441	0.520	0.394	0.126	0
ZINC01069658_106	Trypsin_3.sq	442	0.519	0.423	0.096	0
ZINC03889306_75	Trypsin_3.sq	443	0.519	0.417	0.103	0
ZINC03852887_176	Trypsin_3.sq	444	0.519	0.371	0.148	0
ZINC04001504_195	Trypsin_3.sq	445	0.519	0.382	0.137	0
ZINC04013834_184	Trypsin_3.sq	446	0.519	0.400	0.119	0
ZINC03969853_58	Trypsin_3.sq	447	0.519	0.389	0.130	0
ZINC00962261_10	Trypsin_3.sq	448	0.519	0.371	0.148	0
ZINC03987016_122	Trypsin_3.sq	449	0.518	0.405	0.113	0
ZINC03804651_50	Trypsin_3.sq	450	0.518	0.411	0.108	0
ZINC02939218_190	Trypsin_3.sq	451	0.518	0.341	0.177	0
ZINC03890173_182	Trypsin_3.sq	452	0.518	0.385	0.133	0
ZINC03342986_67	Trypsin_3.sq	453	0.518	0.354	0.164	0
ZINC00842699_176	Trypsin_3.sq	454	0.518	0.422	0.096	0
ZINC02131329_0	Trypsin_3.sq	455	0.518	0.380	0.138	0
ZINC04019803_172	Trypsin_3.sq	456	0.518	0.391	0.127	0
ZINC03938551_162	Trypsin_3.sq	457	0.518	0.400	0.118	0
ZINC04217906_151	Trypsin_3.sq	458	0.518	0.378	0.140	0
ZINC02604747_99	Trypsin_3.sq	459	0.518	0.381	0.137	0
ZINC03270076_87	Trypsin_3.sq	460	0.518	0.369	0.148	0
ZINC03841657_92	Trypsin_3.sq	461	0.518	0.372	0.145	0
ZINC03582941_76	Trypsin_3.sq	462	0.518	0.415	0.103	0
ZINC00770153_182	Trypsin_3.sq	463	0.517	0.388	0.129	0
ZINC01911466_118	Trypsin_3.sq	464	0.517	0.329	0.189	0
ZINC03672559_121	Trypsin_3.sq	465	0.517	0.382	0.135	0
ZINC03891143_131	Trypsin_3.sq	466	0.517	0.442	0.075	0
ZINC02160757_61	Trypsin_3.sq	467	0.517	0.368	0.149	0
ZINC02132098_169	Trypsin_3.sq	468	0.517	0.363	0.154	0
ZINC04619455_20	Trypsin_3.sq	469	0.517	0.388	0.130	0
ZINC01821866_19	Trypsin_3.sq	470	0.517	0.372	0.145	0
ZINC03841649_141	Trypsin_3.sq	471	0.517	0.389	0.128	0
ZINC03304729_13	Trypsin_3.sq	472	0.517	0.376	0.141	0
ZINC03992806_139	Trypsin_3.sq	473	0.517	0.374	0.143	0
ZINC00602703_15	Trypsin_3.sq	474	0.517	0.365	0.152	0
ZINC02130364_186	Trypsin_3.sq	475	0.517	0.353	0.164	0
ZINC03352883_193	Trypsin_3.sq	476	0.517	0.400	0.116	0
ZINC04627709_115	Trypsin_3.sq	477	0.516	0.387	0.129	0
ZINC04248905_99	Trypsin_3.sq	478	0.516	0.376	0.140	0
ZINC03989555_162	Trypsin_3.sq	479	0.516	0.395	0.121	0
ZINC03933859_68	Trypsin_3.sq	480	0.516	0.416	0.101	0
ZINC03446996_192	Trypsin_3.sq	481	0.516	0.390	0.126	0
ZINC03851510_151	Trypsin_3.sq	482	0.516	0.387	0.129	0
ZINC04619225_12	Trypsin_3.sq	483	0.516	0.401	0.115	0
ZINC00962263_70	Trypsin_3.sq	484	0.516	0.369	0.147	0
ZINC03840213_161	Trypsin_3.sq	485	0.516	0.367	0.149	0
ZINC04248905_142	Trypsin_3.sq	486	0.516	0.413	0.103	0
ZINC03867317_111	Trypsin_3.sq	487	0.516	0.403	0.113	0
ZINC01778862_26	Trypsin_3.sq	488	0.516	0.372	0.144	0
ZINC03325422_112	Trypsin_3.sq	489	0.516	0.383	0.133	0
ZINC03834136_131	Trypsin_3.sq	490	0.515	0.356	0.159	1
ZINC03834144_125	Trypsin_3.sq	491	0.515	0.387	0.128	1
ZINC03818476_183	Trypsin_3.sq	492	0.515	0.405	0.110	0
ZINC04004468_123	Trypsin_3.sq	493	0.515	0.375	0.141	0
ZINC01893284_153	Trypsin_3.sq	494	0.515	0.363	0.152	0
ZINC03889240_102	Trypsin_3.sq	495	0.515	0.373	0.142	0
ZINC03530555_108	Trypsin_3.sq	496	0.515	0.414	0.101	0
ZINC02665348_98	Trypsin_3.sq	497	0.515	0.398	0.117	0
ZINC02638491_63	Trypsin_3.sq	498	0.515	0.394	0.121	0
ZINC01893284_102	Trypsin_3.sq	499	0.515	0.374	0.141	0
ZINC02370635_131	Trypsin_3.sq	500	0.515	0.356	0.159	0
ZINC03439248_152	Trypsin_3.sq	501	0.515	0.373	0.142	0
ZINC03801225_77	Trypsin_3.sq	502	0.515	0.395	0.120	0
ZINC03625422_77	Trypsin_3.sq	503	0.515	0.352	0.162	0
ZINC02660602_172	Trypsin_3.sq	504	0.515	0.410	0.105	0
ZINC03942063_113	Trypsin_3.sq	505	0.515	0.364	0.151	0
ZINC03858809_1	Trypsin_3.sq	506	0.514	0.399	0.116	0
ZINC04392549_173	Trypsin_3.sq	507	0.514	0.430	0.084	0
ZINC02656321_148	Trypsin_3.sq	508	0.514	0.381	0.134	0
ZINC02689023_109	Trypsin_3.sq	509	0.514	0.413	0.101	0
ZINC04176624_44	Trypsin_3.sq	510	0.514	0.338	0.176	0
ZINC01549974_192	Trypsin_3.sq	511	0.514	0.313	0.201	0
ZINC03977126_1	Trypsin_3.sq	512	0.514	0.366	0.148	0
ZINC03867367_126	Trypsin_3.sq	513	0.514	0.367	0.148	0
ZINC03398646_32	Trypsin_3.sq	514	0.514	0.374	0.140	0
ZINC00841069_169	Trypsin_3.sq	515	0.514	0.362	0.152	0
ZINC02245596_38	Trypsin_3.sq	516	0.514	0.388	0.126	0
ZINC03938550_151	Trypsin_3.sq	517	0.514	0.399	0.115	0
ZINC04161215_163	Trypsin_3.sq	518	0.514	0.392	0.122	0
ZINC02192462_12	Trypsin_3.sq	519	0.514	0.357	0.157	0
ZINC04356047_94	Trypsin_3.sq	520	0.514	0.363	0.151	0
ZINC02932876_57	Trypsin_3.sq	521	0.514	0.329	0.185	0
ZINC03992834_79	Trypsin_3.sq	522	0.514	0.405	0.109	0
ZINC00606340_159	Trypsin_3.sq	523	0.514	0.394	0.120	0
ZINC03436650_14	Trypsin_3.sq	524	0.514	0.389	0.125	0
ZINC01534672_194	Trypsin_3.sq	525	0.514	0.371	0.143	0
ZINC03322733_154	Trypsin_3.sq	526	0.514	0.392	0.122	0
ZINC03891131_151	Trypsin_3.sq	527	0.514	0.339	0.174	0
ZINC02138809_154	Trypsin_3.sq	528	0.514	0.367	0.146	0
ZINC02378743_76	Trypsin_3.sq	529	0.514	0.405	0.109	0
ZINC03840224_170	Trypsin_3.sq	530	0.514	0.353	0.161	0
ZINC03854116_84	Trypsin_3.sq	531	0.513	0.375	0.138	0
ZINC03405873_127	Trypsin_3.sq	532	0.513	0.396	0.117	0
ZINC03981634_199	Trypsin_3.sq	533	0.513	0.376	0.138	0
ZINC03870745_182	Trypsin_3.sq	534	0.513	0.418	0.095	0
ZINC03928140_30	Trypsin_3.sq	535	0.513	0.368	0.145	0
ZINC00599303_16	Trypsin_3.sq	536	0.513	0.403	0.110	0
ZINC03890764_73	Trypsin_3.sq	537	0.513	0.408	0.105	0
ZINC03575230_118	Trypsin_3.sq	538	0.513	0.346	0.167	0
ZINC03987407_2	Trypsin_3.sq	539	0.513	0.316	0.196	0
ZINC01322331_72	Trypsin_3.sq	540	0.513	0.402	0.111	0
ZINC02656850_165	Trypsin_3.sq	541	0.513	0.357	0.156	0
ZINC02650544_114	Trypsin_3.sq	542	0.513	0.390	0.123	0
ZINC01539779_155	Trypsin_3.sq	543	0.513	0.363	0.150	0
ZINC04464507_17	Trypsin_3.sq	544	0.513	0.415	0.098	0
ZINC00921662_180	Trypsin_3.sq	545	0.513	0.383	0.130	0
ZINC00852448_170	Trypsin_3.sq	546	0.512	0.410	0.103	0
ZINC02422125_83	Trypsin_3.sq	547	0.512	0.384	0.128	0
ZINC03838228_151	Trypsin_3.sq	548	0.512	0.413	0.099	0
ZINC03857535_52	Trypsin_3.sq	549	0.512	0.372	0.140	0
ZINC00902602_172	Trypsin_3.sq	550	0.512	0.387	0.125	0
ZINC01821866_23	Trypsin_3.sq	551	0.512	0.375	0.137	0
ZINC02192461_22	Trypsin_3.sq	552	0.512	0.371	0.141	0
ZINC03309011_22	Trypsin_3.sq	553	0.512	0.384	0.128	0
ZINC04528694_160	Trypsin_3.sq	554	0.512	0.383	0.128	0
ZINC02639675_52	Trypsin_3.sq	555	0.512	0.390	0.122	0
ZINC03429542_159	Trypsin_3.sq	556	0.512	0.424	0.087	0
ZINC03577116_152	Trypsin_3.sq	557	0.511	0.373	0.139	0
ZINC03954689_169	Trypsin_3.sq	558	0.511	0.352	0.160	0
ZINC01095751_162	Trypsin_3.sq	559	0.511	0.366	0.145	0
ZINC02221824_87	Trypsin_3.sq	560	0.511	0.423	0.089	0
ZINC04383610_159	Trypsin_3.sq	561	0.511	0.365	0.146	0
ZINC04003613_114	Trypsin_3.sq	562	0.511	0.353	0.158	0
ZINC02375333_127	Trypsin_3.sq	563	0.511	0.379	0.133	0
ZINC01483635_55	Trypsin_3.sq	564	0.511	0.369	0.142	0
ZINC03670390_179	Trypsin_3.sq	565	0.511	0.390	0.121	0
ZINC03890510_46	Trypsin_3.sq	566	0.511	0.428	0.083	0
ZINC03311922_196	Trypsin_3.sq	567	0.511	0.377	0.133	0
ZINC00576566_16	Trypsin_3.sq	568	0.511	0.382	0.129	0
ZINC03226787_144	Trypsin_3.sq	569	0.511	0.400	0.111	0
ZINC02025209_182	Trypsin_3.sq	570	0.511	0.364	0.147	0
ZINC03867367_74	Trypsin_3.sq	571	0.511	0.367	0.144	0
ZINC03834175_171	Trypsin_3.sq	572	0.510	0.363	0.147	1
ZINC03428233_78	Trypsin_3.sq	573	0.510	0.323	0.187	0
ZINC03283735_62	Trypsin_3.sq	574	0.510	0.415	0.095	0
ZINC03842250_143	Trypsin_3.sq	575	0.510	0.402	0.108	0
ZINC01910166_156	Trypsin_3.sq	576	0.510	0.393	0.117	0
ZINC04619258_40	Trypsin_3.sq	577	0.510	0.390	0.120	0
ZINC04410159_71	Trypsin_3.sq	578	0.510	0.376	0.134	0
ZINC01541498_171	Trypsin_3.sq	579	0.510	0.402	0.108	0
ZINC00902607_171	Trypsin_3.sq	580	0.510	0.376	0.134	0
ZINC04469620_176	Trypsin_3.sq	581	0.510	0.376	0.134	0
ZINC03857957_176	Trypsin_3.sq	582	0.510	0.376	0.134	0
ZINC03972102_121	Trypsin_3.sq	583	0.510	0.355	0.155	0
ZINC03558930_157	Trypsin_3.sq	584	0.510	0.387	0.123	0
ZINC03779518_7	Trypsin_3.sq	585	0.510	0.421	0.089	0
ZINC00596915_156	Trypsin_3.sq	586	0.510	0.382	0.128	0
ZINC02712537_157	Trypsin_3.sq	587	0.510	0.417	0.093	0
ZINC03874450_153	Trypsin_3.sq	588	0.510	0.379	0.131	0
ZINC02700308_198	Trypsin_3.sq	589	0.510	0.408	0.102	0
ZINC03834178_196	Trypsin_3.sq	590	0.509	0.376	0.133	1
ZINC02130566_128	Trypsin_3.sq	591	0.509	0.365	0.145	0
ZINC01548103_134	Trypsin_3.sq	592	0.509	0.366	0.143	0
ZINC04004468_45	Trypsin_3.sq	593	0.509	0.306	0.204	0
ZINC03942063_94	Trypsin_3.sq	594	0.509	0.351	0.158	0
ZINC00842694_120	Trypsin_3.sq	595	0.509	0.426	0.083	0
ZINC03868275_52	Trypsin_3.sq	596	0.509	0.414	0.095	0
ZINC03867408_97	Trypsin_3.sq	597	0.509	0.367	0.142	0
ZINC03858746_117	Trypsin_3.sq	598	0.509	0.378	0.131	0
ZINC03517673_190	Trypsin_3.sq	599	0.509	0.396	0.113	0
ZINC03842252_2	Trypsin_3.sq	600	0.509	0.392	0.117	0
ZINC03969854_189	Trypsin_3.sq	601	0.509	0.362	0.147	0
ZINC03506067_115	Trypsin_3.sq	602	0.509	0.387	0.122	0
ZINC01553940_190	Trypsin_3.sq	603	0.509	0.412	0.097	0
ZINC03857086_178	Trypsin_3.sq	604	0.509	0.369	0.140	0
ZINC04464474_199	Trypsin_3.sq	605	0.509	0.386	0.123	0
ZINC03857579_199	Trypsin_3.sq	606	0.509	0.386	0.123	0
ZINC03838485_176	Trypsin_3.sq	607	0.509	0.390	0.118	0
ZINC03406200_198	Trypsin_3.sq	608	0.509	0.391	0.117	0
ZINC03525889_60	Trypsin_3.sq	609	0.509	0.367	0.141	0
ZINC02368624_107	Trypsin_3.sq	610	0.509	0.361	0.148	0
ZINC03834141_17	Trypsin_3.sq	611	0.508	0.349	0.159	1
ZINC00771641_156	Trypsin_3.sq	612	0.508	0.364	0.144	0
ZINC03351334_132	Trypsin_3.sq	613	0.508	0.387	0.122	0
ZINC02234225_59	Trypsin_3.sq	614	0.508	0.382	0.126	0
ZINC03368208_151	Trypsin_3.sq	615	0.508	0.366	0.142	0
ZINC03807302_16	Trypsin_3.sq	616	0.508	0.348	0.160	0
ZINC03852886_133	Trypsin_3.sq	617	0.508	0.377	0.131	0
ZINC03919845_160	Trypsin_3.sq	618	0.508	0.390	0.118	0
ZINC00962262_51	Trypsin_3.sq	619	0.508	0.374	0.134	0
ZINC03428216_99	Trypsin_3.sq	620	0.508	0.339	0.169	0
ZINC03817868_50	Trypsin_3.sq	621	0.508	0.396	0.113	0
ZINC03933860_175	Trypsin_3.sq	622	0.508	0.437	0.071	0
ZINC03941621_143	Trypsin_3.sq	623	0.508	0.406	0.102	0
ZINC02689021_84	Trypsin_3.sq	624	0.508	0.403	0.105	0
ZINC03822342_167	Trypsin_3.sq	625	0.508	0.392	0.116	0
ZINC03864336_71	Trypsin_3.sq	626	0.508	0.386	0.122	0
ZINC03428219_98	Trypsin_3.sq	627	0.508	0.319	0.189	0
ZINC03974842_167	Trypsin_3.sq	628	0.508	0.359	0.149	0
ZINC00842631_165	Trypsin_3.sq	629	0.508	0.421	0.087	0
ZINC03022164_91	Trypsin_3.sq	630	0.508	0.410	0.097	0
ZINC01631935_111	Trypsin_3.sq	631	0.508	0.416	0.092	0
ZINC02192462_16	Trypsin_3.sq	632	0.507	0.365	0.142	0
ZINC03867408_54	Trypsin_3.sq	633	0.507	0.368	0.139	0
ZINC02652264_9	Trypsin_3.sq	634	0.507	0.352	0.156	0
ZINC03820719_68	Trypsin_3.sq	635	0.507	0.420	0.087	0
ZINC02604748_137	Trypsin_3.sq	636	0.507	0.365	0.142	0
ZINC03344380_26	Trypsin_3.sq	637	0.507	0.412	0.095	0
ZINC02336300_24	Trypsin_3.sq	638	0.507	0.355	0.153	0
ZINC03868275_37	Trypsin_3.sq	639	0.507	0.417	0.090	0
ZINC03819921_83	Trypsin_3.sq	640	0.507	0.395	0.111	0
ZINC03807319_107	Trypsin_3.sq	641	0.507	0.362	0.145	0
ZINC03401801_51	Trypsin_3.sq	642	0.507	0.390	0.117	0
ZINC03838486_112	Trypsin_3.sq	643	0.507	0.385	0.121	0
ZINC03361445_107	Trypsin_3.sq	644	0.507	0.402	0.104	0
ZINC02520769_142	Trypsin_3.sq	645	0.506	0.400	0.107	0
ZINC03558424_30	Trypsin_3.sq	646	0.506	0.405	0.101	0
ZINC04633452_143	Trypsin_3.sq	647	0.506	0.395	0.111	0
ZINC03969854_20	Trypsin_3.sq	648	0.506	0.396	0.110	0
ZINC03367641_17	Trypsin_3.sq	649	0.506	0.326	0.181	0
ZINC03857491_108	Trypsin_3.sq	650	0.506	0.382	0.124	0
ZINC00902681_38	Trypsin_3.sq	651	0.506	0.390	0.116	0
ZINC00842632_178	Trypsin_3.sq	652	0.506	0.399	0.107	0
ZINC04464188_19	Trypsin_3.sq	653	0.506	0.376	0.130	0
ZINC03857181_19	Trypsin_3.sq	654	0.506	0.376	0.130	0
ZINC02221828_173	Trypsin_3.sq	655	0.506	0.406	0.100	0
ZINC03625437_110	Trypsin_3.sq	656	0.506	0.390	0.116	0
ZINC01910168_139	Trypsin_3.sq	657	0.506	0.403	0.103	0
ZINC03955054_60	Trypsin_3.sq	658	0.506	0.366	0.140	0
ZINC02646254_65	Trypsin_3.sq	659	0.506	0.410	0.096	0
ZINC03840228_186	Trypsin_3.sq	660	0.506	0.356	0.149	0
ZINC03538146_31	Trypsin_3.sq	661	0.506	0.408	0.098	0
ZINC03944065_175	Trypsin_3.sq	662	0.506	0.393	0.113	0
ZINC00842700_118	Trypsin_3.sq	663	0.506	0.422	0.083	0
ZINC02693697_44	Trypsin_3.sq	664	0.506	0.360	0.145	0
ZINC03840219_168	Trypsin_3.sq	665	0.506	0.396	0.110	0
ZINC02136685_156	Trypsin_3.sq	666	0.506	0.381	0.124	0
ZINC03972100_53	Trypsin_3.sq	667	0.505	0.368	0.137	0
ZINC00902675_167	Trypsin_3.sq	668	0.505	0.407	0.098	0
ZINC04001514_101	Trypsin_3.sq	669	0.505	0.336	0.170	0
ZINC03857608_103	Trypsin_3.sq	670	0.505	0.370	0.135	0
ZINC04620315_3	Trypsin_3.sq	671	0.505	0.391	0.114	0
ZINC02373588_198	Trypsin_3.sq	672	0.505	0.396	0.109	0
ZINC01552512_70	Trypsin_3.sq	673	0.505	0.392	0.112	0
ZINC02948645_188	Trypsin_3.sq	674	0.505	0.368	0.136	0
ZINC01548784_127	Trypsin_3.sq	675	0.505	0.400	0.104	0
ZINC04464501_113	Trypsin_3.sq	676	0.505	0.369	0.135	0
ZINC03857636_113	Trypsin_3.sq	677	0.505	0.369	0.135	0
ZINC00761797_95	Trypsin_3.sq	678	0.504	0.384	0.120	0
ZINC04147305_44	Trypsin_3.sq	679	0.504	0.410	0.095	0
ZINC03323121_129	Trypsin_3.sq	680	0.504	0.402	0.102	0
ZINC02416419_157	Trypsin_3.sq	681	0.504	0.346	0.158	0
ZINC02352011_126	Trypsin_3.sq	682	0.504	0.342	0.162	0
ZINC03819552_57	Trypsin_3.sq	683	0.504	0.341	0.163	0
ZINC03889313_127	Trypsin_3.sq	684	0.504	0.416	0.088	0
ZINC03351333_164	Trypsin_3.sq	685	0.504	0.394	0.110	0
ZINC03820286_124	Trypsin_3.sq	686	0.504	0.366	0.138	0
ZINC02964504_199	Trypsin_3.sq	687	0.504	0.396	0.108	0
ZINC03325415_129	Trypsin_3.sq	688	0.504	0.372	0.132	0
ZINC03838510_80	Trypsin_3.sq	689	0.504	0.347	0.157	0
ZINC02222762_152	Trypsin_3.sq	690	0.504	0.403	0.101	0
ZINC01549838_66	Trypsin_3.sq	691	0.504	0.384	0.120	0
ZINC03819921_121	Trypsin_3.sq	692	0.504	0.394	0.110	0
ZINC03937550_27	Trypsin_3.sq	693	0.504	0.368	0.136	0
ZINC03820048_154	Trypsin_3.sq	694	0.504	0.385	0.118	0
ZINC03955215_193	Trypsin_3.sq	695	0.504	0.402	0.101	0
ZINC01539778_155	Trypsin_3.sq	696	0.503	0.374	0.129	0
ZINC01840042_145	Trypsin_3.sq	697	0.503	0.394	0.110	0
ZINC04469531_128	Trypsin_3.sq	698	0.503	0.395	0.108	0
ZINC03974519_128	Trypsin_3.sq	699	0.503	0.395	0.108	0
ZINC03820514_49	Trypsin_3.sq	700	0.503	0.385	0.118	0
ZINC00902674_133	Trypsin_3.sq	701	0.503	0.386	0.117	0
ZINC03766053_92	Trypsin_3.sq	702	0.503	0.406	0.097	0
ZINC01549910_90	Trypsin_3.sq	703	0.503	0.388	0.115	0
ZINC02968910_1	Trypsin_3.sq	704	0.503	0.349	0.154	0
ZINC03336530_50	Trypsin_3.sq	705	0.503	0.362	0.141	0
ZINC02656475_54	Trypsin_3.sq	706	0.503	0.368	0.135	0
ZINC02315723_193	Trypsin_3.sq	707	0.503	0.343	0.160	0
ZINC02664902_111	Trypsin_3.sq	708	0.503	0.364	0.139	0
ZINC04355779_13	Trypsin_3.sq	709	0.503	0.400	0.102	0
ZINC04185360_61	Trypsin_3.sq	710	0.503	0.364	0.139	0
ZINC03344415_159	Trypsin_3.sq	711	0.503	0.375	0.128	0
ZINC03948081_38	Trypsin_3.sq	712	0.503	0.352	0.151	0
ZINC03834186_149	Trypsin_3.sq	713	0.502	0.363	0.139	1
ZINC02349120_91	Trypsin_3.sq	714	0.502	0.415	0.087	0
ZINC04001527_53	Trypsin_3.sq	715	0.502	0.368	0.134	0
ZINC02126770_137	Trypsin_3.sq	716	0.502	0.375	0.128	0
ZINC03974622_107	Trypsin_3.sq	717	0.502	0.380	0.122	0
ZINC02700318_161	Trypsin_3.sq	718	0.502	0.382	0.120	0
ZINC03355253_171	Trypsin_3.sq	719	0.502	0.396	0.106	0
ZINC02517180_46	Trypsin_3.sq	720	0.502	0.428	0.074	0
ZINC04236709_147	Trypsin_3.sq	721	0.502	0.419	0.083	0
ZINC01840067_156	Trypsin_3.sq	722	0.502	0.377	0.125	0
ZINC03422554_150	Trypsin_3.sq	723	0.502	0.310	0.192	0
ZINC01554097_52	Trypsin_3.sq	724	0.502	0.405	0.097	0
ZINC03825961_125	Trypsin_3.sq	725	0.502	0.339	0.163	0
ZINC02136680_164	Trypsin_3.sq	726	0.502	0.367	0.135	0
ZINC04001531_50	Trypsin_3.sq	727	0.502	0.366	0.136	0
ZINC02372645_104	Trypsin_3.sq	728	0.502	0.408	0.094	0
ZINC02693577_46	Trypsin_3.sq	729	0.502	0.384	0.118	0
ZINC03889849_170	Trypsin_3.sq	730	0.502	0.354	0.148	0
ZINC04001506_71	Trypsin_3.sq	731	0.502	0.329	0.172	0
ZINC01909188_161	Trypsin_3.sq	732	0.501	0.420	0.082	0
ZINC01865099_135	Trypsin_3.sq	733	0.501	0.394	0.107	0
ZINC02965440_143	Trypsin_3.sq	734	0.501	0.390	0.112	0
ZINC03864337_127	Trypsin_3.sq	735	0.501	0.386	0.115	0
ZINC04185339_153	Trypsin_3.sq	736	0.501	0.368	0.133	0
ZINC04392031_170	Trypsin_3.sq	737	0.501	0.361	0.140	0
ZINC03671448_158	Trypsin_3.sq	738	0.501	0.379	0.122	0
ZINC01070385_164	Trypsin_3.sq	739	0.501	0.408	0.093	0
ZINC04222192_192	Trypsin_3.sq	740	0.501	0.368	0.134	0
ZINC02022408_143	Trypsin_3.sq	741	0.501	0.441	0.061	0
ZINC03320483_17	Trypsin_3.sq	742	0.501	0.395	0.106	0
ZINC01076216_118	Trypsin_3.sq	743	0.501	0.337	0.164	0
ZINC01996908_70	Trypsin_3.sq	744	0.501	0.379	0.122	0
ZINC01494539_101	Trypsin_3.sq	745	0.501	0.403	0.098	0
ZINC01107129_111	Trypsin_3.sq	746	0.501	0.384	0.117	0
ZINC03342986_67	Trypsin_3.sq	747	0.501	0.415	0.086	0
ZINC03367652_54	Trypsin_3.sq	748	0.501	0.313	0.188	0
ZINC00595558_135	Trypsin_3.sq	749	0.501	0.383	0.118	0
ZINC03968719_103	Trypsin_3.sq	750	0.501	0.342	0.159	0
ZINC01109894_72	Trypsin_3.sq	751	0.501	0.399	0.101	0
ZINC01865097_137	Trypsin_3.sq	752	0.501	0.358	0.143	0
ZINC01840065_172	Trypsin_3.sq	753	0.501	0.413	0.088	0
ZINC01854025_44	Trypsin_3.sq	754	0.501	0.405	0.096	0
ZINC02712627_17	Trypsin_3.sq	755	0.501	0.387	0.113	0
ZINC04236932_104	Trypsin_3.sq	756	0.500	0.375	0.125	0
ZINC02388049_178	Trypsin_3.sq	757	0.500	0.388	0.113	0
ZINC02965443_163	Trypsin_3.sq	758	0.500	0.382	0.118	0
ZINC00902658_61	Trypsin_3.sq	759	0.500	0.387	0.113	0
ZINC04382511_30	Trypsin_3.sq	760	0.500	0.426	0.074	0
ZINC04392565_114	Trypsin_3.sq	761	0.500	0.380	0.120	0
ZINC04619495_63	Trypsin_3.sq	762	0.500	0.396	0.105	0
ZINC03919661_118	Trypsin_3.sq	763	0.500	0.360	0.140	0
ZINC03867358_128	Trypsin_3.sq	764	0.500	0.365	0.135	0
ZINC03840253_192	Trypsin_3.sq	765	0.500	0.385	0.115	0
ZINC03818900_150	Trypsin_3.sq	766	0.500	0.331	0.169	0
ZINC02656913_5	Trypsin_3.sq	767	0.500	0.357	0.143	0
ZINC02952188_188	Trypsin_3.sq	768	0.500	0.337	0.163	0
ZINC03819383_100	Trypsin_3.sq	769	0.500	0.392	0.108	0
ZINC03327169_92	Trypsin_3.sq	770	0.500	0.408	0.092	0
ZINC03341362_72	Trypsin_3.sq	771	0.500	0.329	0.171	0
ZINC02379382_96	Trypsin_3.sq	772	0.500	0.418	0.082	0
ZINC03919972_147	Trypsin_3.sq	773	0.500	0.374	0.126	0
ZINC00902583_161	Trypsin_3.sq	774	0.500	0.344	0.156	0
ZINC03600291_66	Trypsin_3.sq	775	0.500	0.404	0.095	0
ZINC03815827_28	Trypsin_3.sq	776	0.499	0.395	0.104	1
ZINC02952339_150	Trypsin_3.sq	777	0.499	0.335	0.164	0
ZINC01840043_108	Trypsin_3.sq	778	0.499	0.388	0.111	0
ZINC02964623_132	Trypsin_3.sq	779	0.499	0.393	0.106	0
ZINC04217908_151	Trypsin_3.sq	780	0.499	0.391	0.108	0
ZINC03800681_128	Trypsin_3.sq	781	0.499	0.317	0.182	0
ZINC00902617_35	Trypsin_3.sq	782	0.499	0.390	0.109	0
ZINC02973482_80	Trypsin_3.sq	783	0.499	0.337	0.162	0
ZINC02640284_98	Trypsin_3.sq	784	0.499	0.358	0.141	0
ZINC02382511_146	Trypsin_3.sq	785	0.499	0.414	0.085	0
ZINC01548416_118	Trypsin_3.sq	786	0.499	0.387	0.112	0
ZINC00579071_26	Trypsin_3.sq	787	0.499	0.367	0.132	0
ZINC03293582_34	Trypsin_3.sq	788	0.499	0.401	0.098	0
ZINC03333552_126	Trypsin_3.sq	789	0.499	0.363	0.136	0
ZINC03987625_174	Trypsin_3.sq	790	0.499	0.384	0.115	0
ZINC03874136_178	Trypsin_3.sq	791	0.499	0.347	0.152	0
ZINC03987620_191	Trypsin_3.sq	792	0.499	0.392	0.107	0
ZINC03891134_61	Trypsin_3.sq	793	0.499	0.372	0.126	0
ZINC04464527_60	Trypsin_3.sq	794	0.499	0.379	0.119	0
ZINC03857694_60	Trypsin_3.sq	795	0.499	0.379	0.119	0
ZINC03838695_155	Trypsin_3.sq	796	0.499	0.367	0.131	0
ZINC04400050_19	Trypsin_3.sq	797	0.499	0.372	0.127	0
ZINC01124510_94	Trypsin_3.sq	798	0.499	0.355	0.143	0
ZINC03914355_43	Trypsin_3.sq	799	0.498	0.408	0.090	0
ZINC03841635_1	Trypsin_3.sq	800	0.498	0.396	0.102	0
ZINC04464286_177	Trypsin_3.sq	801	0.498	0.372	0.126	0
ZINC03857293_177	Trypsin_3.sq	802	0.498	0.372	0.126	0
ZINC00882604_144	Trypsin_3.sq	803	0.498	0.377	0.121	0
ZINC03796166_74	Trypsin_3.sq	804	0.498	0.372	0.126	0
ZINC03941637_144	Trypsin_3.sq	805	0.498	0.415	0.083	0
ZINC00602703_14	Trypsin_3.sq	806	0.498	0.366	0.132	0
ZINC03343938_97	Trypsin_3.sq	807	0.498	0.417	0.081	0
ZINC03820048_11	Trypsin_3.sq	808	0.498	0.347	0.151	0
ZINC03819383_92	Trypsin_3.sq	809	0.498	0.360	0.138	0
ZINC02203888_117	Trypsin_3.sq	810	0.498	0.382	0.115	0
ZINC03829686_170	Trypsin_3.sq	811	0.498	0.353	0.145	0
ZINC01909195_191	Trypsin_3.sq	812	0.498	0.442	0.055	0
ZINC03925788_111	Trypsin_3.sq	813	0.498	0.332	0.166	0
ZINC00818706_165	Trypsin_3.sq	814	0.498	0.353	0.145	0
ZINC01911468_91	Trypsin_3.sq	815	0.497	0.334	0.163	0
ZINC02964505_140	Trypsin_3.sq	816	0.497	0.389	0.109	0
ZINC03421500_51	Trypsin_3.sq	817	0.497	0.330	0.168	0
ZINC00975901_194	Trypsin_3.sq	818	0.497	0.332	0.165	0
ZINC03840253_103	Trypsin_3.sq	819	0.497	0.374	0.123	0
ZINC01534350_129	Trypsin_3.sq	820	0.497	0.364	0.133	0
ZINC02964624_190	Trypsin_3.sq	821	0.497	0.386	0.110	0
ZINC00818706_74	Trypsin_3.sq	822	0.497	0.352	0.145	0
ZINC04161144_28	Trypsin_3.sq	823	0.497	0.378	0.119	0
ZINC00962264_198	Trypsin_3.sq	824	0.497	0.365	0.132	0
ZINC03633212_66	Trypsin_3.sq	825	0.497	0.391	0.106	0
ZINC00764212_2	Trypsin_3.sq	826	0.497	0.397	0.099	0
ZINC03838808_112	Trypsin_3.sq	827	0.497	0.356	0.140	0
ZINC03867337_101	Trypsin_3.sq	828	0.497	0.392	0.105	0
ZINC04382511_88	Trypsin_3.sq	829	0.496	0.432	0.064	0
ZINC01483726_119	Trypsin_3.sq	830	0.496	0.355	0.142	0
ZINC03991702_33	Trypsin_3.sq	831	0.496	0.396	0.100	0
ZINC02221826_194	Trypsin_3.sq	832	0.496	0.397	0.099	0
ZINC04619145_85	Trypsin_3.sq	833	0.496	0.375	0.121	0
ZINC01760987_146	Trypsin_3.sq	834	0.496	0.376	0.120	0
ZINC04464262_21	Trypsin_3.sq	835	0.496	0.373	0.123	0
ZINC03857266_21	Trypsin_3.sq	836	0.496	0.373	0.123	0
ZINC03840215_111	Trypsin_3.sq	837	0.496	0.395	0.101	0
ZINC04522097_139	Trypsin_3.sq	838	0.496	0.374	0.122	0
ZINC02700313_197	Trypsin_3.sq	839	0.496	0.378	0.118	0
ZINC03325420_151	Trypsin_3.sq	840	0.496	0.400	0.096	0
ZINC03325703_177	Trypsin_3.sq	841	0.496	0.361	0.134	0
ZINC00921352_55	Trypsin_3.sq	842	0.496	0.379	0.117	0
ZINC01882071_133	Trypsin_3.sq	843	0.496	0.399	0.096	0
ZINC03832371_72	Trypsin_3.sq	844	0.495	0.379	0.116	1
ZINC04103307_63	Trypsin_3.sq	845	0.495	0.357	0.139	0
ZINC03819919_177	Trypsin_3.sq	846	0.495	0.414	0.082	0
ZINC00762710_199	Trypsin_3.sq	847	0.495	0.379	0.117	0
ZINC04236675_146	Trypsin_3.sq	848	0.495	0.402	0.094	0
ZINC04388330_175	Trypsin_3.sq	849	0.495	0.386	0.109	0
ZINC03840084_199	Trypsin_3.sq	850	0.495	0.389	0.106	0
ZINC02846329_122	Trypsin_3.sq	851	0.495	0.359	0.137	0
ZINC03973000_149	Trypsin_3.sq	852	0.495	0.375	0.120	0
ZINC03817609_95	Trypsin_3.sq	853	0.495	0.383	0.112	0
ZINC03517672_192	Trypsin_3.sq	854	0.495	0.396	0.099	0
ZINC02002121_189	Trypsin_3.sq	855	0.495	0.354	0.141	0
ZINC01534671_160	Trypsin_3.sq	856	0.495	0.373	0.122	0
ZINC02415381_156	Trypsin_3.sq	857	0.495	0.391	0.103	0
ZINC02700304_103	Trypsin_3.sq	858	0.495	0.361	0.134	0
ZINC00902651_130	Trypsin_3.sq	859	0.495	0.403	0.092	0
ZINC03105220_114	Trypsin_3.sq	860	0.495	0.369	0.125	0
ZINC03807318_160	Trypsin_3.sq	861	0.495	0.350	0.145	0
ZINC03274648_131	Trypsin_3.sq	862	0.495	0.392	0.102	0
ZINC00974236_192	Trypsin_3.sq	863	0.495	0.347	0.148	0
ZINC02384342_82	Trypsin_3.sq	864	0.494	0.407	0.088	0
ZINC00902612_44	Trypsin_3.sq	865	0.494	0.385	0.110	0
ZINC04003611_188	Trypsin_3.sq	866	0.494	0.416	0.079	0
ZINC02586497_33	Trypsin_3.sq	867	0.494	0.376	0.118	0
ZINC00787127_50	Trypsin_3.sq	868	0.494	0.391	0.103	0
ZINC00767720_89	Trypsin_3.sq	869	0.494	0.371	0.123	0
ZINC04004342_140	Trypsin_3.sq	870	0.494	0.394	0.100	0
ZINC03342986_75	Trypsin_3.sq	871	0.494	0.411	0.083	0
ZINC03820960_73	Trypsin_3.sq	872	0.494	0.373	0.121	0
ZINC04355470_110	Trypsin_3.sq	873	0.494	0.399	0.094	0
ZINC00602703_14	Trypsin_3.sq	874	0.494	0.367	0.127	0
ZINC02967871_174	Trypsin_3.sq	875	0.494	0.389	0.104	0
ZINC03891128_153	Trypsin_3.sq	876	0.494	0.386	0.108	0
ZINC03511243_172	Trypsin_3.sq	877	0.494	0.362	0.131	0
ZINC01551643_23	Trypsin_3.sq	878	0.494	0.334	0.160	0
ZINC01536785_194	Trypsin_3.sq	879	0.494	0.402	0.091	0
ZINC02700316_92	Trypsin_3.sq	880	0.494	0.369	0.124	0
ZINC03558425_189	Trypsin_3.sq	881	0.494	0.399	0.094	0
ZINC03959476_98	Trypsin_3.sq	882	0.494	0.344	0.150	0
ZINC04464516_189	Trypsin_3.sq	883	0.494	0.369	0.125	0
ZINC03992818_189	Trypsin_3.sq	884	0.494	0.369	0.125	0
ZINC03834180_167	Trypsin_3.sq	885	0.493	0.369	0.124	1
ZINC03270022_168	Trypsin_3.sq	886	0.493	0.383	0.111	0
ZINC03944062_195	Trypsin_3.sq	887	0.493	0.388	0.105	0
ZINC03871842_160	Trypsin_3.sq	888	0.493	0.318	0.175	0
ZINC04188516_95	Trypsin_3.sq	889	0.493	0.395	0.098	0
ZINC02964627_24	Trypsin_3.sq	890	0.493	0.370	0.123	0
ZINC03552652_95	Trypsin_3.sq	891	0.493	0.352	0.141	0
ZINC03356245_10	Trypsin_3.sq	892	0.493	0.393	0.100	0
ZINC03939269_75	Trypsin_3.sq	893	0.493	0.373	0.120	0
ZINC03827742_105	Trypsin_3.sq	894	0.493	0.336	0.157	0
ZINC01882072_154	Trypsin_3.sq	895	0.493	0.392	0.101	0
ZINC03977400_60	Trypsin_3.sq	896	0.493	0.361	0.132	0
ZINC03269986_94	Trypsin_3.sq	897	0.493	0.405	0.087	0
ZINC03993045_197	Trypsin_3.sq	898	0.493	0.342	0.151	0
ZINC00588956_10	Trypsin_3.sq	899	0.493	0.372	0.121	0
ZINC02432904_187	Trypsin_3.sq	900	0.493	0.379	0.114	0
ZINC03820286_173	Trypsin_3.sq	901	0.493	0.374	0.118	0
ZINC02970930_59	Trypsin_3.sq	902	0.492	0.362	0.130	0
ZINC03840254_137	Trypsin_3.sq	903	0.492	0.343	0.149	0
ZINC03346129_31	Trypsin_3.sq	904	0.492	0.388	0.104	0
ZINC03500184_21	Trypsin_3.sq	905	0.492	0.384	0.108	0
ZINC03838487_99	Trypsin_3.sq	906	0.492	0.374	0.118	0
ZINC03993149_152	Trypsin_3.sq	907	0.492	0.345	0.147	0
ZINC03990230_33	Trypsin_3.sq	908	0.492	0.402	0.090	0
ZINC03987619_170	Trypsin_3.sq	909	0.492	0.389	0.103	0
ZINC03338441_83	Trypsin_3.sq	910	0.492	0.365	0.127	0
ZINC03811853_122	Trypsin_3.sq	911	0.492	0.400	0.092	0
ZINC04215208_2	Trypsin_3.sq	912	0.492	0.402	0.090	0
ZINC03933550_126	Trypsin_3.sq	913	0.492	0.407	0.085	0
ZINC03914448_175	Trypsin_3.sq	914	0.491	0.327	0.164	0
ZINC03271184_148	Trypsin_3.sq	915	0.491	0.387	0.105	0
ZINC01838798_43	Trypsin_3.sq	916	0.491	0.387	0.104	0
ZINC02285344_143	Trypsin_3.sq	917	0.491	0.392	0.099	0
ZINC03840223_187	Trypsin_3.sq	918	0.491	0.347	0.144	0
ZINC02939779_66	Trypsin_3.sq	919	0.491	0.370	0.121	0
ZINC04200773_32	Trypsin_3.sq	920	0.491	0.374	0.117	0
ZINC03294945_137	Trypsin_3.sq	921	0.491	0.307	0.184	0
ZINC03923780_47	Trypsin_3.sq	922	0.491	0.388	0.104	0
ZINC03825315_112	Trypsin_3.sq	923	0.491	0.353	0.138	0
ZINC03987062_37	Trypsin_3.sq	924	0.491	0.372	0.119	0
ZINC03936845_141	Trypsin_3.sq	925	0.491	0.352	0.139	0
ZINC03311920_82	Trypsin_3.sq	926	0.491	0.358	0.132	0
ZINC02516126_68	Trypsin_3.sq	927	0.491	0.429	0.062	0
ZINC02618783_185	Trypsin_3.sq	928	0.491	0.355	0.136	0
ZINC02973482_15	Trypsin_3.sq	929	0.491	0.337	0.154	0
ZINC04213700_155	Trypsin_3.sq	930	0.491	0.362	0.128	0
ZINC04619441_161	Trypsin_3.sq	931	0.490	0.395	0.096	0
ZINC04619155_68	Trypsin_3.sq	932	0.490	0.377	0.113	0
ZINC03800681_0	Trypsin_3.sq	933	0.490	0.322	0.169	0
ZINC02946022_188	Trypsin_3.sq	934	0.490	0.388	0.102	0
ZINC03933859_70	Trypsin_3.sq	935	0.490	0.425	0.065	0
ZINC02388022_146	Trypsin_3.sq	936	0.490	0.340	0.150	0
ZINC01549835_199	Trypsin_3.sq	937	0.490	0.427	0.063	0
ZINC03974958_101	Trypsin_3.sq	938	0.490	0.370	0.120	0
ZINC03530553_158	Trypsin_3.sq	939	0.490	0.383	0.107	0
ZINC03821284_48	Trypsin_3.sq	940	0.490	0.356	0.134	0
ZINC04217907_46	Trypsin_3.sq	941	0.490	0.372	0.118	0
ZINC03992943_189	Trypsin_3.sq	942	0.490	0.366	0.124	0
ZINC03840225_71	Trypsin_3.sq	943	0.490	0.391	0.098	0
ZINC04383614_10	Trypsin_3.sq	944	0.490	0.384	0.106	0
ZINC03993078_131	Trypsin_3.sq	945	0.490	0.361	0.129	0
ZINC00970330_196	Trypsin_3.sq	946	0.490	0.374	0.115	0
ZINC03406067_177	Trypsin_3.sq	947	0.489	0.384	0.106	0
ZINC02686580_136	Trypsin_3.sq	948	0.489	0.350	0.139	0
ZINC03819918_118	Trypsin_3.sq	949	0.489	0.396	0.093	0
ZINC00594557_26	Trypsin_3.sq	950	0.489	0.360	0.129	0
ZINC03367635_24	Trypsin_3.sq	951	0.489	0.329	0.160	0
ZINC02929230_111	Trypsin_3.sq	952	0.489	0.379	0.110	0
ZINC04468426_131	Trypsin_3.sq	953	0.489	0.399	0.090	0
ZINC03859006_131	Trypsin_3.sq	954	0.489	0.399	0.090	0
ZINC03612068_26	Trypsin_3.sq	955	0.489	0.385	0.104	0
ZINC03367645_6	Trypsin_3.sq	956	0.489	0.342	0.147	0
ZINC00902641_118	Trypsin_3.sq	957	0.489	0.427	0.062	0
ZINC03980048_167	Trypsin_3.sq	958	0.489	0.393	0.096	0
ZINC01728479_13	Trypsin_3.sq	959	0.489	0.404	0.085	0
ZINC01549768_144	Trypsin_3.sq	960	0.489	0.372	0.117	0
ZINC03987019_59	Trypsin_3.sq	961	0.489	0.372	0.117	0
ZINC00596374_119	Trypsin_3.sq	962	0.489	0.373	0.116	0
ZINC04340537_135	Trypsin_3.sq	963	0.489	0.392	0.097	0
ZINC03406335_28	Trypsin_3.sq	964	0.489	0.384	0.105	0
ZINC01838799_111	Trypsin_3.sq	965	0.489	0.389	0.100	0
ZINC03022380_191	Trypsin_3.sq	966	0.488	0.399	0.090	0
ZINC03522031_190	Trypsin_3.sq	967	0.488	0.379	0.109	0
ZINC03510040_64	Trypsin_3.sq	968	0.488	0.384	0.105	0
ZINC03867781_195	Trypsin_3.sq	969	0.488	0.357	0.131	0
ZINC03804979_146	Trypsin_3.sq	970	0.488	0.362	0.126	0
ZINC03974617_162	Trypsin_3.sq	971	0.488	0.373	0.116	0
ZINC03976355_159	Trypsin_3.sq	972	0.488	0.370	0.118	0
ZINC03449603_22	Trypsin_3.sq	973	0.488	0.312	0.176	0
ZINC03446683_31	Trypsin_3.sq	974	0.488	0.360	0.128	0
ZINC02252933_119	Trypsin_3.sq	975	0.488	0.396	0.092	0
ZINC03319105_3	Trypsin_3.sq	976	0.488	0.355	0.133	0
ZINC00902610_106	Trypsin_3.sq	977	0.488	0.339	0.149	0
ZINC00974317_145	Trypsin_3.sq	978	0.488	0.376	0.112	0
ZINC03524549_103	Trypsin_3.sq	979	0.488	0.387	0.101	0
ZINC03812795_116	Trypsin_3.sq	980	0.488	0.369	0.119	0
ZINC00906167_55	Trypsin_3.sq	981	0.488	0.409	0.079	0
ZINC03915830_111	Trypsin_3.sq	982	0.488	0.351	0.136	0
ZINC00761819_110	Trypsin_3.sq	983	0.488	0.354	0.134	0
ZINC03990238_139	Trypsin_3.sq	984	0.488	0.403	0.085	0
ZINC04619469_105	Trypsin_3.sq	985	0.488	0.383	0.105	0
ZINC01551243_50	Trypsin_3.sq	986	0.487	0.341	0.147	0
ZINC03606133_169	Trypsin_3.sq	987	0.487	0.389	0.098	0
ZINC03415536_74	Trypsin_3.sq	988	0.487	0.306	0.181	0
ZINC03784889_134	Trypsin_3.sq	989	0.487	0.369	0.118	0
ZINC03633199_147	Trypsin_3.sq	990	0.487	0.399	0.088	0
ZINC03391415_149	Trypsin_3.sq	991	0.487	0.366	0.121	0
ZINC03780338_13	Trypsin_3.sq	992	0.487	0.350	0.137	0
ZINC03840236_185	Trypsin_3.sq	993	0.487	0.394	0.094	0
ZINC03840227_62	Trypsin_3.sq	994	0.487	0.359	0.128	0
ZINC03350269_74	Trypsin_3.sq	995	0.487	0.405	0.082	0
ZINC04619253_75	Trypsin_3.sq	996	0.487	0.393	0.094	0
ZINC02967870_161	Trypsin_3.sq	997	0.487	0.347	0.140	0
ZINC00588652_114	Trypsin_3.sq	998	0.487	0.374	0.113	0
ZINC04287505_187	Trypsin_3.sq	999	0.487	0.371	0.116	0
ZINC03377880_96	Trypsin_3.sq	1000	0.487	0.355	0.132	0
ZINC03867359_194	Trypsin_3.sq	1001	0.487	0.333	0.154	0
ZINC02971927_91	Trypsin_3.sq	1002	0.487	0.380	0.107	0
ZINC03416473_67	Trypsin_3.sq	1003	0.487	0.373	0.114	0
ZINC03304882_185	Trypsin_3.sq	1004	0.487	0.351	0.135	0
ZINC04359876_141	Trypsin_3.sq	1005	0.487	0.380	0.106	0
ZINC03552654_17	Trypsin_3.sq	1006	0.487	0.329	0.157	0
ZINC03838230_100	Trypsin_3.sq	1007	0.486	0.371	0.115	0
ZINC03842254_140	Trypsin_3.sq	1008	0.486	0.407	0.079	0
ZINC02488182_97	Trypsin_3.sq	1009	0.486	0.375	0.111	0
ZINC00902638_50	Trypsin_3.sq	1010	0.486	0.381	0.105	0
ZINC03840215_112	Trypsin_3.sq	1011	0.486	0.402	0.084	0
ZINC02616762_1	Trypsin_3.sq	1012	0.486	0.349	0.138	0
ZINC02199684_102	Trypsin_3.sq	1013	0.486	0.361	0.125	0
ZINC01107131_186	Trypsin_3.sq	1014	0.486	0.377	0.109	0
ZINC00974236_135	Trypsin_3.sq	1015	0.486	0.299	0.187	0
ZINC04522026_14	Trypsin_3.sq	1016	0.486	0.377	0.109	0
ZINC03855457_176	Trypsin_3.sq	1017	0.486	0.384	0.102	0
ZINC03426730_198	Trypsin_3.sq	1018	0.486	0.341	0.145	0
ZINC02203296_128	Trypsin_3.sq	1019	0.486	0.411	0.075	0
ZINC03670334_72	Trypsin_3.sq	1020	0.486	0.383	0.103	0
ZINC03244776_173	Trypsin_3.sq	1021	0.486	0.375	0.111	0
ZINC03944257_66	Trypsin_3.sq	1022	0.486	0.358	0.128	0
ZINC03990230_72	Trypsin_3.sq	1023	0.486	0.371	0.114	0
ZINC03346847_95	Trypsin_3.sq	1024	0.486	0.373	0.113	0
ZINC02124510_78	Trypsin_3.sq	1025	0.485	0.366	0.120	0
ZINC03010371_6	Trypsin_3.sq	1026	0.485	0.391	0.095	0
ZINC00902581_84	Trypsin_3.sq	1027	0.485	0.383	0.103	0
ZINC00770809_84	Trypsin_3.sq	1028	0.485	0.352	0.133	0
ZINC03936343_34	Trypsin_3.sq	1029	0.485	0.335	0.150	0
ZINC03584472_53	Trypsin_3.sq	1030	0.485	0.389	0.097	0
ZINC04522150_156	Trypsin_3.sq	1031	0.485	0.356	0.130	0
ZINC02618307_159	Trypsin_3.sq	1032	0.485	0.407	0.078	0
ZINC02939761_55	Trypsin_3.sq	1033	0.485	0.366	0.119	0
ZINC03271207_79	Trypsin_3.sq	1034	0.485	0.386	0.099	0
ZINC04465649_93	Trypsin_3.sq	1035	0.485	0.349	0.137	0
ZINC03867594_93	Trypsin_3.sq	1036	0.485	0.349	0.137	0
ZINC04056952_196	Trypsin_3.sq	1037	0.485	0.357	0.128	0
ZINC01483810_156	Trypsin_3.sq	1038	0.485	0.389	0.095	0
ZINC04191513_176	Trypsin_3.sq	1039	0.485	0.366	0.118	0
ZINC04013834_52	Trypsin_3.sq	1040	0.485	0.375	0.110	0
ZINC03977400_113	Trypsin_3.sq	1041	0.485	0.357	0.128	0
ZINC02218504_63	Trypsin_3.sq	1042	0.485	0.353	0.131	0
ZINC04529429_131	Trypsin_3.sq	1043	0.485	0.390	0.094	0
ZINC03966737_153	Trypsin_3.sq	1044	0.485	0.403	0.081	0
ZINC00921218_101	Trypsin_3.sq	1045	0.484	0.331	0.153	0
ZINC02204440_33	Trypsin_3.sq	1046	0.484	0.402	0.082	0
ZINC03368272_126	Trypsin_3.sq	1047	0.484	0.376	0.108	0
ZINC02616929_96	Trypsin_3.sq	1048	0.484	0.369	0.116	0
ZINC03438914_198	Trypsin_3.sq	1049	0.484	0.374	0.110	0
ZINC04619462_42	Trypsin_3.sq	1050	0.484	0.387	0.097	0
ZINC00902597_159	Trypsin_3.sq	1051	0.484	0.354	0.131	0
ZINC00599269_38	Trypsin_3.sq	1052	0.484	0.343	0.141	0
ZINC04529203_172	Trypsin_3.sq	1053	0.484	0.354	0.130	0
ZINC02578005_194	Trypsin_3.sq	1054	0.484	0.396	0.088	0
ZINC03439320_33	Trypsin_3.sq	1055	0.484	0.375	0.109	0
ZINC03959472_79	Trypsin_3.sq	1056	0.484	0.323	0.161	0
ZINC03801571_59	Trypsin_3.sq	1057	0.484	0.366	0.118	0
ZINC03980048_48	Trypsin_3.sq	1058	0.484	0.398	0.086	0
ZINC01821508_122	Trypsin_3.sq	1059	0.484	0.371	0.113	0
ZINC03820640_169	Trypsin_3.sq	1060	0.484	0.339	0.145	0
ZINC04619443_1	Trypsin_3.sq	1061	0.484	0.375	0.109	0
ZINC03858746_141	Trypsin_3.sq	1062	0.484	0.339	0.145	0
ZINC01893381_25	Trypsin_3.sq	1063	0.484	0.389	0.094	0
ZINC00921220_176	Trypsin_3.sq	1064	0.484	0.330	0.153	0
ZINC00762664_69	Trypsin_3.sq	1065	0.484	0.382	0.101	0
ZINC03990241_90	Trypsin_3.sq	1066	0.483	0.347	0.136	0
ZINC03891139_83	Trypsin_3.sq	1067	0.483	0.336	0.148	0
ZINC04248905_194	Trypsin_3.sq	1068	0.483	0.373	0.110	0
ZINC02651721_7	Trypsin_3.sq	1069	0.483	0.355	0.128	0
ZINC01541499_170	Trypsin_3.sq	1070	0.483	0.377	0.106	0
ZINC04619211_52	Trypsin_3.sq	1071	0.483	0.370	0.113	0
ZINC01814861_146	Trypsin_3.sq	1072	0.483	0.368	0.115	0
ZINC02928669_50	Trypsin_3.sq	1073	0.483	0.372	0.111	0
ZINC02693579_19	Trypsin_3.sq	1074	0.483	0.288	0.194	0
ZINC00902591_77	Trypsin_3.sq	1075	0.483	0.374	0.108	0
ZINC01826420_184	Trypsin_3.sq	1076	0.483	0.372	0.111	0
ZINC01911463_124	Trypsin_3.sq	1077	0.483	0.343	0.140	0
ZINC03818549_141	Trypsin_3.sq	1078	0.483	0.346	0.136	0
ZINC03977175_62	Trypsin_3.sq	1079	0.483	0.404	0.079	0
ZINC03840233_28	Trypsin_3.sq	1080	0.483	0.346	0.137	0
ZINC03449087_124	Trypsin_3.sq	1081	0.483	0.363	0.120	0
ZINC02491745_75	Trypsin_3.sq	1082	0.483	0.357	0.126	0
ZINC03834181_55	Trypsin_3.sq	1083	0.482	0.362	0.121	1
ZINC00921665_115	Trypsin_3.sq	1084	0.482	0.363	0.120	0
ZINC03304761_34	Trypsin_3.sq	1085	0.482	0.395	0.087	0
ZINC02964626_17	Trypsin_3.sq	1086	0.482	0.380	0.103	0
ZINC01886806_126	Trypsin_3.sq	1087	0.482	0.358	0.125	0
ZINC03892228_168	Trypsin_3.sq	1088	0.482	0.352	0.130	0
ZINC02656851_18	Trypsin_3.sq	1089	0.482	0.381	0.101	0
ZINC04388344_109	Trypsin_3.sq	1090	0.482	0.412	0.070	0
ZINC01546188_30	Trypsin_3.sq	1091	0.482	0.361	0.121	0
ZINC03980156_184	Trypsin_3.sq	1092	0.482	0.334	0.148	0
ZINC03977131_12	Trypsin_3.sq	1093	0.482	0.411	0.071	0
ZINC03944241_124	Trypsin_3.sq	1094	0.482	0.371	0.111	0
ZINC03818515_150	Trypsin_3.sq	1095	0.482	0.387	0.095	0
ZINC01124508_173	Trypsin_3.sq	1096	0.482	0.374	0.108	0
ZINC01425983_174	Trypsin_3.sq	1097	0.482	0.347	0.135	0
ZINC04080451_67	Trypsin_3.sq	1098	0.482	0.378	0.104	0
ZINC03867781_59	Trypsin_3.sq	1099	0.482	0.371	0.111	0
ZINC04191683_75	Trypsin_3.sq	1100	0.481	0.381	0.100	0
ZINC00902660_101	Trypsin_3.sq	1101	0.481	0.367	0.115	0
ZINC03874559_171	Trypsin_3.sq	1102	0.481	0.350	0.131	0
ZINC00718798_188	Trypsin_3.sq	1103	0.481	0.376	0.106	0
ZINC00902649_102	Trypsin_3.sq	1104	0.481	0.372	0.109	0
ZINC03812787_49	Trypsin_3.sq	1105	0.481	0.323	0.158	0
ZINC02975581_75	Trypsin_3.sq	1106	0.481	0.391	0.091	0
ZINC02712542_142	Trypsin_3.sq	1107	0.481	0.390	0.091	0
ZINC02960156_159	Trypsin_3.sq	1108	0.481	0.347	0.134	0
ZINC03643930_5	Trypsin_3.sq	1109	0.481	0.406	0.075	0
ZINC03990238_137	Trypsin_3.sq	1110	0.481	0.345	0.136	0
ZINC03408831_190	Trypsin_3.sq	1111	0.481	0.374	0.107	0
ZINC02952022_17	Trypsin_3.sq	1112	0.481	0.357	0.124	0
ZINC03867341_29	Trypsin_3.sq	1113	0.481	0.406	0.075	0
ZINC03810496_1	Trypsin_3.sq	1114	0.481	0.338	0.142	0
ZINC03790144_56	Trypsin_3.sq	1115	0.481	0.353	0.127	0
ZINC00902614_177	Trypsin_3.sq	1116	0.480	0.336	0.144	0
ZINC03981618_168	Trypsin_3.sq	1117	0.480	0.399	0.082	0
ZINC03990230_143	Trypsin_3.sq	1118	0.480	0.373	0.107	0
ZINC02654203_7	Trypsin_3.sq	1119	0.480	0.353	0.127	0
ZINC03416471_133	Trypsin_3.sq	1120	0.480	0.352	0.128	0
ZINC03972587_5	Trypsin_3.sq	1121	0.480	0.386	0.094	0
ZINC03816461_183	Trypsin_3.sq	1122	0.480	0.401	0.079	0
ZINC03867662_154	Trypsin_3.sq	1123	0.480	0.345	0.135	0
ZINC03665811_50	Trypsin_3.sq	1124	0.480	0.369	0.111	0
ZINC01125455_99	Trypsin_3.sq	1125	0.480	0.407	0.073	0
ZINC02370986_196	Trypsin_3.sq	1126	0.480	0.385	0.095	0
ZINC00719055_0	Trypsin_3.sq	1127	0.480	0.361	0.118	0
ZINC00902604_191	Trypsin_3.sq	1128	0.480	0.343	0.137	0
ZINC02847030_26	Trypsin_3.sq	1129	0.480	0.342	0.138	0
ZINC03818071_180	Trypsin_3.sq	1130	0.480	0.382	0.097	0
ZINC01532360_26	Trypsin_3.sq	1131	0.480	0.348	0.132	0
ZINC03810149_69	Trypsin_3.sq	1132	0.479	0.392	0.088	0
ZINC00921243_78	Trypsin_3.sq	1133	0.479	0.426	0.054	0
ZINC01109283_79	Trypsin_3.sq	1134	0.479	0.356	0.123	0
ZINC00770994_139	Trypsin_3.sq	1135	0.479	0.384	0.095	0
ZINC03964139_83	Trypsin_3.sq	1136	0.479	0.368	0.111	0
ZINC03637109_70	Trypsin_3.sq	1137	0.479	0.358	0.121	0
ZINC00883537_26	Trypsin_3.sq	1138	0.479	0.348	0.132	0
ZINC04142153_93	Trypsin_3.sq	1139	0.479	0.373	0.106	0
ZINC02959435_173	Trypsin_3.sq	1140	0.479	0.347	0.132	0
ZINC00902677_23	Trypsin_3.sq	1141	0.479	0.366	0.114	0
ZINC02975581_171	Trypsin_3.sq	1142	0.479	0.397	0.082	0
ZINC03408915_42	Trypsin_3.sq	1143	0.479	0.357	0.122	0
ZINC02970965_146	Trypsin_3.sq	1144	0.479	0.390	0.089	0
ZINC02221823_118	Trypsin_3.sq	1145	0.479	0.391	0.087	0
ZINC03820342_37	Trypsin_3.sq	1146	0.479	0.365	0.113	0
ZINC02445827_189	Trypsin_3.sq	1147	0.479	0.385	0.093	0
ZINC03633118_189	Trypsin_3.sq	1148	0.478	0.364	0.114	0
ZINC00767140_170	Trypsin_3.sq	1149	0.478	0.361	0.117	0
ZINC03358513_159	Trypsin_3.sq	1150	0.478	0.366	0.112	0
ZINC04627706_9	Trypsin_3.sq	1151	0.478	0.326	0.152	0
ZINC04522011_178	Trypsin_3.sq	1152	0.478	0.383	0.095	0
ZINC03976197_95	Trypsin_3.sq	1153	0.478	0.388	0.090	0
ZINC04356242_55	Trypsin_3.sq	1154	0.478	0.382	0.096	0
ZINC00779494_57	Trypsin_3.sq	1155	0.478	0.339	0.139	0
ZINC02967871_18	Trypsin_3.sq	1156	0.478	0.309	0.169	0
ZINC03930465_191	Trypsin_3.sq	1157	0.478	0.336	0.142	0
ZINC03289557_46	Trypsin_3.sq	1158	0.478	0.352	0.126	0
ZINC02970984_60	Trypsin_3.sq	1159	0.478	0.406	0.071	0
ZINC04001743_29	Trypsin_3.sq	1160	0.478	0.348	0.130	0
ZINC03325755_7	Trypsin_3.sq	1161	0.478	0.343	0.135	0
ZINC01549329_69	Trypsin_3.sq	1162	0.478	0.386	0.091	0
ZINC03834187_101	Trypsin_3.sq	1163	0.477	0.356	0.121	1
ZINC03408530_93	Trypsin_3.sq	1164	0.477	0.370	0.108	0
ZINC03812104_156	Trypsin_3.sq	1165	0.477	0.366	0.111	0
ZINC01889282_2	Trypsin_3.sq	1166	0.477	0.371	0.106	0
ZINC04188447_80	Trypsin_3.sq	1167	0.477	0.362	0.115	0
ZINC01534345_48	Trypsin_3.sq	1168	0.477	0.374	0.103	0
ZINC04355175_63	Trypsin_3.sq	1169	0.477	0.361	0.116	0
ZINC04257378_18	Trypsin_3.sq	1170	0.477	0.362	0.115	0
ZINC03980272_169	Trypsin_3.sq	1171	0.477	0.396	0.082	0
ZINC00977950_174	Trypsin_3.sq	1172	0.477	0.355	0.122	0
ZINC03519423_94	Trypsin_3.sq	1173	0.477	0.382	0.095	0
ZINC03795710_13	Trypsin_3.sq	1174	0.477	0.371	0.106	0
ZINC04424329_141	Trypsin_3.sq	1175	0.477	0.373	0.103	0
ZINC01539714_101	Trypsin_3.sq	1176	0.477	0.378	0.099	0
ZINC03801144_69	Trypsin_3.sq	1177	0.477	0.347	0.130	0
ZINC02416080_24	Trypsin_3.sq	1178	0.476	0.371	0.106	0
ZINC03933416_136	Trypsin_3.sq	1179	0.476	0.378	0.098	0
ZINC03963063_141	Trypsin_3.sq	1180	0.476	0.352	0.124	0
ZINC03990241_141	Trypsin_3.sq	1181	0.476	0.348	0.128	0
ZINC03368307_141	Trypsin_3.sq	1182	0.476	0.376	0.100	0
ZINC00588652_118	Trypsin_3.sq	1183	0.476	0.378	0.098	0
ZINC01831170_8	Trypsin_3.sq	1184	0.476	0.367	0.109	0
ZINC01764494_141	Trypsin_3.sq	1185	0.476	0.366	0.110	0
ZINC04202240_11	Trypsin_3.sq	1186	0.476	0.381	0.094	0
ZINC03821396_71	Trypsin_3.sq	1187	0.476	0.346	0.130	0
ZINC03577109_22	Trypsin_3.sq	1188	0.476	0.373	0.103	0
ZINC03820759_58	Trypsin_3.sq	1189	0.476	0.372	0.103	0
ZINC03820759_58	Trypsin_3.sq	1190	0.476	0.372	0.103	0
ZINC03405968_104	Trypsin_3.sq	1191	0.475	0.381	0.095	0
ZINC03815881_99	Trypsin_3.sq	1192	0.475	0.352	0.123	0
ZINC00602904_163	Trypsin_3.sq	1193	0.475	0.386	0.089	0
ZINC03948480_50	Trypsin_3.sq	1194	0.475	0.367	0.108	0
ZINC03449894_65	Trypsin_3.sq	1195	0.475	0.327	0.148	0
ZINC03990241_118	Trypsin_3.sq	1196	0.475	0.338	0.137	0
ZINC04001519_49	Trypsin_3.sq	1197	0.475	0.372	0.103	0
ZINC03962394_137	Trypsin_3.sq	1198	0.475	0.367	0.108	0
ZINC03815878_30	Trypsin_3.sq	1199	0.475	0.355	0.120	0
ZINC03993398_198	Trypsin_3.sq	1200	0.475	0.377	0.098	0
ZINC03936136_26	Trypsin_3.sq	1201	0.475	0.371	0.104	0
ZINC02007110_14	Trypsin_3.sq	1202	0.475	0.377	0.098	0
ZINC03426727_24	Trypsin_3.sq	1203	0.475	0.357	0.117	0
ZINC00787856_130	Trypsin_3.sq	1204	0.475	0.354	0.121	0
ZINC00761963_195	Trypsin_3.sq	1205	0.475	0.352	0.122	0
ZINC03388500_30	Trypsin_3.sq	1206	0.475	0.364	0.111	0
ZINC03841305_170	Trypsin_3.sq	1207	0.475	0.375	0.100	0
ZINC00787131_44	Trypsin_3.sq	1208	0.474	0.378	0.097	0
ZINC03292185_9	Trypsin_3.sq	1209	0.474	0.344	0.130	0
ZINC03814069_98	Trypsin_3.sq	1210	0.474	0.405	0.069	0
ZINC03891130_125	Trypsin_3.sq	1211	0.474	0.424	0.050	0
ZINC04001541_122	Trypsin_3.sq	1212	0.474	0.346	0.128	0
ZINC03961330_192	Trypsin_3.sq	1213	0.474	0.383	0.091	0
ZINC03855207_127	Trypsin_3.sq	1214	0.474	0.316	0.158	0
ZINC03969679_53	Trypsin_3.sq	1215	0.474	0.388	0.086	0
ZINC04528719_149	Trypsin_3.sq	1216	0.474	0.350	0.124	0
ZINC04161152_172	Trypsin_3.sq	1217	0.474	0.356	0.118	0
ZINC04151689_140	Trypsin_3.sq	1218	0.474	0.349	0.125	0
ZINC03867359_180	Trypsin_3.sq	1219	0.474	0.330	0.144	0
ZINC00973903_56	Trypsin_3.sq	1220	0.474	0.376	0.098	0
ZINC02646948_50	Trypsin_3.sq	1221	0.474	0.334	0.140	0
ZINC01490116_132	Trypsin_3.sq	1222	0.473	0.380	0.094	0
ZINC03780350_49	Trypsin_3.sq	1223	0.473	0.342	0.131	0
ZINC02250704_66	Trypsin_3.sq	1224	0.473	0.343	0.130	0
ZINC03800681_85	Trypsin_3.sq	1225	0.473	0.331	0.143	0
ZINC01565800_10	Trypsin_3.sq	1226	0.473	0.392	0.081	0
ZINC03969854_156	Trypsin_3.sq	1227	0.473	0.333	0.140	0
ZINC03816728_174	Trypsin_3.sq	1228	0.473	0.389	0.084	0
ZINC00603072_112	Trypsin_3.sq	1229	0.473	0.369	0.104	0
ZINC03637651_136	Trypsin_3.sq	1230	0.473	0.363	0.110	0
ZINC02604896_0	Trypsin_3.sq	1231	0.473	0.368	0.105	0
ZINC03801311_115	Trypsin_3.sq	1232	0.473	0.334	0.139	0
ZINC03820285_195	Trypsin_3.sq	1233	0.473	0.338	0.135	0
ZINC03062661_118	Trypsin_3.sq	1234	0.473	0.297	0.175	0
ZINC02450445_15	Trypsin_3.sq	1235	0.473	0.390	0.083	0
ZINC01446412_125	Trypsin_3.sq	1236	0.473	0.374	0.098	0
ZINC03987013_190	Trypsin_3.sq	1237	0.473	0.387	0.085	0
ZINC03834117_98	Trypsin_3.sq	1238	0.472	0.315	0.157	1
ZINC03867358_112	Trypsin_3.sq	1239	0.472	0.352	0.121	0
ZINC03820285_173	Trypsin_3.sq	1240	0.472	0.372	0.100	0
ZINC03804943_66	Trypsin_3.sq	1241	0.472	0.360	0.112	0
ZINC04388837_84	Trypsin_3.sq	1242	0.472	0.339	0.133	0
ZINC02291655_22	Trypsin_3.sq	1243	0.472	0.329	0.144	0
ZINC03874141_191	Trypsin_3.sq	1244	0.472	0.343	0.129	0
ZINC04354189_92	Trypsin_3.sq	1245	0.472	0.349	0.123	0
ZINC03918518_53	Trypsin_3.sq	1246	0.472	0.313	0.160	0
ZINC03800681_60	Trypsin_3.sq	1247	0.472	0.337	0.135	0
ZINC02065596_105	Trypsin_3.sq	1248	0.472	0.322	0.150	0
ZINC00587715_187	Trypsin_3.sq	1249	0.472	0.355	0.117	0
ZINC03944034_34	Trypsin_3.sq	1250	0.472	0.416	0.057	0
ZINC03891133_118	Trypsin_3.sq	1251	0.472	0.428	0.044	0
ZINC01553112_38	Trypsin_3.sq	1252	0.472	0.361	0.110	0
ZINC02560933_75	Trypsin_3.sq	1253	0.471	0.425	0.046	0
ZINC02929148_59	Trypsin_3.sq	1254	0.471	0.358	0.113	0
ZINC00587735_165	Trypsin_3.sq	1255	0.471	0.370	0.101	0
ZINC03356249_169	Trypsin_3.sq	1256	0.471	0.330	0.141	0
ZINC00588653_115	Trypsin_3.sq	1257	0.471	0.376	0.095	0
ZINC03802915_177	Trypsin_3.sq	1258	0.471	0.293	0.178	0
ZINC01782993_108	Trypsin_3.sq	1259	0.471	0.364	0.107	0
ZINC04147161_46	Trypsin_3.sq	1260	0.471	0.362	0.109	0
ZINC03983754_156	Trypsin_3.sq	1261	0.471	0.360	0.111	0
ZINC00588653_111	Trypsin_3.sq	1262	0.471	0.352	0.119	0
ZINC00588653_111	Trypsin_3.sq	1263	0.471	0.352	0.119	0
ZINC01911616_64	Trypsin_3.sq	1264	0.471	0.330	0.141	0
ZINC01911605_130	Trypsin_3.sq	1265	0.471	0.340	0.132	0
ZINC03962399_55	Trypsin_3.sq	1266	0.471	0.367	0.104	0
ZINC03577404_37	Trypsin_3.sq	1267	0.471	0.352	0.119	0
ZINC03351758_116	Trypsin_3.sq	1268	0.471	0.374	0.096	0
ZINC03982648_119	Trypsin_3.sq	1269	0.471	0.362	0.109	0
ZINC03781183_51	Trypsin_3.sq	1270	0.471	0.333	0.138	0
ZINC03969853_186	Trypsin_3.sq	1271	0.471	0.356	0.114	0
ZINC03891140_87	Trypsin_3.sq	1272	0.471	0.388	0.082	0
ZINC04188469_8	Trypsin_3.sq	1273	0.471	0.364	0.107	0
ZINC03840243_159	Trypsin_3.sq	1274	0.471	0.398	0.072	0
ZINC03438910_67	Trypsin_3.sq	1275	0.470	0.383	0.088	0
ZINC03405586_184	Trypsin_3.sq	1276	0.470	0.333	0.137	0
ZINC04188463_25	Trypsin_3.sq	1277	0.470	0.354	0.116	0
ZINC03874144_59	Trypsin_3.sq	1278	0.470	0.359	0.111	0
ZINC00902542_39	Trypsin_3.sq	1279	0.470	0.391	0.079	0
ZINC03633154_6	Trypsin_3.sq	1280	0.470	0.338	0.132	0
ZINC04287479_85	Trypsin_3.sq	1281	0.470	0.308	0.162	0
ZINC00720208_158	Trypsin_3.sq	1282	0.470	0.387	0.083	0
ZINC03408854_92	Trypsin_3.sq	1283	0.470	0.368	0.102	0
ZINC02658228_58	Trypsin_3.sq	1284	0.470	0.391	0.079	0
ZINC01740673_88	Trypsin_3.sq	1285	0.470	0.368	0.102	0
ZINC03814028_117	Trypsin_3.sq	1286	0.470	0.367	0.103	0
ZINC02612839_62	Trypsin_3.sq	1287	0.470	0.374	0.096	0
ZINC03819918_54	Trypsin_3.sq	1288	0.470	0.402	0.068	0
ZINC03987020_187	Trypsin_3.sq	1289	0.470	0.393	0.076	0
ZINC00588296_101	Trypsin_3.sq	1290	0.470	0.364	0.106	0
ZINC01909882_105	Trypsin_3.sq	1291	0.470	0.374	0.095	0
ZINC04252070_143	Trypsin_3.sq	1292	0.470	0.333	0.137	0
ZINC03834179_65	Trypsin_3.sq	1293	0.469	0.368	0.101	1
ZINC03993077_160	Trypsin_3.sq	1294	0.469	0.358	0.111	0
ZINC01909876_111	Trypsin_3.sq	1295	0.469	0.373	0.096	0
ZINC03801425_30	Trypsin_3.sq	1296	0.469	0.323	0.147	0
ZINC02229083_1	Trypsin_3.sq	1297	0.469	0.344	0.125	0
ZINC02967870_79	Trypsin_3.sq	1298	0.469	0.343	0.127	0
ZINC03990227_142	Trypsin_3.sq	1299	0.469	0.359	0.110	0
ZINC03529023_171	Trypsin_3.sq	1300	0.469	0.318	0.151	0
ZINC04383173_102	Trypsin_3.sq	1301	0.469	0.349	0.120	0
ZINC02928668_180	Trypsin_3.sq	1302	0.469	0.373	0.095	0
ZINC02065595_180	Trypsin_3.sq	1303	0.469	0.344	0.124	0
ZINC04400044_97	Trypsin_3.sq	1304	0.468	0.355	0.114	0
ZINC03506600_179	Trypsin_3.sq	1305	0.468	0.344	0.124	0
ZINC00902619_90	Trypsin_3.sq	1306	0.468	0.361	0.107	0
ZINC04185326_183	Trypsin_3.sq	1307	0.468	0.327	0.141	0
ZINC03351756_102	Trypsin_3.sq	1308	0.468	0.371	0.098	0
ZINC03659281_157	Trypsin_3.sq	1309	0.468	0.343	0.126	0
ZINC03944562_92	Trypsin_3.sq	1310	0.468	0.406	0.062	0
ZINC01033522_83	Trypsin_3.sq	1311	0.468	0.362	0.106	0
ZINC04161158_164	Trypsin_3.sq	1312	0.468	0.366	0.102	0
ZINC04382511_24	Trypsin_3.sq	1313	0.468	0.301	0.167	0
ZINC00718797_28	Trypsin_3.sq	1314	0.468	0.333	0.135	0
ZINC03428022_62	Trypsin_3.sq	1315	0.468	0.335	0.132	0
ZINC03889343_144	Trypsin_3.sq	1316	0.468	0.370	0.097	0
ZINC03355027_99	Trypsin_3.sq	1317	0.468	0.370	0.097	0
ZINC04354832_191	Trypsin_3.sq	1318	0.467	0.393	0.074	0
ZINC03228417_133	Trypsin_3.sq	1319	0.467	0.380	0.087	0
ZINC03960397_119	Trypsin_3.sq	1320	0.467	0.376	0.091	0
ZINC03821014_179	Trypsin_3.sq	1321	0.467	0.331	0.137	0
ZINC02212825_184	Trypsin_3.sq	1322	0.467	0.390	0.077	0
ZINC03293475_40	Trypsin_3.sq	1323	0.467	0.353	0.115	0
ZINC03821014_189	Trypsin_3.sq	1324	0.467	0.332	0.136	0
ZINC03923950_77	Trypsin_3.sq	1325	0.467	0.364	0.103	0
ZINC01549765_183	Trypsin_3.sq	1326	0.467	0.346	0.121	0
ZINC01539449_188	Trypsin_3.sq	1327	0.467	0.324	0.143	0
ZINC02003637_190	Trypsin_3.sq	1328	0.467	0.369	0.098	0
ZINC03506031_155	Trypsin_3.sq	1329	0.467	0.335	0.132	0
ZINC03923917_94	Trypsin_3.sq	1330	0.467	0.369	0.098	0
ZINC04411389_157	Trypsin_3.sq	1331	0.467	0.353	0.113	0
ZINC02495809_86	Trypsin_3.sq	1332	0.467	0.381	0.086	0
ZINC03820584_1	Trypsin_3.sq	1333	0.467	0.350	0.116	0
ZINC01092152_168	Trypsin_3.sq	1334	0.466	0.372	0.095	0
ZINC03652389_157	Trypsin_3.sq	1335	0.466	0.331	0.136	0
ZINC00588651_111	Trypsin_3.sq	1336	0.466	0.385	0.081	0
ZINC01547519_145	Trypsin_3.sq	1337	0.466	0.362	0.104	0
ZINC03987226_179	Trypsin_3.sq	1338	0.466	0.384	0.082	0
ZINC03840241_149	Trypsin_3.sq	1339	0.466	0.393	0.073	0
ZINC01062173_66	Trypsin_3.sq	1340	0.466	0.313	0.153	0
ZINC03992722_83	Trypsin_3.sq	1341	0.466	0.343	0.122	0
ZINC04222855_159	Trypsin_3.sq	1342	0.465	0.377	0.089	0
ZINC04103307_44	Trypsin_3.sq	1343	0.465	0.392	0.073	0
ZINC03840234_144	Trypsin_3.sq	1344	0.465	0.355	0.111	0
ZINC02661789_165	Trypsin_3.sq	1345	0.465	0.334	0.131	0
ZINC01756091_180	Trypsin_3.sq	1346	0.465	0.335	0.130	0
ZINC04034371_144	Trypsin_3.sq	1347	0.465	0.365	0.100	0
ZINC00598345_28	Trypsin_3.sq	1348	0.465	0.335	0.130	0
ZINC03974520_29	Trypsin_3.sq	1349	0.465	0.355	0.110	0
ZINC03820402_75	Trypsin_3.sq	1350	0.465	0.382	0.083	0
ZINC04112515_83	Trypsin_3.sq	1351	0.465	0.379	0.086	0
ZINC01778859_65	Trypsin_3.sq	1352	0.465	0.380	0.085	0
ZINC04334201_170	Trypsin_3.sq	1353	0.464	0.305	0.160	0
ZINC02242879_28	Trypsin_3.sq	1354	0.464	0.367	0.097	0
ZINC03522036_9	Trypsin_3.sq	1355	0.464	0.411	0.054	0
ZINC03376333_104	Trypsin_3.sq	1356	0.464	0.377	0.088	0
ZINC03840217_157	Trypsin_3.sq	1357	0.464	0.356	0.109	0
ZINC03426735_147	Trypsin_3.sq	1358	0.464	0.374	0.090	0
ZINC04092008_183	Trypsin_3.sq	1359	0.464	0.369	0.095	0
ZINC02688635_92	Trypsin_3.sq	1360	0.464	0.354	0.110	0
ZINC03924186_39	Trypsin_3.sq	1361	0.464	0.327	0.137	0
ZINC01750301_137	Trypsin_3.sq	1362	0.464	0.346	0.118	0
ZINC03838775_187	Trypsin_3.sq	1363	0.464	0.377	0.087	0
ZINC03815879_38	Trypsin_3.sq	1364	0.464	0.345	0.119	0
ZINC03293653_191	Trypsin_3.sq	1365	0.464	0.348	0.115	0
ZINC03783527_54	Trypsin_3.sq	1366	0.463	0.325	0.139	0
ZINC00904734_180	Trypsin_3.sq	1367	0.463	0.350	0.113	0
ZINC04634152_101	Trypsin_3.sq	1368	0.463	0.317	0.146	0
ZINC03348385_126	Trypsin_3.sq	1369	0.463	0.382	0.081	0
ZINC01811506_34	Trypsin_3.sq	1370	0.463	0.370	0.093	0
ZINC03840237_107	Trypsin_3.sq	1371	0.463	0.383	0.080	0
ZINC03814069_125	Trypsin_3.sq	1372	0.463	0.341	0.122	0
ZINC00973902_136	Trypsin_3.sq	1373	0.463	0.363	0.100	0
ZINC03891138_186	Trypsin_3.sq	1374	0.463	0.391	0.072	0
ZINC02297135_62	Trypsin_3.sq	1375	0.463	0.367	0.096	0
ZINC02618782_39	Trypsin_3.sq	1376	0.463	0.376	0.087	0
ZINC03980070_151	Trypsin_3.sq	1377	0.463	0.352	0.111	0
ZINC00902679_157	Trypsin_3.sq	1378	0.463	0.358	0.105	0
ZINC02645276_174	Trypsin_3.sq	1379	0.463	0.343	0.119	0
ZINC04079213_155	Trypsin_3.sq	1380	0.463	0.324	0.139	0
ZINC04236637_69	Trypsin_3.sq	1381	0.463	0.378	0.085	0
ZINC00921219_188	Trypsin_3.sq	1382	0.463	0.413	0.050	0
ZINC03820586_1	Trypsin_3.sq	1383	0.462	0.349	0.114	0
ZINC02325490_140	Trypsin_3.sq	1384	0.462	0.375	0.088	0
ZINC03818495_42	Trypsin_3.sq	1385	0.462	0.337	0.126	0
ZINC02586498_89	Trypsin_3.sq	1386	0.462	0.366	0.097	0
ZINC00720212_21	Trypsin_3.sq	1387	0.462	0.363	0.099	0
ZINC03980070_24	Trypsin_3.sq	1388	0.462	0.359	0.103	0
ZINC03427467_185	Trypsin_3.sq	1389	0.462	0.395	0.068	0
ZINC02132535_157	Trypsin_3.sq	1390	0.462	0.328	0.134	0
ZINC04161213_150	Trypsin_3.sq	1391	0.462	0.359	0.103	0
ZINC02205779_159	Trypsin_3.sq	1392	0.462	0.402	0.060	0
ZINC02660391_106	Trypsin_3.sq	1393	0.462	0.363	0.099	0
ZINC03336657_37	Trypsin_3.sq	1394	0.462	0.356	0.106	0
ZINC02561004_65	Trypsin_3.sq	1395	0.462	0.416	0.045	0
ZINC03992805_114	Trypsin_3.sq	1396	0.462	0.379	0.083	0
ZINC02928057_7	Trypsin_3.sq	1397	0.462	0.360	0.102	0
ZINC01875803_40	Trypsin_3.sq	1398	0.462	0.384	0.078	0
ZINC03918550_72	Trypsin_3.sq	1399	0.462	0.339	0.123	0
ZINC03992723_91	Trypsin_3.sq	1400	0.462	0.359	0.102	0
ZINC04222810_178	Trypsin_3.sq	1401	0.462	0.338	0.123	0
ZINC00839637_106	Trypsin_3.sq	1402	0.461	0.337	0.125	0
ZINC03478187_5	Trypsin_3.sq	1403	0.461	0.336	0.125	0
ZINC03980797_160	Trypsin_3.sq	1404	0.461	0.319	0.143	0
ZINC03914448_127	Trypsin_3.sq	1405	0.461	0.325	0.136	0
ZINC03832224_45	Trypsin_3.sq	1406	0.461	0.372	0.089	0
ZINC03891147_53	Trypsin_3.sq	1407	0.461	0.379	0.082	0
ZINC02297647_178	Trypsin_3.sq	1408	0.461	0.384	0.077	0
ZINC03426733_199	Trypsin_3.sq	1409	0.461	0.369	0.092	0
ZINC02345449_89	Trypsin_3.sq	1410	0.461	0.291	0.169	0
ZINC03055699_160	Trypsin_3.sq	1411	0.461	0.368	0.092	0
ZINC04240331_145	Trypsin_3.sq	1412	0.461	0.348	0.112	0
ZINC01062174_183	Trypsin_3.sq	1413	0.460	0.317	0.143	0
ZINC02618850_136	Trypsin_3.sq	1414	0.460	0.353	0.107	0
ZINC00787129_155	Trypsin_3.sq	1415	0.460	0.382	0.078	0
ZINC03315248_116	Trypsin_3.sq	1416	0.460	0.377	0.083	0
ZINC04195105_163	Trypsin_3.sq	1417	0.460	0.380	0.081	0
ZINC02006923_75	Trypsin_3.sq	1418	0.460	0.392	0.068	0
ZINC03992745_85	Trypsin_3.sq	1419	0.460	0.340	0.119	0
ZINC00587755_56	Trypsin_3.sq	1420	0.460	0.373	0.086	0
ZINC03966147_64	Trypsin_3.sq	1421	0.460	0.363	0.096	0
ZINC03796181_40	Trypsin_3.sq	1422	0.460	0.357	0.103	0
ZINC03840121_99	Trypsin_3.sq	1423	0.459	0.360	0.099	0
ZINC00697677_193	Trypsin_3.sq	1424	0.459	0.377	0.082	0
ZINC03584153_61	Trypsin_3.sq	1425	0.459	0.332	0.127	0
ZINC00587752_126	Trypsin_3.sq	1426	0.459	0.361	0.098	0
ZINC03427469_91	Trypsin_3.sq	1427	0.459	0.343	0.116	0
ZINC02300758_158	Trypsin_3.sq	1428	0.459	0.371	0.088	0
ZINC03870517_188	Trypsin_3.sq	1429	0.459	0.361	0.098	0
ZINC01856560_161	Trypsin_3.sq	1430	0.459	0.334	0.125	0
ZINC03807321_160	Trypsin_3.sq	1431	0.459	0.353	0.106	0
ZINC03135950_57	Trypsin_3.sq	1432	0.459	0.365	0.094	0
ZINC04101600_57	Trypsin_3.sq	1433	0.459	0.375	0.084	0
ZINC02858524_16	Trypsin_3.sq	1434	0.459	0.369	0.089	0
ZINC02345452_55	Trypsin_3.sq	1435	0.459	0.339	0.119	0
ZINC02029227_16	Trypsin_3.sq	1436	0.459	0.325	0.134	0
ZINC03588045_68	Trypsin_3.sq	1437	0.458	0.360	0.098	0
ZINC03480987_114	Trypsin_3.sq	1438	0.458	0.335	0.124	0
ZINC03409168_175	Trypsin_3.sq	1439	0.458	0.342	0.116	0
ZINC03992746_88	Trypsin_3.sq	1440	0.458	0.356	0.102	0
ZINC04375303_191	Trypsin_3.sq	1441	0.458	0.357	0.101	0
ZINC00921242_139	Trypsin_3.sq	1442	0.458	0.365	0.093	0
ZINC03962388_130	Trypsin_3.sq	1443	0.458	0.351	0.107	0
ZINC03970380_134	Trypsin_3.sq	1444	0.458	0.350	0.108	0
ZINC03480984_114	Trypsin_3.sq	1445	0.458	0.336	0.121	0
ZINC01909903_153	Trypsin_3.sq	1446	0.458	0.342	0.116	0
ZINC03975101_132	Trypsin_3.sq	1447	0.458	0.368	0.090	0
ZINC03932357_76	Trypsin_3.sq	1448	0.458	0.302	0.156	0
ZINC03818181_141	Trypsin_3.sq	1449	0.457	0.367	0.091	0
ZINC02195813_95	Trypsin_3.sq	1450	0.457	0.387	0.070	0
ZINC03563354_26	Trypsin_3.sq	1451	0.457	0.375	0.082	0
ZINC02651203_83	Trypsin_3.sq	1452	0.457	0.371	0.086	0
ZINC02650458_162	Trypsin_3.sq	1453	0.457	0.327	0.130	0
ZINC01081704_153	Trypsin_3.sq	1454	0.457	0.342	0.115	0
ZINC00921217_48	Trypsin_3.sq	1455	0.457	0.355	0.101	0
ZINC01911614_171	Trypsin_3.sq	1456	0.456	0.355	0.101	0
ZINC02596318_33	Trypsin_3.sq	1457	0.456	0.390	0.066	0
ZINC03415531_46	Trypsin_3.sq	1458	0.456	0.337	0.119	0
ZINC04034423_177	Trypsin_3.sq	1459	0.456	0.322	0.134	0
ZINC00902546_195	Trypsin_3.sq	1460	0.456	0.365	0.091	0
ZINC02345452_55	Trypsin_3.sq	1461	0.456	0.344	0.112	0
ZINC03633177_109	Trypsin_3.sq	1462	0.456	0.362	0.094	0
ZINC03937878_164	Trypsin_3.sq	1463	0.456	0.352	0.104	0
ZINC04034843_157	Trypsin_3.sq	1464	0.455	0.326	0.130	0
ZINC03816533_179	Trypsin_3.sq	1465	0.455	0.348	0.107	0
ZINC03506034_121	Trypsin_3.sq	1466	0.455	0.374	0.081	0
ZINC03801144_21	Trypsin_3.sq	1467	0.455	0.337	0.118	0
ZINC03944210_140	Trypsin_3.sq	1468	0.455	0.379	0.075	0
ZINC03977167_179	Trypsin_3.sq	1469	0.455	0.372	0.083	0
ZINC04251713_154	Trypsin_3.sq	1470	0.454	0.358	0.096	0
ZINC02144108_44	Trypsin_3.sq	1471	0.454	0.358	0.096	0
ZINC02940728_4	Trypsin_3.sq	1472	0.454	0.362	0.092	0
ZINC04111841_29	Trypsin_3.sq	1473	0.454	0.357	0.097	0
ZINC03990238_152	Trypsin_3.sq	1474	0.454	0.336	0.118	0
ZINC00970331_11	Trypsin_3.sq	1475	0.454	0.382	0.072	0
ZINC02618849_121	Trypsin_3.sq	1476	0.454	0.354	0.100	0
ZINC03867080_174	Trypsin_3.sq	1477	0.454	0.377	0.078	0
ZINC03938928_7	Trypsin_3.sq	1478	0.454	0.345	0.109	0
ZINC03987230_171	Trypsin_3.sq	1479	0.454	0.333	0.121	0
ZINC01092150_139	Trypsin_3.sq	1480	0.454	0.361	0.093	0
ZINC03808436_24	Trypsin_3.sq	1481	0.454	0.322	0.132	0
ZINC03358510_176	Trypsin_3.sq	1482	0.454	0.357	0.097	0
ZINC03596757_2	Trypsin_3.sq	1483	0.454	0.362	0.092	0
ZINC03972824_157	Trypsin_3.sq	1484	0.453	0.302	0.151	0
ZINC03822958_179	Trypsin_3.sq	1485	0.453	0.394	0.059	0
ZINC00902540_175	Trypsin_3.sq	1486	0.453	0.378	0.075	0
ZINC03980156_61	Trypsin_3.sq	1487	0.453	0.356	0.097	0
ZINC03951910_48	Trypsin_3.sq	1488	0.453	0.302	0.151	0
ZINC03972800_53	Trypsin_3.sq	1489	0.453	0.339	0.114	0
ZINC01548695_94	Trypsin_3.sq	1490	0.453	0.427	0.026	0
ZINC01548696_117	Trypsin_3.sq	1491	0.453	0.424	0.029	0
ZINC00787133_145	Trypsin_3.sq	1492	0.453	0.364	0.089	0
ZINC03493448_125	Trypsin_3.sq	1493	0.453	0.332	0.121	0
ZINC03457576_199	Trypsin_3.sq	1494	0.453	0.382	0.071	0
ZINC03405581_141	Trypsin_3.sq	1495	0.453	0.364	0.089	0
ZINC04112533_31	Trypsin_3.sq	1496	0.453	0.357	0.096	0
ZINC03813422_11	Trypsin_3.sq	1497	0.453	0.345	0.107	0
ZINC02653224_191	Trypsin_3.sq	1498	0.453	0.331	0.121	0
ZINC03976862_192	Trypsin_3.sq	1499	0.452	0.370	0.082	0
ZINC01532447_185	Trypsin_3.sq	1500	0.452	0.380	0.073	0
ZINC03839024_182	Trypsin_3.sq	1501	0.452	0.319	0.133	0
ZINC00959305_134	Trypsin_3.sq	1502	0.452	0.365	0.087	0
ZINC03418288_70	Trypsin_3.sq	1503	0.452	0.368	0.085	0
ZINC00904732_67	Trypsin_3.sq	1504	0.452	0.344	0.108	0
ZINC03481005_73	Trypsin_3.sq	1505	0.452	0.336	0.116	0
ZINC03817648_157	Trypsin_3.sq	1506	0.452	0.361	0.091	0
ZINC02006373_51	Trypsin_3.sq	1507	0.452	0.332	0.120	0
ZINC02349468_60	Trypsin_3.sq	1508	0.452	0.383	0.069	0
ZINC02295206_128	Trypsin_3.sq	1509	0.451	0.378	0.073	0
ZINC01076218_137	Trypsin_3.sq	1510	0.451	0.377	0.075	0
ZINC04030420_135	Trypsin_3.sq	1511	0.451	0.377	0.074	0
ZINC03594497_189	Trypsin_3.sq	1512	0.451	0.319	0.132	0
ZINC02297848_150	Trypsin_3.sq	1513	0.451	0.384	0.067	0
ZINC02002151_143	Trypsin_3.sq	1514	0.451	0.335	0.116	0
ZINC03954872_198	Trypsin_3.sq	1515	0.451	0.388	0.062	0
ZINC03817914_63	Trypsin_3.sq	1516	0.450	0.362	0.088	0
ZINC03817650_96	Trypsin_3.sq	1517	0.450	0.388	0.063	0
ZINC04016693_20	Trypsin_3.sq	1518	0.450	0.363	0.088	0
ZINC03799456_69	Trypsin_3.sq	1519	0.450	0.353	0.097	0
ZINC04030431_131	Trypsin_3.sq	1520	0.450	0.378	0.072	0
ZINC00662544_132	Trypsin_3.sq	1521	0.450	0.361	0.089	0
ZINC02877078_80	Trypsin_3.sq	1522	0.450	0.290	0.159	0
ZINC02877078_80	Trypsin_3.sq	1523	0.450	0.290	0.159	0
ZINC04628541_90	Trypsin_3.sq	1524	0.450	0.388	0.062	0
ZINC02366906_125	Trypsin_3.sq	1525	0.450	0.363	0.087	0
ZINC03818607_157	Trypsin_3.sq	1526	0.449	0.321	0.128	0
ZINC04210217_175	Trypsin_3.sq	1527	0.449	0.373	0.077	0
ZINC01893383_117	Trypsin_3.sq	1528	0.449	0.368	0.081	0
ZINC02299908_55	Trypsin_3.sq	1529	0.449	0.355	0.093	0
ZINC01894248_112	Trypsin_3.sq	1530	0.448	0.349	0.100	0
ZINC03972980_72	Trypsin_3.sq	1531	0.448	0.359	0.089	0
ZINC03930259_190	Trypsin_3.sq	1532	0.448	0.344	0.104	0
ZINC03440357_83	Trypsin_3.sq	1533	0.448	0.311	0.137	0
ZINC03522035_38	Trypsin_3.sq	1534	0.448	0.373	0.075	0
ZINC03303314_35	Trypsin_3.sq	1535	0.448	0.308	0.140	0
ZINC00902544_170	Trypsin_3.sq	1536	0.448	0.374	0.074	0
ZINC03982916_193	Trypsin_3.sq	1537	0.448	0.356	0.092	0
ZINC04490377_184	Trypsin_3.sq	1538	0.448	0.349	0.099	0
ZINC04627362_110	Trypsin_3.sq	1539	0.447	0.357	0.091	0
ZINC03951910_27	Trypsin_3.sq	1540	0.447	0.316	0.132	0
ZINC04235607_196	Trypsin_3.sq	1541	0.447	0.345	0.102	0
ZINC02829269_6	Trypsin_3.sq	1542	0.447	0.381	0.066	0
ZINC04221592_197	Trypsin_3.sq	1543	0.447	0.342	0.105	0
ZINC03429432_166	Trypsin_3.sq	1544	0.447	0.330	0.117	0
ZINC04373695_156	Trypsin_3.sq	1545	0.447	0.364	0.083	0
ZINC04375035_18	Trypsin_3.sq	1546	0.447	0.366	0.081	0
ZINC03459114_36	Trypsin_3.sq	1547	0.447	0.354	0.093	0
ZINC03966572_155	Trypsin_3.sq	1548	0.447	0.387	0.060	0
ZINC03529019_63	Trypsin_3.sq	1549	0.446	0.362	0.084	0
ZINC03429435_105	Trypsin_3.sq	1550	0.446	0.338	0.108	0
ZINC04465016_4	Trypsin_3.sq	1551	0.446	0.378	0.068	0
ZINC03890485_4	Trypsin_3.sq	1552	0.446	0.378	0.068	0
ZINC03480981_106	Trypsin_3.sq	1553	0.446	0.369	0.077	0
ZINC03923719_187	Trypsin_3.sq	1554	0.446	0.345	0.101	0
ZINC03923324_109	Trypsin_3.sq	1555	0.446	0.342	0.103	0
ZINC03801144_90	Trypsin_3.sq	1556	0.446	0.318	0.128	0
ZINC04083459_44	Trypsin_3.sq	1557	0.446	0.376	0.069	0
ZINC03923763_97	Trypsin_3.sq	1558	0.445	0.376	0.069	0
ZINC03921685_192	Trypsin_3.sq	1559	0.445	0.383	0.062	0
ZINC02205131_118	Trypsin_3.sq	1560	0.445	0.313	0.132	0
ZINC02292197_57	Trypsin_3.sq	1561	0.445	0.379	0.066	0
ZINC03868253_132	Trypsin_3.sq	1562	0.445	0.334	0.111	0
ZINC03307407_73	Trypsin_3.sq	1563	0.445	0.365	0.080	0
ZINC04161186_154	Trypsin_3.sq	1564	0.445	0.354	0.091	0
ZINC01920516_118	Trypsin_3.sq	1565	0.445	0.354	0.091	0
ZINC03818583_44	Trypsin_3.sq	1566	0.444	0.334	0.110	0
ZINC02296450_86	Trypsin_3.sq	1567	0.444	0.357	0.087	0
ZINC02622073_24	Trypsin_3.sq	1568	0.444	0.327	0.117	0
ZINC03281839_28	Trypsin_3.sq	1569	0.444	0.326	0.118	0
ZINC03796512_55	Trypsin_3.sq	1570	0.444	0.365	0.079	0
ZINC03789716_143	Trypsin_3.sq	1571	0.444	0.334	0.110	0
ZINC04128141_152	Trypsin_3.sq	1572	0.444	0.299	0.145	0
ZINC03633165_75	Trypsin_3.sq	1573	0.444	0.348	0.096	0
ZINC03831757_69	Trypsin_3.sq	1574	0.444	0.378	0.066	0
ZINC04633537_84	Trypsin_3.sq	1575	0.443	0.357	0.086	0
ZINC03840123_28	Trypsin_3.sq	1576	0.443	0.352	0.091	0
ZINC03867339_130	Trypsin_3.sq	1577	0.443	0.376	0.067	0
ZINC02345449_37	Trypsin_3.sq	1578	0.443	0.295	0.148	0
ZINC03973004_14	Trypsin_3.sq	1579	0.442	0.322	0.120	0
ZINC04093076_155	Trypsin_3.sq	1580	0.442	0.326	0.116	0
ZINC03818002_28	Trypsin_3.sq	1581	0.442	0.328	0.115	0
ZINC04383678_164	Trypsin_3.sq	1582	0.442	0.335	0.107	0
ZINC03361581_19	Trypsin_3.sq	1583	0.442	0.336	0.106	0
ZINC03457574_189	Trypsin_3.sq	1584	0.442	0.338	0.104	0
ZINC03828761_90	Trypsin_3.sq	1585	0.442	0.335	0.107	0
ZINC03339139_164	Trypsin_3.sq	1586	0.442	0.351	0.091	0
ZINC03924333_91	Trypsin_3.sq	1587	0.441	0.336	0.105	0
ZINC03532106_185	Trypsin_3.sq	1588	0.441	0.374	0.067	0
ZINC04627375_106	Trypsin_3.sq	1589	0.441	0.323	0.118	0
ZINC03796506_7	Trypsin_3.sq	1590	0.441	0.357	0.084	0
ZINC04112540_176	Trypsin_3.sq	1591	0.441	0.332	0.108	0
ZINC03977487_58	Trypsin_3.sq	1592	0.441	0.293	0.147	0
ZINC02877076_80	Trypsin_3.sq	1593	0.440	0.279	0.161	0
ZINC02877076_80	Trypsin_3.sq	1594	0.440	0.279	0.161	0
ZINC03802013_167	Trypsin_3.sq	1595	0.440	0.370	0.070	0
ZINC03457571_88	Trypsin_3.sq	1596	0.440	0.350	0.090	0
ZINC03923948_167	Trypsin_3.sq	1597	0.440	0.341	0.099	0
ZINC04257394_127	Trypsin_3.sq	1598	0.440	0.367	0.073	0
ZINC03923324_169	Trypsin_3.sq	1599	0.440	0.325	0.114	0
ZINC03422557_156	Trypsin_3.sq	1600	0.440	0.350	0.090	0
ZINC00595562_160	Trypsin_3.sq	1601	0.439	0.357	0.082	0
ZINC03529582_129	Trypsin_3.sq	1602	0.439	0.356	0.083	0
ZINC02117747_7	Trypsin_3.sq	1603	0.439	0.368	0.071	0
ZINC03362084_41	Trypsin_3.sq	1604	0.439	0.348	0.092	0
ZINC03817495_87	Trypsin_3.sq	1605	0.439	0.337	0.102	0
ZINC02318268_29	Trypsin_3.sq	1606	0.439	0.362	0.078	0
ZINC03823295_110	Trypsin_3.sq	1607	0.439	0.349	0.090	0
ZINC03955338_97	Trypsin_3.sq	1608	0.439	0.353	0.086	0
ZINC03640553_45	Trypsin_3.sq	1609	0.439	0.366	0.072	0
ZINC03817584_163	Trypsin_3.sq	1610	0.438	0.291	0.147	0
ZINC04317310_112	Trypsin_3.sq	1611	0.438	0.341	0.097	0
ZINC03818622_158	Trypsin_3.sq	1612	0.438	0.346	0.091	0
ZINC04235822_110	Trypsin_3.sq	1613	0.437	0.336	0.101	0
ZINC03007296_34	Trypsin_3.sq	1614	0.437	0.382	0.055	0
ZINC03295881_174	Trypsin_3.sq	1615	0.437	0.365	0.072	0
ZINC02953918_102	Trypsin_3.sq	1616	0.437	0.340	0.097	0
ZINC04406084_65	Trypsin_3.sq	1617	0.436	0.336	0.101	0
ZINC02879212_53	Trypsin_3.sq	1618	0.436	0.363	0.073	0
ZINC03867081_19	Trypsin_3.sq	1619	0.436	0.311	0.125	0
ZINC03951910_30	Trypsin_3.sq	1620	0.436	0.312	0.124	0
ZINC02877078_9	Trypsin_3.sq	1621	0.435	0.295	0.140	0
ZINC04415803_73	Trypsin_3.sq	1622	0.435	0.381	0.054	0
ZINC03817490_120	Trypsin_3.sq	1623	0.435	0.354	0.081	0
ZINC02645279_187	Trypsin_3.sq	1624	0.435	0.332	0.103	0
ZINC03235139_145	Trypsin_3.sq	1625	0.434	0.343	0.092	0
ZINC03460183_187	Trypsin_3.sq	1626	0.434	0.366	0.069	0
ZINC01341242_69	Trypsin_3.sq	1627	0.434	0.304	0.130	0
ZINC01551213_109	Trypsin_3.sq	1628	0.434	0.337	0.097	0
ZINC00794277_165	Trypsin_3.sq	1629	0.433	0.342	0.091	0
ZINC01081705_156	Trypsin_3.sq	1630	0.433	0.311	0.122	0
ZINC00783922_22	Trypsin_3.sq	1631	0.433	0.327	0.106	0
ZINC03972799_76	Trypsin_3.sq	1632	0.433	0.327	0.106	0
ZINC03820967_109	Trypsin_3.sq	1633	0.433	0.333	0.100	0
ZINC03307341_62	Trypsin_3.sq	1634	0.432	0.341	0.092	0
ZINC02238941_96	Trypsin_3.sq	1635	0.432	0.327	0.106	0
ZINC03814030_176	Trypsin_3.sq	1636	0.432	0.364	0.068	0
ZINC03818609_149	Trypsin_3.sq	1637	0.432	0.339	0.093	0
ZINC04521980_31	Trypsin_3.sq	1638	0.432	0.360	0.072	0
ZINC03834157_51	Trypsin_3.sq	1639	0.431	0.387	0.044	1
ZINC03401316_176	Trypsin_3.sq	1640	0.431	0.340	0.092	0
ZINC04161179_135	Trypsin_3.sq	1641	0.431	0.330	0.101	0
ZINC02654240_59	Trypsin_3.sq	1642	0.431	0.346	0.086	0
ZINC03460177_85	Trypsin_3.sq	1643	0.431	0.334	0.097	0
ZINC01117954_126	Trypsin_3.sq	1644	0.431	0.348	0.083	0
ZINC02968057_64	Trypsin_3.sq	1645	0.431	0.330	0.101	0
ZINC03801144_112	Trypsin_3.sq	1646	0.431	0.301	0.130	0
ZINC03571172_75	Trypsin_3.sq	1647	0.430	0.375	0.056	0
ZINC03493446_195	Trypsin_3.sq	1648	0.430	0.331	0.099	0
ZINC02987967_30	Trypsin_3.sq	1649	0.430	0.330	0.100	0
ZINC03963062_177	Trypsin_3.sq	1650	0.430	0.355	0.075	0
ZINC03921673_156	Trypsin_3.sq	1651	0.429	0.336	0.092	0
ZINC03983385_116	Trypsin_3.sq	1652	0.429	0.334	0.094	0
ZINC03513868_91	Trypsin_3.sq	1653	0.428	0.337	0.092	0
ZINC03924330_131	Trypsin_3.sq	1654	0.428	0.334	0.094	0
ZINC03769809_67	Trypsin_3.sq	1655	0.428	0.328	0.100	0
ZINC02652842_153	Trypsin_3.sq	1656	0.427	0.313	0.114	0
ZINC03365898_185	Trypsin_3.sq	1657	0.426	0.348	0.078	0
ZINC04522148_156	Trypsin_3.sq	1658	0.426	0.350	0.076	0
ZINC02877075_161	Trypsin_3.sq	1659	0.426	0.351	0.075	0
ZINC03279124_41	Trypsin_3.sq	1660	0.426	0.347	0.079	0
ZINC03918633_137	Trypsin_3.sq	1661	0.426	0.345	0.081	0
ZINC03800699_100	Trypsin_3.sq	1662	0.426	0.266	0.159	0
ZINC03823293_35	Trypsin_3.sq	1663	0.426	0.320	0.105	0
ZINC02877075_189	Trypsin_3.sq	1664	0.426	0.351	0.075	0
ZINC02877075_189	Trypsin_3.sq	1665	0.426	0.351	0.075	0
ZINC03975545_29	Trypsin_3.sq	1666	0.425	0.285	0.140	0
ZINC03933659_118	Trypsin_3.sq	1667	0.424	0.354	0.071	0
ZINC01541286_167	Trypsin_3.sq	1668	0.424	0.328	0.096	0
ZINC01885948_87	Trypsin_3.sq	1669	0.424	0.326	0.098	0
ZINC00601247_148	Trypsin_3.sq	1670	0.423	0.309	0.114	0
ZINC03521771_166	Trypsin_3.sq	1671	0.423	0.319	0.104	0
ZINC03924335_107	Trypsin_3.sq	1672	0.422	0.328	0.094	0
ZINC03088497_12	Trypsin_3.sq	1673	0.422	0.335	0.087	0
ZINC03448264_175	Trypsin_3.sq	1674	0.422	0.326	0.097	0
ZINC03810719_133	Trypsin_3.sq	1675	0.421	0.315	0.106	0
ZINC03521772_110	Trypsin_3.sq	1676	0.421	0.314	0.107	0
ZINC00624132_198	Trypsin_3.sq	1677	0.420	0.323	0.097	0
ZINC03805072_72	Trypsin_3.sq	1678	0.420	0.287	0.133	0
ZINC01749949_83	Trypsin_3.sq	1679	0.420	0.335	0.085	0
ZINC02877076_193	Trypsin_3.sq	1680	0.420	0.343	0.077	0
ZINC02652895_139	Trypsin_3.sq	1681	0.419	0.339	0.080	0
ZINC03923949_164	Trypsin_3.sq	1682	0.419	0.352	0.067	0
ZINC03342650_188	Trypsin_3.sq	1683	0.418	0.319	0.099	0
ZINC03891142_84	Trypsin_3.sq	1684	0.417	0.362	0.055	0
ZINC03640563_84	Trypsin_3.sq	1685	0.417	0.362	0.055	0
ZINC00624134_102	Trypsin_3.sq	1686	0.415	0.320	0.095	0
ZINC03963059_168	Trypsin_3.sq	1687	0.413	0.337	0.077	0
ZINC03459523_106	Trypsin_3.sq	1688	0.413	0.332	0.081	0
ZINC03810255_105	Trypsin_3.sq	1689	0.410	0.322	0.087	0
ZINC03820345_121	Trypsin_3.sq	1690	0.410	0.358	0.052	0
ZINC01542989_166	Trypsin_3.sq	1691	0.410	0.278	0.131	0
ZINC03820344_174	Trypsin_3.sq	1692	0.409	0.359	0.051	0
ZINC01874619_101	Trypsin_3.sq	1693	0.409	0.328	0.081	0
ZINC03803272_99	Trypsin_3.sq	1694	0.407	0.310	0.097	0
ZINC02754468_164	Trypsin_3.sq	1695	0.407	0.309	0.098	0
ZINC01541278_87	Trypsin_3.sq	1696	0.405	0.282	0.123	0
ZINC03968597_167	Trypsin_3.sq	1697	0.405	0.338	0.067	0
ZINC02220856_6	Trypsin_3.sq	1698	0.404	0.334	0.070	0
ZINC03007300_69	Trypsin_3.sq	1699	0.404	0.301	0.104	0
ZINC01541284_69	Trypsin_3.sq	1700	0.403	0.281	0.122	0
ZINC03944075_44	Trypsin_3.sq	1701	0.393	0.316	0.077	0
ZINC03969935_149	Trypsin_3.sq	1702	0.389	0.313	0.075	0
ZINC00794278_88	Trypsin_3.sq	1703	0.389	0.322	0.067	0
ZINC03363345_162	Trypsin_3.sq	1704	0.384	0.341	0.043	0
ZINC03444046_80	Trypsin_3.sq	1705	0.377	0.319	0.058	0
ZINC03416105_70	Trypsin_3.sq	1706	0.377	0.315	0.062	0
ZINC03820792_134	Trypsin_3.sq	1707	0.376	0.300	0.076	0
ZINC01070035_18	Trypsin_3.sq	1708	0.368	0.276	0.092	0
ZINC03291266_89	Trypsin_3.sq	1709	0.358	0.275	0.083	0
ZINC03889655_172	Trypsin_3.sq	1710	0.353	0.301	0.052	0
ZINC03818662_67	Trypsin_3.sq	1711	0.353	0.255	0.098	0
ZINC01834216_196	Trypsin_3.sq	1712	0.332	0.274	0.059	0
ZINC03834185_1	Trypsin_3.sq	1713	0.267	0.180	0.087	1
