SMILES	Valid	Desired	CDPKit_ROCS_Aggregate_5refs_TanimotoCombo	SA	Total
Cc1c(C(=O)c2ccc(Cl)cc2)c2cc(Br)ccc2n1O	1.0	1.0	1.042	2.21	1.6260000276565552
CCOC(=O)c1ccc(NS(=O)(=O)c2ccc(Cl)cc2Cl)cc1	1.0	0.0	0.793	1.798	1.2954999914169312
O=C(O)c1cccnc1Oc1ccc(Cl)cc1C(F)(F)F	1.0	1.0	1.048	2.114	1.5809999890327453
O=C(O)CCC(=O)c1ccc(Cl)cc1NS(=O)(=O)c1cccc(F)c1	1.0	1.0	0.904	2.065	1.4844999921321869
O=C(O)c1ccccc1Sc1cccc(Cl)c1	1.0	1.0	0.944	1.807	1.375500002861023
Cc1ccc(S(=O)(=O)Nc2ccc(N)cc2)cc1	1.0	1.0	0.905	1.591	1.2479999856948853
COc1cccc(OCc2cccc(F)c2)c1S	1.0	1.0	1.003	2.068	1.5355000104904175
COc1ccc2nccnc2n1	1.0	0.0	0.694	2.267	1.480500002861023
CSCC(=O)NS(=O)(=O)OCC1OC(n2cnc3c(N)ncnc32)C(O)C1O	1.0	0.0	0.791	4.058	2.4245000042915343
Cc1ccc(OCc2cc(Cl)cc(Cl)c2)cc1	1.0	0.0	0.877	1.6	1.2384999871253968
CC(=O)c1ccc(S(=O)(=O)Nc2cccc(Cl)c2C)cc1	1.0	0.0	0.867	1.757	1.3119999918937681
COc1ccc(S(=O)(=O)Nc2ccc(Cl)cc2C)cc1N	1.0	1.0	0.959	1.891	1.4249999957084656
COc1cccc(C(=O)NCCCO)c1	1.0	0.0	0.819	1.536	1.177500002861023
Cc1ccc(CNCC(C)CO)s1	1.0	0.0	0.808	2.768	1.788000014066696
Nc1ccc(C(=O)N(Cc2ccccc2)c2ccccn2)cc1	1.0	1.0	1.009	1.883	1.4459999718666077
Nc1nc(Cl)ccc1NS(=O)(=O)c1ccc(Cl)cc1Cl	1.0	1.0	0.945	2.291	1.6179999964237213
CCCCSc1nc(N)nc(O)n1	1.0	0.0	0.832	2.8	1.8160000085830688
COc1nnc(NS(=O)(=O)c2ccc(C)c(C)c2)n1-c1ccccc1	1.0	0.0	0.865	2.375	1.6200000047683716
O=C(O)c1cccnc1Oc1ccc(Cl)cc1	1.0	1.0	1.063	1.729	1.395999981880188
c1ccc(Cc2ccc(OCc3ccccn3)cc2)cc1	1.0	0.0	0.792	1.593	1.1924999978542328
Cc1cccc(C(=O)Nc2cccc(Cl)c2)c1C#N	1.0	0.0	0.884	1.912	1.39800000166893
COc1ccc(F)c(F)c1C1CC1CN	1.0	0.0	0.752	3.189	1.9704999871253968
O=c1[nH]c(O)nc(F)c1Cl	1.0	0.0	0.56	3.2	1.880000001192093
CCCSc1ncc(Cl)c(C(N)=O)c1[N+](=O)[O-]	1.0	0.0	0.855	2.782	1.8185000095367432
O=C(CCc1ccccc1)Nc1ccc(Cl)cc1Cl	1.0	1.0	1.098	1.482	1.2900000247955323
O=C(Cc1ccccc1)OCC(=O)c1ccc(Cl)c(Cl)c1	1.0	1.0	1.047	1.697	1.3720000252723694
Oc1ccc(OCc2ccc(Cl)cc2)cc1Cl	1.0	1.0	0.933	1.618	1.2755000140666963
O=C(CCNS(=O)(=O)c1ccc(Cl)cc1)c1ccc(Cl)cc1	1.0	1.0	1.012	1.756	1.3839999823570253
COc1ccccc1NS(=O)(=O)c1cccc(C(=O)O)c1	1.0	0.0	0.828	1.657	1.242500004529953
COc1ccc(C(C)C)cc1Oc1ncc(Cl)cc1N	1.0	1.0	0.998	2.205	1.6015000128746033
O=C(Nc1ccc(Cl)cc1)c1ccccc1OCc1cccc(Cl)c1Cl	1.0	0.0	0.808	1.798	1.3030000140666962
O=C(NCCNc1ccccn1)c1ccccc1O	1.0	0.0	0.811	1.843	1.3269999947547912
O=C(NCCc1cccnc1)c1ccc(Cl)cc1F	1.0	1.0	0.96	1.795	1.377499989271164
Cc1ccccc1OCC#N	1.0	0.0	0.705	1.757	1.2309999916553496
O=S(=O)(c1ccc(Cl)cc1)N1CCCC1c1ccccc1	1.0	1.0	1.111	2.199	1.6549999709129333
Cc1ccccc1C(=O)Nc1ccc(Cl)c(Cl)c1	1.0	1.0	0.99	1.46	1.2250000047683716
COc1ccccc1NS(=O)(=O)c1ccc(Cl)cc1	1.0	1.0	0.96	1.525	1.242499989271164
O=C(O)c1ccc(S(=O)(=O)NCc2ccc(Cl)cc2)cc1	1.0	0.0	0.844	1.634	1.238999990940094
Clc1ccc(Nc2ncccc2Cl)c(Cl)c1	1.0	1.0	0.948	1.891	1.4195000069141388
CC(C)Oc1ccc(S(=O)(=O)Nc2ccc(Cl)cc2)cc1	1.0	1.0	0.945	1.664	1.3044999964237212
COc1cc(C(=O)Nc2ccc(Cl)cc2)ccc1O	1.0	0.0	0.853	1.504	1.178499992609024
COc1ccccc1NC(=O)CNC(=O)c1ccccc1	1.0	0.0	0.785	1.444	1.1145000131130218
Cc1ccc(C(=O)c2cccc(Br)c2)cc1	1.0	0.0	0.859	1.5	1.179500013589859
Nc1nnc(S(=O)(=O)Nc2ccc(Br)cc2F)s1	1.0	1.0	1.037	2.529	1.7829999704360961
Oc1ccccc1-c1ccccc1	1.0	0.0	0.796	1.315	1.0555000019073486
Cc1ccc(S(=O)(=O)Nc2ccc(Cl)cc2Cl)cc1	1.0	1.0	1.034	1.633	1.3335000195503235
CN(C)c1cccc(S(=O)(=O)NCc2ccc(Cl)cc2)c1	1.0	0.0	0.894	1.842	1.3679999969005585
O=C(COc1ccc(Cl)cc1)NO	1.0	1.0	0.937	1.659	1.2979999883174895
CCOc1c(Cl)cccc1NS(=O)(=O)c1ccc(Cl)cc1Cl	1.0	1.0	0.907	2.049	1.4780000026226043
Cc1ccc(NS(=O)(=O)c2ccc(Cl)cc2)c(Cl)c1	1.0	1.0	0.952	1.662	1.3070000109672546
Cc1ccc(C2OC(=O)C(c3ccc(C)cc3)C2C)cc1	1.0	1.0	0.921	3.03	1.9755000019073485
O=C(O)c1ccc(S(=O)(=O)NCCc2ccccc2)cc1	1.0	0.0	0.847	1.592	1.2195000014305115
Nc1ncnc(NCc2cccc(F)c2)c1-c1ccc(Cl)cc1	1.0	0.0	0.879	2.119	1.499000004053116
CC1(F)CCN(c2ccc(Cl)cc2NC(=O)c2ccc(Cl)c(Cl)c2)CC1	1.0	1.0	0.904	2.292	1.5979999921321868
O=C(COC(=O)c1ccccc1)c1ccccc1	1.0	0.0	0.754	1.354	1.054000004053116
Cc1ccc(Cn2c(C)c(C)c3cccnc32)cc1	1.0	1.0	0.943	1.915	1.4290000092983246
O=C(CSc1nc(O)c2ccccc2n1)NCc1ccccc1	1.0	0.0	0.859	1.957	1.408000013589859
O=C(O)c1ccccc1OCc1ccccc1	1.0	1.0	0.955	1.358	1.1564999916553498
CC(C)c1ccc(S(=O)(=O)NCc2ccc(Cl)cc2)cc1	1.0	0.0	0.846	1.676	1.2610000078678132
Cc1ccccc1NC(=O)c1ccc(Cl)cc1	1.0	0.0	0.867	1.264	1.0654999918937684
O=C(Cn1ccc(=O)nc1)c1ccccc1	1.0	0.0	0.79	2.188	1.4890000107288361
Cc1ccc(C(=O)C2CCCN(C(=O)c3cccc(F)c3)C2)cc1C	1.0	1.0	0.908	2.359	1.6334999961853027
Cc1ccc(Br)cc1S(=O)(=O)NCc1cccnc1	1.0	0.0	0.832	1.94	1.3860000085830688
COc1ccc(Nc2ccc(Cl)cc2C(=O)c2ccccc2)cc1	1.0	1.0	0.91	1.676	1.293000013113022
Clc1ccc(SCc2cccc(C3CCNC3)c2)cc1	1.0	0.0	0.874	2.539	1.7065000064373017
COc1ccc(NS(=O)(=O)c2ccc(Cl)cc2)cc1	1.0	1.0	0.973	1.475	1.2239999949932099
Cc1ccc(C(=O)c2cc(Cl)ccc2NS(=O)(=O)c2ccc(Cl)cc2)cc1	1.0	0.0	0.899	1.845	1.3719999945163726
O=S(=O)(c1cccc(Cl)c1)c1ccccc1O	1.0	1.0	0.937	1.856	1.3964999883174896
Cc1ccc(S(=O)(=O)c2ccc(Cl)cc2Cl)cc1	1.0	1.0	0.995	1.744	1.3695000023841857
O=C(O)c1ccccc1OS(=O)(=O)c1ccc(Cl)cc1	1.0	1.0	1.034	1.781	1.4075000195503233
Cc1ccc(C(=O)NCC(=O)OCC(=O)c2ccccc2)cc1	1.0	0.0	0.811	1.641	1.2259999947547913
Cc1nc(NC(=O)c2ccccc2)sc1Cl	1.0	0.0	0.883	1.921	1.4020000081062318
Clc1cccc(Oc2ccc(CN3CCCC3)cc2)c1	1.0	0.0	0.881	1.616	1.2484999911785126
Nc1ccc(NS(=O)(=O)c2ccc(Cl)cc2)cc1	1.0	1.0	1.013	1.611	1.3120000057220458
Cc1ccc(C(=O)c2ccc(Cl)cc2)cc1	1.0	1.0	0.923	1.33	1.1264999890327454
COc1ccccc1C(=O)NCCCc1ccccc1	1.0	0.0	0.868	1.448	1.1579999854564667
NC(=O)c1ccc(F)c2c1C(=O)N(Cc1ccccc1F)C2=O	1.0	0.0	0.871	2.258	1.5644999959468842
O=S(=O)(NCc1cccc(Cl)c1)c1ccc(Cl)cc1F	1.0	1.0	0.929	1.86	1.3945000100135805
CCOc1cc(C)ccc1C1CC(=O)Nc2c(OCC)ccnc21	1.0	1.0	0.933	2.982	1.9575000140666963
Oc1nc(Cc2ccc(Cl)cc2)nc2ccccc12	1.0	1.0	1.014	1.928	1.4710000290870666
Oc1ccc(Oc2cccc(Cl)c2)cc1Cl	1.0	1.0	0.941	1.736	1.3384999923706054
Cc1cccc(C(=O)N2CCC(C(=O)c3ccc(Cl)cc3)CC2)c1	1.0	0.0	0.803	1.769	1.2859999866485596
COc1ccc(S(=O)(=O)NC(=O)c2ccc(C)cc2)c(OC)c1	1.0	0.0	0.855	1.819	1.3370000095367431
COc1ccc(C(=O)c2ccccc2C)cc1	1.0	0.0	0.843	1.39	1.1164999973773955
O=C(CCCN1CCCCC1)c1ccc(Cl)cc1	1.0	1.0	0.926	1.671	1.298499999523163
Cn1c(=O)c2c(ncn2Cc2ccccc2)n2nc(Br)cc12	1.0	1.0	1.05	2.788	1.918999976158142
Cc1ccc(NC(=O)c2ccc(S(=O)(=O)N3CCCC3)cc2)cc1	1.0	0.0	0.697	1.632	1.1645000133514403
CC1c2ccc(C(C)(C)C)cc2N(S)N1C(=O)c1ccc(F)cc1	1.0	0.0	0.834	3.199	2.0164999957084655
O=S(=O)(c1ccc(Cl)cc1)n1ccc2ccccc21	1.0	1.0	0.992	1.855	1.4234999918937683
CCCC(=O)c1ccc(N2CCNCC2)cc1	1.0	0.0	0.737	1.896	1.316499994277954
CC(C)(C)c1ccc(C(=O)c2ccc(Cl)cc2)cc1	1.0	0.0	0.877	1.56	1.2184999871253968
Cc1cc(O)ccc1NC(=O)c1cc(Cl)ccc1Cl	1.0	0.0	0.842	1.696	1.2690000038146971
CCCC(=O)NCCc1ccc(Cl)cc1Cl	1.0	1.0	0.963	1.754	1.3584999997615814
O=C(O)c1ccc(COc2ccc(Cl)cc2Cl)cc1	1.0	0.0	0.867	1.546	1.2064999918937684
CC(C)Sc1nnc(NS(=O)(=O)c2ccc(Cl)cc2)s1	1.0	1.0	0.911	2.206	1.5585000066757202
Cc1cncnc1N(C)c1ccc(Br)cc1	1.0	1.0	1.008	2.325	1.6665000081062318
O=S(=O)(c1ccccc1)c1ccc(Cl)cc1	1.0	1.0	0.963	1.451	1.2069999997615815
NC(=O)c1cccc2ccccc12	1.0	0.0	0.676	1.443	1.0594999995231629
CCNc1ncc(CC(=O)Nc2ccc(Cl)c(Cl)c2)s1	1.0	1.0	0.973	2.183	1.5779999949932098
O=C(c1ccccc1)c1cc(Cl)ccc1OCc1cccc(Cl)c1	1.0	1.0	0.922	1.713	1.317499995470047
Cc1ncccc1Oc1ccc(S(=O)(=O)C(C)(C)C)cc1S(C)(=O)=O	1.0	0.0	0.857	2.495	1.67599999666214
O=C(Nc1cccc(Cl)c1)c1ccc(Br)cc1O	1.0	0.0	0.784	1.712	1.247999989748001
O=S(=O)(c1cccc(F)c1)c1ccc(O)cn1	1.0	1.0	0.967	2.229	1.5980000038146973
COc1ccc(C(=O)NCC(=O)NCc2ccc(C)cc2)cc1	1.0	0.0	0.818	1.552	1.1850000092983246
CC(=O)Nc1ccc(Cl)cc1NN=Cc1ccc(Br)cc1	1.0	0.0	0.82	2.066	1.4429999964237212
COc1ccc(S(=O)(=O)Nc2ccc(C)cc2)cc1N	1.0	0.0	0.865	1.736	1.3005000047683715
Fc1ccc(Oc2ccc(Cl)cc2)cc1Cl	1.0	1.0	0.987	1.545	1.265999994277954
CN(C)c1ccc(C(=O)c2ccc(Cl)cc2)cc1	1.0	0.0	0.885	1.564	1.2244999952316284
Cc1ccc(NS(=O)(=O)c2ccc(Cl)c(Br)c2)cc1	1.0	1.0	0.906	1.809	1.357500009059906
Cc1ccc(S(=O)(=O)NCc2ccccc2)cc1	1.0	0.0	0.862	1.442	1.1519999942779542
O=C(O)Cc1ccc(Cl)cc1Oc1cccc(Cl)c1	1.0	1.0	1.016	1.857	1.4365000162124635
Cc1cc(Cl)ccc1NS(=O)(=O)c1ccc(Cl)cc1	1.0	1.0	0.953	1.637	1.295000004529953
COc1ccc(CNC(=O)c2ccc(O)cc2)cc1	1.0	1.0	0.94	1.442	1.1909999988079072
O=S(=O)(Nc1ccc(Cl)cc1)c1ncc(Cl)cc1Cl	1.0	1.0	0.963	2.143	1.5529999997615813
COc1ccc(Cl)c(Oc2cccc(Cl)c2O)c1CN(C)C	1.0	1.0	1.033	2.409	1.7209999961853026
Cc1ccc(S(=O)(=O)c2ccc(C)c(S(=O)(=O)c3ccc(Cl)cc3)c2)cc1	1.0	0.0	0.825	1.998	1.4114999940395356
CN(C)c1ncccc1S(=O)(=O)NCc1ccc(Cl)cc1	1.0	0.0	0.896	2.144	1.5200000138282777
CCCS(=O)(=O)c1ccccc1Oc1ccc(C)cc1NS(C)(=O)=O	1.0	0.0	0.876	2.215	1.5454999935626983
Oc1cc(Cl)ccc1Oc1ccc(Cl)c(Cl)c1Cl	1.0	1.0	1.039	2.08	1.5595000171661377
CC(=O)Nc1ccccc1C(=O)N1CCCC1c1ccc(F)cn1	1.0	0.0	0.892	2.602	1.7470000097751617
COc1ccc(C(=O)c2ccc(C)cc2)cc1	1.0	0.0	0.858	1.326	1.0919999902248383
Cc1ccc(C(=O)Nc2ccc(Cl)c(Cl)c2)cc1	1.0	1.0	0.947	1.394	1.1705000133514405
O=C(Nc1ccccn1)OCc1cccc(Cl)c1	1.0	1.0	0.97	1.777	1.3735000143051148
c1ccc(CSc2ccccc2)cc1	1.0	0.0	0.869	1.337	1.1030000088214873
O=C(O)c1ccccc1C(=O)c1ccc(Cl)cc1S(=O)(=O)c1cccc(Cl)c1	1.0	1.0	0.973	2.128	1.55049999499321
O=S(=O)(ONc1ccc(Cl)cc1)c1ccc(Cl)c(Cl)c1	1.0	1.0	0.926	2.189	1.5574999995231629
O=C(O)c1ccccc1C(=O)c1ccccc1Sc1ccc(Cl)c(Cl)c1	1.0	1.0	1.036	2.064	1.5500000066757202
O=C(c1ccccc1)c1ccc(F)cc1Oc1ccc(Cl)cc1	1.0	1.0	1.015	1.705	1.3599999928474427
COc1ccc(CNC(=O)CNS(=O)(=O)c2ccc(F)cc2C)cc1	1.0	0.0	0.779	1.925	1.3519999921321868
COc1ccc(S(=O)(=O)NCc2cccc(C)c2)cc1	1.0	0.0	0.881	1.595	1.2379999911785124
O=C(Nc1ccccc1)c1ccc(O)nn1	1.0	0.0	0.871	1.896	1.383499995946884
Cc1ccc(NCc2ccnc(Oc3ccc(Cl)cc3)c2)cc1	1.0	0.0	0.818	1.84	1.3290000092983245
O=C(NCc1ccc(Cl)cc1)c1cc(Cl)ccc1O	1.0	1.0	1.044	1.609	1.326500014781952
Oc1ccccc1Oc1ccc(Cl)cc1	1.0	1.0	0.968	1.488	1.2279999973773956
Cc1ccc(C(=O)c2nccc3ccccc23)cc1	1.0	0.0	0.833	1.736	1.284500002145767
Nc1cccnc1Sc1ccc(Cl)c(Cl)c1	1.0	1.0	1.049	2.187	1.618000012397766
Cc1ccccc1CSc1ccc(C(=O)N(C)C)cc1	1.0	0.0	0.817	1.789	1.3029999859333037
CN(Cc1ccccc1)S(=O)(=O)c1cccc(O)c1	1.0	0.0	0.886	1.767	1.3264999887943267
O=C(c1ccccc1)c1ccccc1C(=O)c1ccc2ccccc2c1	1.0	0.0	0.833	1.708	1.2705000021457673
COc1cc(Cl)ccc1Oc1cccc(Br)c1	1.0	1.0	0.963	1.658	1.3104999997615814
Cc1cccc(NS(=O)(=O)c2ccc(Cl)cc2)c1CC(=O)O	1.0	1.0	0.942	1.956	1.4489999859333038
O=S(=O)(NCCc1ccc(Cl)cc1)c1ccccc1Cl	1.0	1.0	0.938	1.696	1.3170000116825102
Cc1ccc(CSC(=S)N2CCCCC2)cc1[N+](=O)[O-]	1.0	0.0	0.86	2.327	1.5935000071525574
Cc1ccc(CC(O)CCCCCCCCc2ccc(O)cc2)cc1O	1.0	0.0	0.59	2.561	1.5754999868869781
O=C(Nc1ccccc1C(=O)O)c1cccc(F)c1	1.0	0.0	0.878	1.492	1.1850000104904175
Cc1ccc(Cl)cc1NC(=O)c1ccc(Cl)cc1Cl	1.0	1.0	0.941	1.586	1.2634999923706056
Cc1cc(C(=O)c2ccc(F)cc2)c(C)n1-c1ccc(Cl)cc1	1.0	0.0	0.803	1.865	1.3339999866485597
Cc1ccc(C(=O)c2ccc(Br)cc2)cc1	1.0	1.0	0.92	1.413	1.1665000083446504
CCc1ccc(S(=O)(=O)Nc2ccccc2)cc1	1.0	1.0	0.916	1.449	1.1825000042915343
O=C(c1ccc(Cl)nc1)c1cccc(C(Cl)Cl)c1	1.0	1.0	1.011	2.32	1.665500018596649
O=S(=O)(Nc1ccncc1F)c1ccc(Cl)cc1	1.0	1.0	0.965	1.884	1.424499986886978
CCNC(=O)c1ccc(OCc2ccc(Cl)cc2)c(OCC)c1	1.0	0.0	0.86	1.702	1.2810000071525574
Cc1ccc(C(=O)c2cccc(P(=O)(O)O)c2)cc1F	1.0	1.0	0.964	2.269	1.6164999933242798
O=C(O)c1ncccc1Cc1ccc(Cl)c(Cl)c1	1.0	1.0	1.33	2.014	1.672000021457672
O=S(=O)(NCCCN1CCCC1)c1ccc(Cl)cc1	1.0	0.0	0.881	1.765	1.3229999911785124
CC(C(=O)NCCc1ccccc1)c1ccc(Cl)cc1	1.0	1.0	1.024	2.065	1.544500024318695
CC(Cc1ccccc1)NC(=O)c1ccccc1	1.0	0.0	0.766	1.804	1.2849999864101411
O=S(=O)(Nc1ccc(Cl)cc1)c1ccc(Cl)c(Cl)c1	1.0	1.0	0.903	1.642	1.2724999985694885
O=C(NCc1ccco1)c1ccccc1Sc1ccc(Cl)c(Cl)c1	1.0	0.0	0.852	2.083	1.4674999990463258
O=S(=O)(c1ccccc1)N(Cc1ccccc1)c1ccc(Cl)c(Cl)c1	1.0	1.0	0.971	1.82	1.3955000078678133
CCc1ccc(Oc2ccc(OC)cc2C(=O)Sc2ccc(Cl)cc2)cc1	1.0	0.0	0.812	2.128	1.4699999883174897
Clc1cc(C2CCCCC2)ccc1OCCOc1ccc(Cc2ccccc2)cc1	1.0	0.0	0.594	1.973	1.283499990940094
c1ccc(Nc2ncnc3ccccc23)cc1	1.0	1.0	0.927	1.588	1.2574999930858612
O=S(=O)(O)c1cccc(OCc2cccc(Cl)c2)c1	1.0	1.0	0.967	1.766	1.3665000038146973
CC1=C(C)C(=O)C(Cc2ccc(Cl)cc2)=N1	1.0	1.0	1.028	2.487	1.7574999985694886
COc1cccc(NS(=O)(=O)c2ccc(C)cc2)c1	1.0	1.0	0.925	1.522	1.2235000059604646
O=C(c1ccccn1)N(Cc1ccc(Cl)cc1)c1ccc(Cl)c(F)c1	1.0	1.0	1.054	2.068	1.5610000100135804
Cc1ccc(S(=O)(=O)c2ccc(Cl)cc2C)cc1	1.0	1.0	1.019	1.738	1.3785000267028809
CS(=O)(=O)c1ccccc1CNC(=O)c1cccc(Cl)c1	1.0	1.0	0.924	1.781	1.352500012397766
O=C(Nc1cccc(Br)c1)c1ccccc1O	1.0	0.0	0.794	1.559	1.176500014781952
O=S(=O)(c1ccc(Cl)cc1Cl)n1cccn1	1.0	1.0	0.935	2.37	1.652500001192093
O=C(CCc1ccccc1)NO	1.0	0.0	0.818	1.517	1.1675000092983245
Fc1ccc(Oc2cccc(Br)c2)cc1Cl	1.0	1.0	0.932	1.72	1.3259999907016753
Cc1ccccc1NC(=O)c1ccc(Cl)cc1Cl	1.0	1.0	0.988	1.459	1.2234999878406525
O=C(Cc1ccc(F)cc1)Nc1ccc(Oc2ccccc2)cc1	1.0	0.0	0.778	1.535	1.1564999985694886
O=C(Nc1ccc(Cl)cc1)c1ccc(Cl)cc1Oc1ccccc1	1.0	1.0	0.923	1.636	1.2794999890327454
Cc1ccccc1CNC(=O)c1cccc(Oc2cccc(Cl)c2Cl)c1	1.0	0.0	0.809	1.863	1.3360000076293945
Nc1ccc(Oc2ccccc2)cc1	1.0	0.0	0.793	1.368	1.0804999914169313
COc1ccc(CSc2ncnc3ccccc23)cc1O	1.0	1.0	0.914	2.027	1.4704999873638154
O=C(NCc1ccccc1)c1cccnc1Oc1ccc(Cl)cc1Cl	1.0	1.0	0.933	1.845	1.389000014066696
O=S(=O)(NCCOc1ccccc1)c1ccccc1	1.0	1.0	0.954	1.528	1.2409999980926514
COc1ccccc1NS(=O)(=O)c1ccc(C(C)(C)C)cc1	1.0	0.0	0.873	1.71	1.2915000128746033
O=S1(=O)NCCCCNc2ccccc2O1	1.0	0.0	0.808	3.508	2.158000014066696
COCC(=O)Nc1ccccc1Oc1ccccc1	1.0	1.0	0.94	1.55	1.244999998807907
Cc1cc(Oc2ccc(Cl)c(Cl)c2)c(C)cn1	1.0	1.0	1.125	2.038	1.5815
O=C(O)CCCC(=O)NCCc1ccc(Cl)cc1	1.0	1.0	0.914	1.632	1.2729999873638151
O=C(NC(Cc1ccccc1)c1ccc(F)cc1)c1cc[nH]n1	1.0	0.0	0.872	2.702	1.7869999895095825
CC(=O)N1CCCC1Cc1cccc(F)c1C#N	1.0	0.0	0.859	2.88	1.869500013589859
O=S(=O)(NCCCc1ccccc1)c1ccccc1F	1.0	0.0	0.797	1.669	1.232999995470047
O=S(=O)(c1ccccc1)c1ccccc1Cl	1.0	0.0	0.854	1.566	1.2099999861717223
Cc1sc(Cc2ccc(Cl)c(Cl)c2)nc1O	1.0	1.0	1.041	2.439	1.7400000042915345
Cc1ccc(C(=O)Cc2ccc(Cl)cc2)c(C(=O)O)c1	1.0	1.0	1.042	1.774	1.4080000276565552
COc1ccnc(Oc2ccc(Cl)cc2N)c1C	1.0	1.0	1.026	2.144	1.5850000114440919
CS(=O)(=O)c1cccc(C(=O)NCc2ccccc2)c1	1.0	0.0	0.876	1.526	1.2009999935626983
Cc1ccccc1NC(=O)CSCc1ccc(Cl)cc1Cl	1.0	0.0	0.824	1.793	1.3085000004768372
COc1ccc(S(=O)(=O)NC(=O)c2ccccc2)cc1	1.0	0.0	0.865	1.534	1.1995000047683715
CCOc1ccc(S(=O)(=O)NCc2cccnc2)cc1	1.0	0.0	0.875	1.751	1.313
CCOc1ccc(Cc2ccc(Cl)c(Cl)c2)cc1	1.0	1.0	1.146	1.575	1.3605000138282777
Clc1ccc(Cl)c(Oc2ccc(Cl)cc2N2CCOCC2)c1	1.0	0.0	0.892	2.036	1.4640000097751618
COc1ccc(S(=O)(=O)Nc2ccccc2)cc1	1.0	1.0	0.912	1.39	1.1510000002384184
O=S(=O)(c1ccccc1)c1ccc(Cl)cc1Cl	1.0	1.0	1.023	1.697	1.3600000009536743
Cc1ccc(S(=O)(=O)Cc2ccc(Cl)c(Cl)c2)cc1	1.0	1.0	1.031	1.749	1.390000009059906
Cc1ccc(C(=O)Oc2ccc(C(=O)c3ccccc3)cc2)cc1	1.0	0.0	0.685	1.559	1.122000001192093
CC(=O)N1C(=O)CCc2ccccc21	1.0	0.0	0.759	2.04	1.39950000166893
Cc1ccc(S(=O)(=O)CC(=O)NCc2ccccc2)cc1	1.0	1.0	0.924	1.684	1.3040000123977662
O=C(c1cccnc1)c1ccc(Cl)cc1OCc1ccc(Cl)cc1Cl	1.0	1.0	0.957	2.046	1.5015000085830688
Cc1ccccc1NC(=O)c1cccnc1Oc1ccc(Cl)cc1	1.0	1.0	0.922	1.748	1.334999995470047
CC(C)c1cccc(Oc2cccc(F)c2)c1O	1.0	1.0	0.96	1.965	1.4624999892711639
CC(=O)NCCc1ccccc1OCc1ccc(F)cc1F	1.0	1.0	1.007	1.874	1.440499984741211
CCOc1ccc(Cl)cc1	1.0	0.0	0.609	1.172	0.890500013589859
O=C(O)c1ccccc1C(=O)c1ccc(Cl)cc1Cl	1.0	1.0	1.026	1.694	1.3600000114440918
O=S(=O)(NCCc1cccnc1)c1ccccc1Oc1ccccc1	1.0	0.0	0.803	1.924	1.3634999866485595
Cc1cc(NS(=O)(=O)c2ccc(NC(C)C)cc2)no1	1.0	0.0	0.861	2.121	1.4910000007152557
CCCCC(=O)Nc1ccc(C(=O)c2ccc(Cl)cc2)cc1	1.0	0.0	0.783	1.577	1.1799999961853027
O=C(O)c1ccc(CSc2ccc(Cl)cc2)cc1F	1.0	1.0	0.919	1.853	1.3860000147819518
Cc1ccc(Br)cc1Nc1nc2ccccc2n1S(=O)(=O)c1ccc(Cl)c(Cl)c1	1.0	1.0	1.005	2.378	1.6914999976158143
O=C(c1ncccn1)c1cc(Cl)ccc1-c1ccc(Cl)cc1	1.0	1.0	0.993	2.091	1.5419999854564668
COC(=O)c1ccccc1Oc1ccc(Cl)cc1	1.0	1.0	1.119	1.513	1.315999979019165
O=C(Nc1ccccc1)c1ccccc1Oc1ccc(Cl)cc1	1.0	1.0	0.971	1.494	1.232500007867813
Cc1cc(NS(=O)(=O)c2cccc(Cl)c2)ccc1O	1.0	0.0	0.867	1.816	1.3414999918937682
O=C(Nc1ccccc1F)c1ccccc1F	1.0	0.0	0.752	1.4	1.0759999871253967
O=C(O)c1ccccc1C(=O)c1ccc(Cl)cc1Sc1ccc(Cl)c(Cl)c1	1.0	1.0	0.995	2.184	1.5895000023841859
O=C(c1ccccc1F)c1ncccc1Oc1ccc(Cl)cc1	1.0	1.0	1.059	1.929	1.4940000076293947
COC(=O)c1ccccc1NS(=O)(=O)c1ccc(Cl)c2ccccc12	1.0	1.0	0.909	1.9	1.404499989748001
Cc1ccc(NS(=O)(=O)c2ccc(Cl)c(Cl)c2)cc1	1.0	1.0	0.907	1.623	1.2650000026226045
CS(=O)(=O)Oc1ccc(Cl)cc1Cc1ccc(Cl)c(Cl)c1	1.0	1.0	1.117	2.09	1.6034999918937682
Cc1ccc(S(=O)(=O)Nc2cc(Cl)ccc2C)cc1C	1.0	0.0	0.835	1.73	1.282499989271164
Fc1cc(F)cc(NCc2cc(Cl)ccc2N2Cc3ccccc3C2)c1	1.0	0.0	0.858	2.229	1.5434999902248383
CC(C)(C)c1cc(Cl)c(C(=O)NCc2ccccc2)cc1Cl	1.0	0.0	0.856	1.901	1.3785000030994414
Clc1ccc(Oc2ccccc2Cn2cccn2)cc1	1.0	1.0	1.086	1.839	1.4624999828338623
Fc1cccc(Oc2ccc(Cl)cc2)c1	1.0	1.0	1.009	1.428	1.2184999718666076
Cc1cccc(C)c1NC(=O)CCCC(=O)c1ccc(Cl)cc1	1.0	1.0	0.988	1.765	1.3764999878406523
C=CCN1C(=O)N=C(Cc2ccc(Cl)cc2)C1=O	1.0	1.0	1.009	2.696	1.8524999718666078
O=S(=O)(c1ccc(Cl)cc1)c1ccc(Cl)cc1Cl	1.0	1.0	0.985	1.764	1.3745000071525575
O=C(O)c1cccc(Oc2ccc(Cl)cc2Cl)c1N1CCCCCC1	1.0	1.0	0.998	2.128	1.5630000128746033
Cc1ccc(OCCC(=O)OCc2ccc(Cl)cc2Cl)cc1	1.0	0.0	0.794	1.794	1.294000014781952
Cc1ccc(C(=O)c2ccc(Br)cc2N)cc1	1.0	0.0	0.887	1.742	1.3145000121593475
O=C(Nc1ccccc1)c1ccccc1Oc1ccc(Cl)cc1Cl	1.0	1.0	0.974	1.627	1.300499988555908
O=C(NCc1ccccn1)c1ccccc1Oc1ccccc1	1.0	1.0	0.942	1.693	1.3174999859333039
O=C(Nc1ccccc1)OCc1ccccc1	1.0	0.0	0.829	1.318	1.0734999980926514
O=S(=O)(c1ccc(F)cc1)c1ccc(Cl)cc1	1.0	0.0	0.898	1.536	1.2170000009536743
Cc1cc(C)c(NC(=O)c2ccc(Br)cc2)cc1Cl	1.0	0.0	0.836	1.652	1.2440000126361848
CC(=O)c1ccc(S(=O)(=O)NCc2ccc(Cl)cc2Cl)cc1	1.0	0.0	0.84	1.83	1.3349999868869782
O=C(O)c1ccccc1C(=O)c1ccc(Cl)cc1Sc1ccccc1	1.0	1.0	0.929	2.0	1.4645000100135803
O=C(O)c1cccc(Oc2ccc(Cl)cc2Cl)c1C(=O)O	1.0	1.0	1.152	1.935	1.5434999752044678
Cc1ccccc1C(=O)c1ccc(Cl)cc1OCc1ccc(Cl)cc1Cl	1.0	1.0	0.934	1.955	1.4445000076293946
O=C1NCC(c2ccccc2)C(C(=O)c2ccc(Cl)cc2)=C1O	1.0	1.0	0.987	2.776	1.881499994277954
Cc1ccc(S(=O)(=O)NCCc2ccc(O)c(Cl)c2)cc1	1.0	0.0	0.843	1.847	1.3449999973773956
CN(C)CCNS(=O)(=O)c1ccc(Cl)cc1O	1.0	1.0	0.975	2.197	1.586000011920929
O=C(Cc1ccc(Cl)c(Cl)c1)NO	1.0	1.0	1.043	1.873	1.4579999914169313
Cc1ccccc1N=C(C#N)c1ccccc1	1.0	0.0	0.836	2.221	1.5285000126361847
c1ccc(OC2Cc3ccccc3C2N2CCCCC2)cc1	1.0	0.0	0.828	2.8	1.814000004529953
CCCOc1ccc(S(=O)(=O)N(CC)CC)cc1O	1.0	0.0	0.847	2.052	1.4495000014305115
Cc1cccc(S(=O)(=O)NC(=O)Oc2ccc(Br)cc2)c1	1.0	1.0	0.961	1.943	1.4520000126361847
O=S(=O)(NCCCN1CCCCCC1)c1cccc(Oc2ccccc2Cl)c1	1.0	0.0	0.721	2.041	1.381000007867813
NCC(=O)Nc1ccc(Oc2ccc(Cl)cc2)cc1	1.0	1.0	0.961	1.599	1.2800000126361848
Oc1nc(SCc2ccc(Cl)cc2)nc2sccc12	1.0	1.0	0.99	2.335	1.6625000047683716
CC(=O)Nc1ccc(S(=O)(=O)NCc2ccc(Br)cc2)cc1	1.0	0.0	0.861	1.727	1.294000000715256
O=CC(=O)c1cccc(S(=O)(=O)c2ccc(Cl)cc2)c1	1.0	1.0	1.005	2.004	1.5044999976158142
O=C(Cc1ccc(F)cc1)c1cccc(O)c1	1.0	1.0	0.976	1.656	1.3160000054836272
Cc1ccc(C(=O)c2cc(Cl)ccc2NS(=O)(=O)c2ccc(Cl)cc2Cl)cc1	1.0	0.0	0.864	2.002	1.433000011205673
Cc1cccc(C(=O)NCc2ccccc2C(F)(F)F)c1F	1.0	0.0	0.817	1.987	1.4019999859333039
COc1nc(Br)cnc1NC(=O)Nc1ccc(Cl)cc1Cl	1.0	0.0	0.801	2.396	1.5984999995231628
CCC(=O)c1ccc(OS(=O)(=O)c2ccc(C)cc2)cc1F	1.0	0.0	0.826	2.034	1.4299999876022338
Cc1ccc(OCc2sccc2Br)cc1Cl	1.0	1.0	0.977	2.103	1.5399999990463258
CC(N)c1ccc(Cl)cc1Cl	1.0	0.0	0.632	2.283	1.4575000145435333
Cc1ccc(F)cc1S(=O)(=O)NCCc1ccccc1	1.0	1.0	0.915	1.695	1.3050000107288362
Cc1cc(NS(=O)(=O)c2ccc(Cl)cc2)ccc1Cl	1.0	1.0	0.975	1.654	1.314500011920929
COc1ccc(C(=O)CC(=O)c2cccc([N+](=O)[O-])c2)cc1	1.0	0.0	0.727	1.848	1.2874999990463256
Fc1ccc(CNc2ccccc2)cc1Cl	1.0	1.0	0.948	1.512	1.2300000069141388
CC(C)(C)NS(=O)(=O)c1ccc(Cl)cc1Cl	1.0	0.0	0.898	2.0	1.4490000009536743
COC(=O)c1ccccc1C(=O)c1ccc(Cl)c(Cl)c1	1.0	1.0	0.985	1.704	1.3445000071525572
O=C(c1ccccn1)N(Cc1ccc(F)cc1)c1ccc(Cl)cc1	1.0	1.0	1.122	1.891	1.5064999895095825
COc1ccc(C(=O)NCC(=O)Nc2ccc(Cl)cc2)cc1	1.0	0.0	0.835	1.482	1.158499989271164
CCOC(=O)c1cc(C(=O)c2ccc(Br)cc2N(C)C)ccc1Cl	1.0	0.0	0.856	2.17	1.5130000030994415
Cc1ccc(S(=O)(=O)Nc2cccc(Cl)c2C)cc1	1.0	1.0	0.936	1.656	1.295999994754791
Cc1ccc(C(=O)Cc2ccc(Cl)cc2Cl)cc1	1.0	1.0	0.967	1.651	1.3090000038146972
Cc1ccc(C(=O)NCc2cccnc2)cc1Cl	1.0	1.0	1.036	1.657	1.3465000066757202
O=C(Nc1ccc(Cl)cc1Cl)c1cccc(Br)c1	1.0	1.0	0.939	1.581	1.2600000052452087
Cc1ccc2c(c1)NC(=O)CC2c1ccc(Cl)cc1	1.0	1.0	0.946	2.478	1.7119999899864198
O=C(Cc1ccc(Cl)cc1)c1ccccc1O	1.0	1.0	1.103	1.612	1.3575000224113465
Cc1ccccc1OCC(=O)NCCCCC(=O)Nc1ccccc1	1.0	0.0	0.706	1.678	1.191999985218048
Nc1nc(O)nc(O)c1SCc1ccc(Cl)cc1Cl	1.0	1.0	0.918	2.883	1.9004999914169312
Cc1ncc(C)n2nc(CCc3ccc(Br)s3)nc12	1.0	1.0	1.003	2.83	1.9165000104904175
C=CC(=O)Nc1cccc(S(=O)(=O)NC)c1Cl	1.0	0.0	0.792	2.342	1.5669999978542328
Clc1ccc(NCc2ccccn2)c(Cl)c1	1.0	1.0	0.918	1.762	1.3399999914169312
N=C(N)c1ccc(COc2ccc(Cl)cc2)o1	1.0	1.0	0.99	2.066	1.5280000047683715
Cc1ccc(S(=O)(=O)Cc2cccc(F)c2)cc1	1.0	1.0	0.934	1.67	1.3020000076293945
Cn1nccc1C(=O)Nc1ccc(Cl)cc1	1.0	1.0	0.988	1.805	1.3964999878406523
CC(=O)Nc1ccc(NS(=O)(=O)c2ccc(C)cc2)cc1	1.0	0.0	0.864	1.576	1.2200000112056733
Brc1c[nH]c2ncnc(NC3CCN(Cc4ccccc4)CC3)c12	1.0	0.0	0.797	2.414	1.605499995470047
CC(=O)c1ccc(NS(=O)(=O)c2ccc(Cl)cc2)cc1	1.0	1.0	0.939	1.578	1.2585000052452089
COc1ccc(N(CC2=CCCCC2)S(=O)(=O)c2ccccc2)cc1	1.0	1.0	0.913	2.202	1.557499993801117
Cc1nc(SCc2ccccc2)c2ccccc2n1	1.0	1.0	0.922	1.806	1.363999995470047
O=C(Nc1ccccc1)c1ccc(O)cc1Oc1ccc(Cl)cc1Cl	1.0	1.0	0.936	1.829	1.3824999947547911
O=C(Nc1ccccc1)Nc1ccc(O)cc1	1.0	0.0	0.723	1.391	1.0569999949932098
COc1ccc(NS(=O)(=O)c2ccc(Cl)c(Cl)c2)cc1	1.0	0.0	0.888	1.631	1.259500005722046
CN(C)c1cccc(Oc2ccc(Cl)cc2NS(=O)(=O)c2ccc(Cl)cc2)c1	1.0	1.0	1.011	2.027	1.5190000185966492
Cc1ccc(C(=O)O)cc1S(=O)(=O)Nc1ccc(Cl)cc1	1.0	0.0	0.884	1.715	1.29950000166893
Clc1ccc(NCCOc2ccccc2)cc1	1.0	1.0	0.904	1.452	1.1779999921321869
Cn1ccc(=O)c2ccccc2c1=O	1.0	0.0	0.718	1.966	1.3419999973773957
CC(=O)c1ccc(NC(=O)c2ccc(Cl)c(Cl)c2)cc1	1.0	0.0	0.883	1.526	1.2045000081062316
CCCC(=O)NCCc1ccc(Cl)c(Cl)c1	1.0	1.0	0.988	1.694	1.3409999878406524
O=C(Cc1ccccc1)OCc1cccc(Cl)c1Cl	1.0	0.0	0.873	1.739	1.3060000128746032
Cc1ccc(S(=O)(=O)NCC(=O)NCc2ccc(Cl)cc2)cc1	1.0	0.0	0.837	1.737	1.287000006198883
c1ccc(OC2CN(c3ccccc3)C2N2CCCC2)cc1	1.0	0.0	0.89	2.97	1.9299999928474427
Cc1ccc(C(=O)Nc2ccc(Cl)cc2C)cc1	1.0	1.0	0.962	1.394	1.1780000061988831
Brc1cncc(Oc2ccccc2)c1	1.0	0.0	0.862	1.766	1.313999994277954
N#Cc1ccc(Sc2cccc(Cl)c2C#N)cc1	1.0	0.0	0.881	2.301	1.5909999911785127
CCCc1ccc(S(=O)(=O)NC)cc1	1.0	0.0	0.779	1.645	1.211999992132187
O=S(=O)(c1ccc(Cl)c(Cl)c1)N1c2oc3ccc(Cl)cc3c2C1Cn1ccnc1	1.0	0.0	0.866	3.391	2.12849999833107
CC(=O)NC(=O)NC(C)(C)CCCC(C)C	1.0	0.0	0.881	2.421	1.6509999911785125
Cc1ccccc1C(=O)Nc1ccc(Cl)cc1CCO	1.0	1.0	0.911	1.789	1.35000000667572
Fc1ccc(Nc2ncnc3ccccc23)cc1F	1.0	1.0	1.005	1.83	1.4174999976158142
CCc1ccccc1S(=O)(=O)NCCc1ccccc1	1.0	0.0	0.842	1.698	1.2700000038146972
O=C(O)CSc1cccn1NS(=O)(=O)c1ccc(Cl)cc1Cl	1.0	0.0	0.886	2.768	1.8269999887943267
O=C(c1ccccc1)c1ccccc1OC(F)(F)F	1.0	1.0	1.004	1.729	1.3664999742507935
Nc1ccccc1Cl	1.0	0.0	0.467	1.496	0.9815000038146973
O=C(c1ccc(Cl)cc1)c1cc(Cl)ccc1OC(F)(F)Cl	1.0	1.0	1.006	2.138	1.572000020980835
Oc1cccc(Oc2ccc(Br)cc2)c1	1.0	1.0	1.007	1.617	1.311999984741211
O=C(O)c1ccccc1C(=O)c1ccc(S(=O)(=O)c2ccccc2)cc1	1.0	0.0	0.715	1.785	1.2499999868869782
O=S(=O)(c1ccc(Cl)cc1)N(Cc1ccncc1)c1cccc(F)c1	1.0	1.0	1.011	2.012	1.5115000185966492
O=C(c1ccccc1Cl)c1ccccc1Oc1ccc(Cl)c(Cl)c1	1.0	1.0	1.11	1.814	1.4620000071525574
Cc1ccccc1NS(=O)(=O)c1ccc(Cl)cc1	1.0	1.0	0.997	1.499	1.2479999895095826
CCOc1ccccc1Oc1c(O)cc(C)cc1Cl	1.0	1.0	0.926	1.983	1.454499999523163
Cc1ccccc1OC(=O)c1ccccc1	1.0	0.0	0.857	1.365	1.11099999666214
Nc1cc(Cl)ccc1Sc1ccccc1C(=O)O	1.0	1.0	1.083	1.996	1.5394999723434448
Cc1ccc(C(=O)c2ccccc2F)cc1NS(C)(=O)=O	1.0	1.0	0.914	1.853	1.3834999873638152
Cc1ccc(OCCOc2ccc(Cl)c(Cl)c2)cc1	1.0	1.0	1.028	1.581	1.3044999985694885
Cc1ccccc1OC(=O)c1ccc(Cl)c(S(N)(=O)=O)c1	1.0	0.0	0.757	1.873	1.3150000145435334
O=C(NCc1ccccc1F)c1ccc(Br)cc1	1.0	1.0	0.919	1.509	1.2140000147819519
Cc1ccccc1OCC(=O)c1ccc(Cl)cc1Cl	1.0	0.0	0.859	1.687	1.2730000135898591
O=C(NCC=CCN1CCOCC1)c1ccc(Cl)c(Cl)c1-n1cccc1	1.0	0.0	0.763	2.755	1.7590000057220458
O=S(=O)(NCCOc1ccc(Cl)cc1)c1ccc(Cl)c(Cl)c1	1.0	1.0	0.93	1.807	1.3685000035762787
Cc1ccccc1NC(=O)C1CCN(c2ccccc2)CC1	1.0	0.0	0.772	1.573	1.172500007390976
Cc1cccc(Cc2cccc(C(=O)O)c2)c1O	1.0	1.0	1.059	1.807	1.4330000076293945
COc1ccc(C(C)(O)c2ccccc2)cc1	1.0	0.0	0.894	2.111	1.5024999969005586
OC(c1ccc(Cl)cc1)c1ccc(Cl)c(Cl)c1	1.0	1.0	1.051	2.194	1.6224999995231628
Clc1cccc(Oc2ccc(Br)cc2)c1	1.0	1.0	0.961	1.496	1.2285000126361847
Cc1cc(C)cc(C(=O)c2cccc(C(=O)c3ccc(Cl)cc3)c2)c1	1.0	0.0	0.891	1.851	1.370999986410141
COc1ccc(CN2C(=O)CCC2=O)cc1O	1.0	0.0	0.823	1.984	1.4035000069141388
Nc1nc(NCCc2ccc(Cl)cc2Cl)c2ncn(Cc3ccccc3)c2n1	1.0	0.0	0.851	2.298	1.5745000054836273
O=C(COC(=O)c1ccccc1O)Nc1ccc(Cl)c(Cl)c1Cl	1.0	0.0	0.896	1.974	1.4350000138282777
CC(=O)Nc1ccc(OCC(COC(C)C)c2cccc(Cl)c2)cc1	1.0	0.0	0.793	2.617	1.7049999914169311
Cc1cc(OC(=O)NC2CCCCC2)ccc1CCc1ccccc1	1.0	0.0	0.762	1.966	1.3640000121593476
O=C(NCCCCc1ccc(Cl)cc1)c1ccc(F)cc1	1.0	0.0	0.863	1.53	1.1964999878406526
COc1ccc(NS(=O)(=O)c2ccc(Cl)cc2Cl)cc1	1.0	1.0	0.927	1.686	1.3064999930858612
CC(=O)c1cccc(NS(=O)(=O)c2ccc(Cl)cc2)c1	1.0	1.0	0.975	1.631	1.303000011920929
O=S(=O)(O)c1ccc(Cl)cc1	1.0	0.0	0.666	1.551	1.1085000042915345
O=C(O)c1ccccc1OCc1ccc(Cl)c(Cl)c1	1.0	1.0	1.114	1.631	1.372499981403351
O=C(c1cccc(Cl)c1)c1ccccc1Oc1ccc(Cl)cc1Cl	1.0	1.0	0.966	1.823	1.3945000102519989
Cn1nnnc1S(=O)(=O)c1ccc(Cl)cc1	1.0	1.0	1.038	2.413	1.7254999938011168
CCOC(=O)c1ccc(NS(=O)(=O)c2ccc(C)cc2)cc1	1.0	0.0	0.827	1.594	1.2105000109672548
Clc1ccc(Nc2cccc(Cl)c2)cc1	1.0	0.0	0.863	1.428	1.1454999878406524
CC(=O)c1ccc(S(=O)(=O)NCCc2ccc(Cl)cc2)cc1	1.0	0.0	0.818	1.699	1.2585000092983245
O=S(=O)(Nc1ccc(Cl)cc1)Oc1ccc(Cl)cc1	1.0	1.0	0.915	1.946	1.430500010728836
Cc1ccc(SC(=O)c2ccc(Cl)cc2C)cc1	1.0	0.0	0.866	2.035	1.45049999833107
CCOc1ccc(OCC(=O)NS(=O)(=O)c2ccc(C)cc2)cc1Cl	1.0	1.0	0.909	1.94	1.424499989748001
O=C(Nc1ccc(Cl)cc1)Nc1ccc(Cl)cc1Cl	1.0	0.0	0.825	1.557	1.1909999940395355
O=C(O)c1ccc(NS(=O)(=O)c2cccc(Cl)c2F)cc1	1.0	0.0	0.872	1.854	1.3629999895095826
O=C(c1ccc(Cl)c(Cl)c1)c1ccncc1Cl	1.0	1.0	1.119	1.936	1.527499979019165
Cc1ccc(NC(=O)c2ccc(Cl)c(Cl)c2C)cc1	1.0	1.0	0.934	1.704	1.3190000076293944
Clc1ccc(C(CCN2CCN(c3ccccc3)CC2)c2ccccc2)cc1	1.0	0.0	0.853	2.29	1.571499992609024
Cc1ccc(NS(=O)(=O)c2ccc(Cl)cc2C)c(C)c1	1.0	1.0	0.949	1.803	1.3760000004768371
Cc1ccc(S(=O)(=O)Cc2ccccc2)cc1F	1.0	0.0	0.835	1.705	1.269999989271164
NC(=O)c1ccccc1NS(=O)(=O)c1ccc(Cl)cc1Cl	1.0	1.0	0.966	1.85	1.408000010251999
O=C(c1ccncc1)N(Cc1ccco1)c1ccccc1	1.0	1.0	1.036	1.973	1.5045000066757201
Cc1ccccc1C(=O)Nc1ccc(NS(=O)(=O)c2cccc(Cl)c2)cc1	1.0	0.0	0.708	1.749	1.2285000021457673
CCCCOc1ccc(CNC(=O)c2ccc(Cl)nc2Cl)cc1	1.0	0.0	0.81	1.943	1.376500001192093
Oc1ccccc1Oc1ccccc1	1.0	0.0	0.835	1.404	1.119499989271164
O=C(Nc1ccc(Cl)c(Cl)c1)N1CCOC1	1.0	1.0	0.972	2.147	1.5595000014305114
Cc1cc(SCC(=O)c2ccc(Cl)cc2)ccc1N	1.0	1.0	0.926	1.89	1.4079999995231627
Cc1ccc(Sc2ncccc2CO)cc1	1.0	1.0	0.918	2.067	1.4924999914169312
CON(C)c1ncnc(N2CCC(CO)CC2)c1C=NO	1.0	0.0	0.899	3.152	2.0254999945163727
Clc1ccc(NCc2ccc(CNc3ccc(Cl)cc3)nc2)cc1	1.0	0.0	0.742	1.875	1.3084999918937683
COc1cccc(Sc2ccc(CCC(=O)CCc3ccccc3)cc2)c1	1.0	0.0	0.696	1.994	1.3449999899864196
CCCNS(=O)(=O)c1ccc(NC(=O)c2ccccc2Cl)cc1	1.0	0.0	0.769	1.698	1.2334999969005584
O=S(=O)(NCc1ccc(Cl)cc1Cl)c1ccccc1	1.0	0.0	0.888	1.688	1.2880000057220458
O=C(NCc1cccc(Cl)c1)c1ccccc1Cc1cccc(C(F)(F)F)c1	1.0	0.0	0.805	1.946	1.3755000035762786
COc1ccccc1Cc1ccc(O)cc1	1.0	1.0	0.908	1.51	1.2089999961853026
O=C(c1cccnc1)N(Cc1ccccc1)c1ccc(Cl)cc1	1.0	1.0	1.182	1.785	1.4835000205039979
Cc1ccc(C(=O)c2ccc(Cl)cc2C(=O)c2ccc(Cl)cc2)n1C	1.0	1.0	0.942	2.174	1.5579999859333038
Cc1ccc(OCc2ccc(F)cc2)cc1N[N+](=O)[O-]	1.0	1.0	0.949	2.098	1.523500000476837
CC(=O)Nc1cccc(OCc2ccccc2)c1N	1.0	0.0	0.882	1.767	1.3245000145435333
O=S(=O)(c1cccnc1)c1ccc2ccccc2c1	1.0	0.0	0.892	1.841	1.3665000097751618
CCn1c(SCC(=O)Nc2cccc(Cl)c2)nnc1-c1ccccn1	1.0	0.0	0.84	2.066	1.452999986886978
CCCCCOc1c(Cl)cc(Cl)cc1NS(=O)(=O)c1ccc(Cl)cc1	1.0	1.0	0.968	2.015	1.4914999973773957
O=C(Nc1ccccc1Br)c1cccs1	1.0	0.0	0.835	1.7	1.267499989271164
O=S(=O)(c1ccc(Cl)cc1Cl)n1ccc2ccccc21	1.0	1.0	0.964	2.058	1.5109999933242797
CN(C)NS(=O)(=O)c1ccc(Cl)cc1	1.0	0.0	0.858	2.159	1.5084999902248382
Cc1ccc(C(=O)NCc2ccc(Cl)cc2)cc1	1.0	1.0	0.981	1.329	1.1550000030994414
CCc1ccc(S(=O)(=O)Nc2ccc(Cl)cc2C)cc1	1.0	1.0	1.045	1.68	1.3624999785423277
COc1ccc(S(=O)(=O)NC(=O)COc2ccc(F)cc2)cc1	1.0	0.0	0.874	1.757	1.3155000064373015
O=C(c1ccc(Cl)cc1)c1cnc(Cl)n1N=Cc1ccc(Br)cc1	1.0	0.0	0.818	2.503	1.6605000092983246
Cc1ccc(S(=O)(=O)Nc2cc(Cl)cc(Cl)c2)cc1N1CCOCC1	1.0	0.0	0.817	2.136	1.476499985933304
CCCC(=O)NC(=O)c1ccc(Cl)cc1	1.0	1.0	0.918	1.56	1.2389999914169312
O=C(O)c1ccc(S(=O)(=O)Nc2cccnc2)cc1	1.0	0.0	0.825	1.744	1.2844999940395354
CC(C)c1ccc(S(=O)(=O)Nc2ccccc2)cc1	1.0	1.0	0.96	1.523	1.2414999892711638
O=C(c1cccnc1)c1ccc(Cl)cc1OCc1ccc(Cl)c(Cl)c1	1.0	1.0	1.036	2.024	1.5300000066757202
CC(=O)Nc1ccc(S(=O)(=O)NCc2ccc(Cl)cc2)cc1	1.0	0.0	0.864	1.666	1.2650000112056732
OC(c1ccccc1)c1ccc(Cl)cc1	1.0	1.0	0.961	1.922	1.4415000126361845
CN(N=Cc1ccccc1)C(=O)c1ccccc1	1.0	0.0	0.857	1.961	1.40899999666214
Oc1cccc2nc3ccccc3nc12	1.0	0.0	0.722	1.906	1.3140000014305113
Oc1cc(Cl)c(Cl)cc1Oc1ccccc1	1.0	0.0	0.891	1.744	1.3174999864101409
O=C(NCCc1cccnc1)c1ccc(O)cc1	1.0	0.0	0.843	1.67	1.2564999973773956
O=S(=O)(c1ccc(Cl)cc1Cl)n1ccc2cccnc21	1.0	1.0	0.946	2.263	1.6044999899864196
O=C(O)CC(=O)Nc1ccc(Cl)c(Cl)c1S	1.0	1.0	1.015	2.53	1.7724999928474425
O=C(C=Cc1ccccc1)NCCc1ccc(Cl)cc1	1.0	1.0	1.006	1.663	1.334500020980835
O=C(O)CCNS(=O)(=O)c1ccc(Cl)cc1Cl	1.0	1.0	0.937	1.913	1.4249999883174898
Oc1ccccc1Sc1ccc(Cl)cc1	1.0	1.0	0.958	1.801	1.3795000021457673
Clc1cccc(Nc2ncncc2Oc2ccc(Br)cc2)c1	1.0	1.0	0.994	2.075	1.5345000088214875
Cc1ccc(Cl)cc1OC(=O)c1ccccc1	1.0	0.0	0.818	1.536	1.1770000092983246
Cc1nc(C(F)(F)F)ccc1NS(=O)(=O)c1cccc(Cl)c1Cl	1.0	1.0	0.903	2.335	1.6189999985694885
CC(C)Sc1cccc(NC(=O)c2ccccc2C(=O)O)c1	1.0	0.0	0.83	1.863	1.3464999916553497
O=S(=O)(NCCOc1ccc(I)cc1)c1ccccc1	1.0	1.0	1.016	1.795	1.4055000162124633
COc1ccc(C(=O)NCc2ccc(OC)nc2)c(C)c1	1.0	1.0	0.94	1.835	1.387499998807907
Cc1ccc(NS(=O)(=O)c2cccc(C(=O)O)c2)cc1	1.0	1.0	0.912	1.599	1.2555000002384187
c1ccc(COc2ccccc2N2CCNCC2)cc1	1.0	0.0	0.876	1.727	1.3014999935626985
COc1cc(NS(=O)(=O)c2cccc(Br)c2)ccn1	1.0	1.0	0.937	2.051	1.4939999883174897
COc1ccc(CC(=O)NN=C(C)c2ccc(C)cc2)cc1	1.0	0.0	0.821	1.759	1.2899999899864196
CC(=O)NC(=O)N(c1ccccc1)c1ccccc1	1.0	0.0	0.823	1.956	1.3895000069141388
CCc1ccc(Oc2ccc(Cl)cc2NS(=O)(=O)c2ccc(Cl)cc2)cc1F	1.0	0.0	0.869	2.056	1.4625000088214875
COc1cccc(OC(=O)c2ccccc2)c1C	1.0	0.0	0.803	1.574	1.1884999866485595
CCOC(=O)c1c(C)nc2ccc(Cl)cn12	1.0	0.0	0.698	2.246	1.4720000069141388
O=C(c1ccncc1)c1ccc(Cl)c(Cl)c1-c1ccc(Cl)cc1Cl	1.0	0.0	0.845	2.245	1.5450000143051148
O=C(O)c1ccccc1CC1(c2ccc(O)cc2)Cc2ccccc2C1	1.0	1.0	0.941	2.362	1.6514999923706055
COc1ccc(S(=O)(=O)Oc2ccc(Cl)c(Cl)c2)cc1	1.0	1.0	0.965	1.798	1.3814999868869782
COc1ccc(Cl)cc1NCc1ccc(Cl)cc1	1.0	1.0	1.002	1.554	1.2779999871253969
O=C(Cc1ccc(Cl)c(Cl)c1)NCCc1ccc(F)cc1	1.0	1.0	0.943	1.681	1.3120000092983246
Cc1ccccc1NC(=O)c1cccc(S(=O)(=O)N(C)C)c1	1.0	0.0	0.795	1.657	1.2260000083446503
CN(C)Cc1ccc(O)c(S(=O)(=O)c2ccc(N)cc2)c1	1.0	1.0	0.92	2.157	1.5385000083446503
Cc1ccc(C(=O)Cc2ccccc2)cc1	1.0	0.0	0.877	1.329	1.1029999871253966
Cc1ccc(NC(=S)NCCN(C)C)cc1Cl	1.0	1.0	0.944	1.943	1.443500002861023
COc1ccc(C(=O)OCc2ccccc2)cc1	1.0	1.0	0.932	1.302	1.1169999907016754
Cc1ccc(NS(=O)(=O)c2ccc(Cl)cc2)cn1	1.0	1.0	0.991	1.764	1.37749999833107
Oc1ccc(Oc2ncccn2)cc1	1.0	0.0	0.806	1.921	1.3634999971389772
O=C(O)c1ccccc1Oc1ccc(Cl)cc1	1.0	1.0	1.081	1.477	1.2789999852180483
COCC(=O)Nc1ccc(OC(C)=O)c(C(=O)O)c1	1.0	0.0	0.75	1.871	1.3105
O=C(O)c1ncccc1Oc1ccc(Br)cc1	1.0	1.0	1.149	1.864	1.506500024318695
CCc1ccc(Sc2ccc(NC(=O)CCc3ccc(Cl)cc3)cc2)cc1	1.0	0.0	0.664	1.855	1.2594999873638153
Cc1ccccc1C(=O)Nc1ccc(F)c(Cl)c1Oc1ccccc1C(=O)O	1.0	0.0	0.795	2.093	1.4440000083446503
CC(C)COC(=O)c1ccc(Cl)cc1Oc1ccccc1	1.0	1.0	0.961	1.806	1.3835000126361847
Cc1ccccc1C(=O)NCCc1ccc(Cl)cc1	1.0	0.0	0.87	1.458	1.1640000023841859
CN(C(=O)c1cccnc1)S(=O)(=O)c1ccccc1S(C)(=O)=O	1.0	0.0	0.853	2.366	1.609499992609024
Cc1ccc(NS(=O)(=O)c2ccc(Cl)cc2F)cn1	1.0	1.0	1.007	2.008	1.507499984741211
Cc1ccc(C(=O)CCN2CCCC(C)(C)C2)cc1	1.0	0.0	0.831	2.054	1.442499985218048
CCCCc1ncc(CNc2ccc(C(=O)O)cc2)n1Cc1ccc(Cl)c(Cl)c1	1.0	0.0	0.799	2.299	1.549000012397766
CCN(CC)C(=O)C1CCN(Cc2ccccc2)CC1	1.0	0.0	0.808	1.745	1.2765000140666962
CC(=O)Nc1ccc2c(ccn2Cc2ccccc2)c1Cc1ccccc1	1.0	0.0	0.795	2.035	1.4150000083446503
O=C(c1ccccc1)c1cc(Cl)ccc1OC(F)(F)Cl	1.0	1.0	0.949	2.079	1.5140000004768372
O=C(O)c1ccccc1Sc1cccc(Br)c1	1.0	1.0	0.947	1.879	1.4130000133514404
FC(F)(F)c1cccc(NCCc2ccccc2)c1	1.0	0.0	0.831	1.638	1.234499985218048
Cc1ccc(NC(=O)c2ccccc2)cc1	1.0	0.0	0.81	1.14	0.9750000011920928
Cc1cccc(Cc2ccc(Br)cc2)c1I	1.0	1.0	0.95	2.04	1.4949999940395355
NS(=O)(=O)c1ccc(S(=O)(=O)NCc2cccnc2)cc1	1.0	0.0	0.898	1.912	1.4050000009536743
Cc1nc2n(-c3ccc(Cl)cc3)c(=O)c(-c3ccc(Cl)cc3)nn2c1C	1.0	0.0	0.766	2.434	1.599999986410141
O=C(Nc1ccc(Cl)c(Cl)c1)c1cc(Cl)ccc1Br	1.0	1.0	0.938	1.704	1.3210000116825102
CCc1ccc(Oc2ccc(Cl)cc2NS(=O)(=O)c2ccc(C)cc2)nn1	1.0	1.0	0.967	2.231	1.5990000038146972
COc1nc(NS(=O)(=O)c2ccc(Cl)cc2)nc2ccccc12	1.0	0.0	0.899	2.001	1.4499999945163726
Cc1ccc(-c2ccc(Cl)cc2C2CCNC2C(=O)O)cc1Cl	1.0	0.0	0.846	3.115	1.9805000078678132
CCOC(=O)CC(=O)c1cc(OC)ccc1NS(=O)(=O)c1ccc(Cl)cc1Cl	1.0	0.0	0.847	2.241	1.5440000014305115
Cc1ccc(S(=O)(=O)Nc2ccc(Cl)cc2C)cc1	1.0	1.0	1.063	1.618	1.3404999818801882
Nc1ccc(SSc2ccc(Cl)cc2)cn1	1.0	1.0	1.011	2.496	1.7535000185966492
Cc1cc(Cl)cc(NC(=O)c2ccccc2)c1C	1.0	0.0	0.792	1.556	1.1739999978542328
Cc1cc(S(=O)(=O)Nc2c(C)ccc(F)c2C)ccc1OCc1cccc(Cl)c1	1.0	0.0	0.745	2.173	1.4590000023841858
O=C(c1cccnc1)N(Cc1ccc(Cl)cc1)c1ccccc1	1.0	1.0	1.067	1.792	1.4295000157356261
Cc1ccc(C(=O)c2ccc(C)c([IH2])c2)c(C(N)C(=O)c2ccccc2)c1	1.0	0.0	0.0	3.176	1.588
Cc1cnc(Cl)nc1N1CCC(C(=O)NCc2ccc(Cl)cc2)CC1	1.0	0.0	0.741	2.185	1.46299999833107
CCOc1ccc(NS(=O)(=O)c2ccc(C)cc2)cc1	1.0	0.0	0.881	1.526	1.2034999911785125
COc1ccccc1NC(=O)C(=O)Nc1cccc(C)c1	1.0	0.0	0.817	1.614	1.2154999859333038
CC(C)n1cc(S(=O)(=O)c2ccc(Br)cc2)c2cccnc21	1.0	1.0	0.991	2.344	1.6674999983310699
COc1ccc(CC2CCCN2C(=O)c2ccc(Cl)cn2)cc1	1.0	1.0	0.957	2.448	1.7025000085830688
CCc1cccc(C(=O)c2ccc(C)c(C)c2)c1Cl	1.0	1.0	0.918	1.894	1.4059999914169312
COc1cc(Cl)cnc1C(=O)NCc1ccccc1C	1.0	1.0	0.907	1.957	1.4320000026226043
O=C(COc1ccccc1)OCC(=O)c1ccccc1	1.0	0.0	0.787	1.519	1.1530000002384186
CC(=O)C(C(=O)c1ccc(Cl)cc1)C(=O)c1ccc(Cl)c([N+](=O)[O-])c1	1.0	1.0	0.936	2.714	1.8249999947547912
O=C(NC(=O)c1ccc(Cl)cc1Cl)c1ccccc1S	1.0	0.0	0.899	2.078	1.4884999945163726
O=C(CCc1ccc(Cl)cc1)c1ccc(O)cc1	1.0	1.0	0.926	1.581	1.2534999995231628
COc1ccccc1C(=O)c1ccc(Cl)cc1	1.0	1.0	0.967	1.423	1.1950000038146973
O=C(Nc1cccc(F)c1)c1cccnc1NCc1ccc(Cl)cc1	1.0	0.0	0.894	1.835	1.3644999969005585
O=C(Nc1ccccc1F)c1ccccc1Oc1ccccc1	1.0	1.0	1.193	1.541	1.3669999794960022
O=C(c1ccc(F)cc1F)c1cccn1-c1ccccc1	1.0	1.0	1.008	2.035	1.5215000081062318
O=C(O)c1ccccc1OCc1ccc(Cl)cc1Cl	1.0	1.0	1.035	1.662	1.3484999833106994
Cc1ccc(OCc2ccc(F)cc2)cc1	1.0	0.0	0.893	1.289	1.09100000333786
Cc1ccccc1NS(=O)(=O)c1ccc(Cl)c2ccccc12	1.0	0.0	0.825	1.782	1.3034999940395355
COc1ccccc1CC(=O)Nc1nc(C)ccc1C	1.0	0.0	0.848	1.883	1.3654999949932098
CC(Nc1ncc(Cl)c(Oc2cccc(S(=O)(=O)C(F)(F)F)c2)n1)C1CC1	1.0	0.0	0.763	3.16	1.961500005722046
O=c1ccc2ccccc2c(CNc2ccc(Cl)cc2)c1	1.0	1.0	0.963	1.872	1.4174999997615814
CCCC(=O)N1CCC(NS(=O)(=O)c2ccc(Cl)cc2Cl)C1c1ccc(F)cc1	1.0	0.0	0.807	3.117	1.9619999907016754
Cc1ccccc1Oc1ccc(C(=O)N(C)C)cc1	1.0	0.0	0.895	1.587	1.2409999904632567
COc1ccc(C(=O)NCc2ccc(Cl)cc2)cc1	1.0	1.0	0.965	1.351	1.1579999868869781
COc1nn(C)c(OS(C)(=O)=O)c1SC	1.0	0.0	0.797	3.138	1.967499995470047
COCCn1c(SCC(=O)NC2CCCCC2)nnc1-c1ccc(OC)cc1	1.0	0.0	0.756	2.137	1.4464999911785126
O=S(=O)(NCCCN1CCCC1)c1ccccc1	1.0	0.0	0.827	1.7	1.2635000109672547
COc1ccc(C(C)C)cc1CC(=O)c1ccc(Cl)cc1	1.0	1.0	1.005	1.796	1.4004999976158143
CCc1ccc(S(=O)(=O)NOCc2ccccc2)cc1	1.0	0.0	0.856	1.872	1.3640000030994415
CC(=O)c1ccc(S(=O)(=O)Nc2ccc(Cl)cc2)cc1	1.0	1.0	0.925	1.578	1.2515000059604646
Cc1ccc(Nc2nccc(C)c2N)cc1	1.0	1.0	0.909	1.854	1.3814999897480011
CC(C)(C)c1ccc(S(=O)(=O)Nc2ccc(Cl)cc2)cc1	1.0	1.0	0.937	1.671	1.3039999883174898
O=C(O)c1cccc(S(=O)(=O)c2ccccc2)c1	1.0	1.0	0.931	1.601	1.265999997138977
Cc1ccc(Cl)cc1NC(=O)CNC(=O)c1ccccc1	1.0	0.0	0.895	1.519	1.206999990463257
Cc1ccc(S(=O)(=O)c2ccc(Cl)cc2Oc2ccc(Cl)cc2)cc1	1.0	1.0	0.97	1.906	1.4380000143051146
CC(=O)NC(=S)Nc1cc(Cl)cc(Cl)c1	1.0	0.0	0.898	2.052	1.4750000009536743
COc1ccc(Oc2ccc(OC)cc2)cc1	1.0	1.0	0.94	1.162	1.050999998807907
CC(=O)c1ccc(S(=O)(=O)NCC(=O)O)cc1	1.0	0.0	0.769	1.788	1.2784999969005586
Cc1ccc(C(=O)Nc2ccc(C(=O)c3cccc(Cl)c3)cc2)cc1	1.0	0.0	0.702	1.596	1.1490000109672547
NCCCN(C(=O)CN)c1ccc(Cl)c(Cl)c1	1.0	1.0	1.063	2.287	1.674999981880188
CC(=O)Nc1cc(Cl)ccc1NS(=O)(=O)c1cccc(Cl)c1C	1.0	0.0	0.879	2.025	1.4520000040531158
Clc1ccc(Oc2c(Br)cccc2Br)cc1	1.0	1.0	0.956	1.801	1.3784999852180482
Cc1cccc(NS(=O)(=O)c2ccc3cc(C)ccc3c2)c1	1.0	1.0	0.908	1.748	1.3279999961853028
CC(=O)Nc1ccc(S(=O)(=O)NCCc2ccc(C)cc2)cc1	1.0	0.0	0.839	1.697	1.2679999933242798
Cc1ccc(S(=O)(=O)NCCc2ccccc2)cc1	1.0	1.0	0.937	1.497	1.2169999883174896
O=C(O)CC(=O)c1ccc(Cl)c(Cl)c1	1.0	0.0	0.866	1.845	1.3554999983310698
Oc1ccccc1OC(c1ccccc1)c1ccccc1O	1.0	1.0	0.969	2.396	1.682499990940094
COc1ccc(OCc2ccccc2)cc1	1.0	0.0	0.872	1.187	1.0294999895095827
CCCC(=O)NC(=O)c1ccc(Cl)cc1F	1.0	1.0	0.949	1.836	1.3925000004768373
C=CCOc1ccc(CNc2ccc(Cl)cc2)cc1	1.0	0.0	0.886	1.702	1.2939999887943268
CCCC(=O)N(Cc1ccc(Cl)cc1)c1ccc(Cl)cc1	1.0	1.0	1.159	1.793	1.4760000195503236
NC(=O)c1cccc(Oc2ccc(Cl)cc2Cl)c1N	1.0	1.0	1.055	1.976	1.5154999737739563
Cc1ccccc1OCCC(=O)NCCc1ccc(Cl)cc1Cl	1.0	0.0	0.78	1.845	1.3124999856948851
CC(C)c1ccc(C(=O)Nc2ccc(Cl)cc2)cc1	1.0	0.0	0.821	1.4	1.1104999899864196
Cc1cc(SC(=O)c2ccccc2Cl)ccc1O	1.0	1.0	0.963	2.188	1.5754999997615815
Cc1ccc(C(=O)c2ccc(Cl)cc2C#N)cc1	1.0	0.0	0.897	1.845	1.3710000073909758
Oc1ccccc1CCCOc1cccc(Cl)c1	1.0	0.0	0.894	1.709	1.3014999969005585
O=C(C1=C(O)C(=O)N1Cc1ccccc1)c1ccncc1	1.0	1.0	0.966	2.301	1.633500010251999
COC(=O)c1cc(Cl)ccc1OS(=O)(=O)Oc1ccc(C(C)(C)C)cc1	1.0	0.0	0.831	2.282	1.556499985218048
O=C(O)c1c(Cl)cc(Cl)cc1Oc1ccc(Cl)c(Cl)c1	1.0	1.0	1.181	2.075	1.6279999971389771
O=C(O)CCC(=O)c1ccc(Cl)c(Cl)c1	1.0	1.0	0.959	1.706	1.3324999957084656
Cc1ccc(C(=O)c2ccc(Cl)c(Cl)c2)cc1	1.0	1.0	0.988	1.515	1.2514999878406523
CC(=O)ON(C)Cc1ccc(Cl)cc1	1.0	1.0	0.932	2.277	1.6044999907016755
Fc1ccccc1NCCc1ccccc1	1.0	0.0	0.818	1.42	1.1190000092983245
O=S(=O)(Nc1ccc(Cl)cc1)c1ccccc1	1.0	1.0	1.071	1.403	1.2369999899864197
O=C(Cc1ccccc1)Nc1ccn(Cc2ccccc2)n1	1.0	0.0	0.838	1.73	1.2839999997615814
Cc1cc(Cl)ccc1NS(=O)(=O)c1cccc(-c2ccc(Cl)cc2)c1	1.0	1.0	0.982	1.793	1.38749999666214
Cc1ccc(S(=O)(=O)N(C(=O)c2ccccc2C)c2ccc(C)cc2Cl)cc1	1.0	0.0	0.843	2.137	1.4899999973773956
O=S(=O)(NCCBr)c1ccccc1	1.0	0.0	0.796	1.865	1.3305000019073487
O=C(c1ccccc1)c1cccc(F)c1Cl	1.0	0.0	0.844	1.652	1.247999990940094
COc1cc(Cl)ccc1C(=O)NCc1ccccn1	1.0	1.0	0.903	1.744	1.3234999985694884
COc1ccc([N+](=O)[O-])cc1Cl	1.0	0.0	0.749	1.623	1.1860000064373017
CC(=O)Nc1ccc(S(=O)(=O)Nc2ccc(Cl)cc2C(=O)c2ccc(Cl)cc2)cc1	1.0	0.0	0.843	1.957	1.3999999973773956
O=C(c1ccc(Cl)nc1)c1ccc(Cl)c(Cl)c1	1.0	1.0	1.006	1.904	1.455000020980835
Cc1ccc(-c2ccc(Cl)cc2COc2ccc(C(=O)O)cc2)cc1	1.0	0.0	0.894	1.745	1.3194999969005585
COc1ccc(CNc2ccc(C)cc2)cc1	1.0	0.0	0.867	1.36	1.1134999918937685
Cc1nnc(SCc2cc(Cl)ccc2C)s1	1.0	0.0	0.896	2.12	1.5080000138282776
Fc1ccc(CNc2ccccc2)cc1F	1.0	1.0	0.969	1.506	1.237499990940094
Cc1cc(Cl)ccc1NC(=O)CSc1ncnc(N)n1	1.0	1.0	0.992	2.18	1.5859999918937684
Cc1ccc(S(=O)(=O)C(=O)NCCN(C)C)cc1C	1.0	1.0	0.943	2.43	1.6865000092983247
Cc1ccc(S(=O)(=O)Nc2ccccc2CF)cc1	1.0	0.0	0.895	1.873	1.383999990463257
O=S(=O)(NCCOc1ccccc1)c1cccc(F)c1O	1.0	0.0	0.878	2.018	1.4480000104904174
CC(C)(C)c1ccccc1NS(=O)(=O)c1ccc(Cl)c(Cl)c1	1.0	0.0	0.892	1.918	1.4050000097751618
CCCC(=O)Nc1cc(Cl)ccc1N1C(=O)CCC1=O	1.0	1.0	0.92	2.11	1.5150000083446502
COc1cc(Br)c(Br)cc1S(=O)(=O)c1ccc(F)cc1	1.0	1.0	0.908	2.127	1.5174999961853026
CC(C)(C)c1ccc(NC(=O)c2ccc(Cl)c(Cl)c2)cc1	1.0	0.0	0.86	1.621	1.2405000071525574
Cc1ccc(CC(=O)c2ccc(Cl)cc2NS(=O)(=O)c2ccc(Cl)cc2)cc1	1.0	0.0	0.856	1.959	1.4075000030994416
O=C(NCc1ccc(Cl)cc1Cl)c1ccccc1	1.0	1.0	0.968	1.472	1.2199999973773956
O=C(c1ccncc1)c1ccc(Cl)c(Cl)c1	1.0	1.0	1.038	1.76	1.3989999938011168
COc1cc(C(=O)c2ccc(Br)cc2)ccc1N	1.0	1.0	0.996	1.749	1.3724999959468842
COc1cc(C(=O)NCc2cccc(Cl)c2[N+](=O)[O-])ccc1O	1.0	0.0	0.897	2.134	1.515500007390976
O=C(Nc1cccc(Cl)c1)c1ccnn1CCc1ccncc1	1.0	0.0	0.872	2.105	1.4884999895095825
CC(=O)Nc1cccc(S(=O)(=O)Nc2cccc(Cl)c2)c1	1.0	1.0	0.906	1.716	1.311000009059906
Cc1nc(CC(=O)Nc2ccc(Cl)cc2)no1	1.0	1.0	0.992	1.947	1.4694999918937683
COc1nn2cc(-c3ccc(O)cc3)nc2cc1Oc1ccc(Cl)cc1	1.0	1.0	0.989	2.438	1.7135000112056733
Cc1ccc(F)cc1Cc1ccc(Cl)cc1O	1.0	1.0	1.029	1.924	1.4765000219345092
COc1cccc(Sc2ccc(Cl)cc2N)c1N	1.0	1.0	0.997	2.278	1.6374999895095825
Cc1ccc(C(=O)NCCc2ccccc2)c(C)c1-c1cccc(F)c1F	1.0	0.0	0.764	2.013	1.3884999992847442
O=C(c1ccc(Cl)cc1)c1cccc(OCCNc2ccccc2)c1	1.0	0.0	0.758	1.735	1.2465000081062318
NC(=O)c1cc(Cl)n(Cc2ccc(Cl)cc2)n1	1.0	1.0	1.049	2.18	1.6145000123977662
Cc1ccccc1NC(=O)c1cccn1S(C)(=O)=O	1.0	0.0	0.89	2.162	1.5259999928474426
CC(=O)Nc1ccc(SCC(=O)NC(C)(C)C)cc1	1.0	0.0	0.777	1.886	1.3315000050067902
COc1cccc(N2CCCC(c3ccccc3)C2C)n1	1.0	1.0	0.92	2.953	1.9365000083446502
Cc1ccc(S(=O)(=O)Nc2cc(Cl)cc(Cl)c2)cc1	1.0	0.0	0.879	1.742	1.3105000040531158
Cc1ccccc1Oc1ccc(C(=O)NO)cc1O	1.0	1.0	0.938	1.927	1.4325000116825104
O=C(O)c1ccccc1Cc1ccccc1S(=O)(=O)c1ccc(Cl)cc1Cl	1.0	1.0	1.129	2.146	1.6374999742507934
O=S(=O)(c1ccc(Cl)cc1)c1cc(Cl)ccc1Cl	1.0	1.0	0.957	1.754	1.3555000085830688
O=S(=O)(NCCCN1CCCCCC1)c1ccccc1O	1.0	0.0	0.822	2.013	1.4175000133514404
Cc1ccc(C)c(SCc2nc(-c3ccc(Cl)cc3)c(-c3ccccc3)s2)c1	1.0	0.0	0.869	2.214	1.5415000088214874
COc1ccc(C(=O)c2ccc(Cl)cc2C(=O)c2ccc(Cl)cc2)cc1	1.0	0.0	0.885	1.786	1.3354999952316284
O=C(Nc1ccc(F)cc1)c1ccccc1Oc1ccccn1	1.0	1.0	1.055	1.735	1.3949999737739565
Cc1ccccc1NS(=O)(=O)c1ccc(Cl)cc1Cl	1.0	1.0	0.941	1.718	1.3294999923706055
O=C(COC(=O)c1ccccc1)c1ccc(Cl)c(Cl)c1	1.0	1.0	0.988	1.593	1.2904999878406525
Oc1nc2ccccc2n1Cc1cccc(F)c1N1CCOCC1	1.0	0.0	0.873	2.443	1.6580000128746033
Cc1ccc2c(-c3ccccc3)cc(Br)nc2n1	1.0	0.0	0.848	2.212	1.52999999499321
Cc1ccc(C(=O)Nc2ccc(F)cc2)cc1N	1.0	0.0	0.778	1.548	1.1629999985694885
O=CC(=O)c1ccc(Cl)cc1Cl	1.0	0.0	0.742	2.054	1.3979999918937682
CC(C)c1ccccc1Sc1ccccc1N	1.0	1.0	0.912	1.976	1.4440000002384186
Cc1cccc(S(=O)(=O)Nc2ccc(Cl)cc2)c1Cl	1.0	1.0	0.959	1.824	1.3914999957084655
Cc1ccc(S(=O)(=O)CCSCc2cccc(Br)c2)cc1	1.0	1.0	1.051	2.039	1.544999999523163
CC(=O)NCCc1ccc(Cl)cc1	1.0	1.0	0.95	1.455	1.2024999940395356
COc1ccc(S(=O)(=O)Nc2ccc(Cl)c(Cl)c2C)cc1	1.0	1.0	0.98	1.873	1.4265000095367433
COc1ccc(S(=O)(=O)Nc2ccc(Cl)cc2)cc1	1.0	1.0	1.001	1.475	1.2380000233650208
Cc1cccc(NS(=O)(=O)c2cccc(Cl)c2)c1N	1.0	0.0	0.871	1.947	1.4089999959468842
O=C(O)c1ccccc1C(=O)c1ccccc1	1.0	1.0	0.91	1.417	1.1635000131130218
Cc1ccc(CCNC(=O)c2ccc(C)cc2)cc1	1.0	0.0	0.89	1.38	1.1349999928474426
Cc1ccc(SCc2ccccc2CO)cc1	1.0	1.0	0.969	1.808	1.388499990940094
O=C(c1ccc(Cl)c(Cl)c1)c1ccc(F)cc1O	1.0	1.0	1.202	1.852	1.5270000109672548
O=C(O)c1ccc(S(=O)(=O)Nc2ccc(Cl)cc2)cc1	1.0	0.0	0.879	1.559	1.219000004053116
CCCc1ccc(S(=O)(=O)NC(=O)c2ccc(Cl)cc2Cl)cc1	1.0	0.0	0.811	1.865	1.3379999947547914
Cc1ccc(NS(=O)(=O)c2ccc(Cl)cc2)cc1	1.0	1.0	1.009	1.461	1.2349999718666078
Nc1ccc(CCc2ccccc2)cc1	1.0	0.0	0.861	1.392	1.1265000007152557
O=C(Nc1ccc(Cl)cc1)c1cc(Cl)ccc1Cl	1.0	0.0	0.82	1.45	1.1349999964237214
CN(C)c1cccc(C(=O)Nc2ccc(Cl)cc2C(=O)c2ccccc2)c1	1.0	0.0	0.81	1.849	1.329500001192093
Cc1ccccc1C(=O)NNC(=O)c1ccccc1O	1.0	1.0	0.934	1.683	1.3085000076293944
Cc1cc2ccccc2n1CC(=O)c1ccc(Cl)c(Cl)c1	1.0	0.0	0.881	1.937	1.4089999911785127
c1ccc(Oc2ccc(CN3CCCC3)cc2)cc1	1.0	0.0	0.87	1.466	1.1680000023841859
O=C(CNC(=O)c1ccccc1)c1cccnc1	1.0	1.0	0.942	1.687	1.314499985933304
O=C(C=Cc1ccc(Cl)c(C(=O)c2ccc(F)cc2)c1)NO	1.0	0.0	0.838	2.082	1.4599999997615813
COc1ccccc1S(=O)(=O)NCCc1ccc(Cl)cn1	1.0	0.0	0.871	1.989	1.429999995946884
O=C(NC1CCCCC1)c1ccccc1Oc1ccccc1	1.0	1.0	1.005	1.647	1.3259999976158143
Cc1nnc(SCc2ccc(Cl)cc2)c2cnnc(O)c12	1.0	1.0	0.968	2.729	1.8484999973773957
O=C(CNC(=O)c1ccc(Cl)cc1Cl)NS(=O)(=O)c1ccccc1	1.0	0.0	0.857	1.899	1.37799999666214
COc1ccccc1C(=O)Nc1ccc(Cl)cc1C(=O)O	1.0	1.0	0.92	1.603	1.2615000083446501
Cc1ccc(C(=O)c2cccc(Oc3ccccc3)c2)cc1	1.0	1.0	0.929	1.539	1.2340000100135802
CC(=O)Nc1cccc(NS(=O)(=O)c2cccc(Cl)c2)c1C	1.0	0.0	0.863	1.867	1.3649999878406525
O=C(c1ccccn1)N(Cc1ccccc1)c1ccccc1	1.0	1.0	0.98	1.732	1.3560000095367433
O=C(CCc1ccccc1)c1cccnc1Cl	1.0	0.0	0.809	1.764	1.2865000076293946
Cn1nc(C(=O)Nc2ccccc2)c2ccccc21	1.0	0.0	0.826	1.686	1.2559999876022339
Cc1cccc(COc2cccc(Cl)c2)c1	1.0	1.0	0.938	1.466	1.2020000116825105
O=C(O)c1ccccc1Oc1ccccc1	1.0	1.0	1.001	1.396	1.1985000233650207
CCCCNS(=O)(=O)c1ccc(C)cc1C	1.0	1.0	0.941	1.79	1.3654999923706055
O=C(NCc1ccccc1)c1cccnc1Oc1ccccc1	1.0	1.0	0.953	1.661	1.307000004529953
Cc1ccc(C(=O)c2ccc(Cl)cc2C(=O)c2ccc(Cl)cc2)c(Cl)n1	1.0	1.0	0.903	2.133	1.5179999985694885
O=S(=O)(c1ccccc1)c1oc2ccccc2c1-c1ccc(Cl)c(Cl)c1	1.0	0.0	0.9	2.233	1.566499988079071
O=C(c1ccc(Cl)cc1)c1ccccc1OC(F)(F)F	1.0	1.0	1.021	1.8	1.4105000138282775
O=C(NCCc1ccccn1)c1ccccc1O	1.0	0.0	0.858	1.723	1.2904999902248382
O=C(c1ccc(Cl)c(Cl)c1)N1CCN(Cc2ccccc2)CC1	1.0	1.0	0.967	1.638	1.3025000038146972
Fc1ccc(OCc2ccc(Cl)cc2)cn1	1.0	1.0	0.961	1.79	1.3755000126361847
O=C(CCc1ccc(Cl)cc1)OCc1ccc(Cl)cc1Cl	1.0	0.0	0.833	1.749	1.2910000021457673
O=C(NCCc1ccc(Cl)cc1)c1cccc(Cl)c1Cl	1.0	0.0	0.827	1.669	1.2480000109672547
COc1ccc(C(=O)Cc2ccc(Cl)cc2)cc1	1.0	1.0	1.035	1.452	1.2434999833106994
Cc1ccc(C(=O)c2ccc(Cl)cc2NS(=O)(=O)c2ccc(Cl)cc2)cc1	1.0	0.0	0.898	1.865	1.3815000009536744
O=S(=O)(NCCCN1CCC(O)(c2ccc(Cl)cc2)CC1)c1ccc(Cl)cc1	1.0	0.0	0.726	2.205	1.4655000054836274
O=C(O)c1ccccc1OCc1ccccc1Cl	1.0	1.0	0.923	1.537	1.2299999890327453
O=C(COC(=O)c1ccc(Cl)cc1)c1ccccc1	1.0	0.0	0.759	1.439	1.09900000166893
Clc1ccc(Oc2ccccc2)cc1Cl	1.0	1.0	1.043	1.419	1.2309999914169312
COc1ccccc1NS(=O)(=O)c1ccc(Cl)cc1F	1.0	1.0	0.993	1.768	1.3804999854564666
O=C(NCc1ccccc1)c1ccc(O)cc1O	1.0	1.0	0.94	1.605	1.272499998807907
CCCCC(=O)N1CC(=O)C(c2ccc(O)cc2)C1	1.0	1.0	0.969	2.817	1.892999990940094
CCOc1ccc(CC(=O)O)cc1	1.0	0.0	0.782	1.416	1.0990000026226043
O=C(O)CCCNS(=O)(=O)c1ccc(Cl)cc1Cl	1.0	1.0	0.921	1.932	1.4265000019073486
CC(C)(O)c1ccccc1CC(=O)c1ccc(Cl)cc1N	1.0	1.0	1.015	2.202	1.6084999928474426
CC(=O)NCCc1ccccc1	1.0	0.0	0.759	1.324	1.04150000166893
COc1ccc(OCc2ccc(F)cc2)cc1	1.0	0.0	0.874	1.308	1.0910000064373016
O=S(=O)(O)c1cc(Cl)ccc1Oc1ccc(Cl)cc1Cl	1.0	1.0	1.016	1.97	1.4930000162124633
Cc1ccc(S(=O)(=O)CC(=O)N2CCOCC2)cc1O	1.0	1.0	0.937	2.244	1.5904999883174897
O=C(Nc1ccc(Cl)cc1)c1cc(Cl)ncc1Cl	1.0	0.0	0.861	1.81	1.3355000007152558
Cc1cccc(C(=O)c2cc(F)ccc2O)c1	1.0	1.0	0.98	1.72	1.350000009536743
O=C(c1ccccc1)c1ccc(O)cc1Nc1cccc(Cl)c1	1.0	1.0	0.952	1.856	1.4040000109672546
O=C(O)CCCCc1ccc(Cl)cc1NS(=O)(=O)c1cccc(Cl)c1Cl	1.0	0.0	0.845	2.192	1.5185000143051148
Cn1c(NC(=O)c2ccc(Cl)cc2Cl)nc2ccccc21	1.0	1.0	0.902	1.914	1.40800000500679
Cc1nnc(NS(=O)(=O)c2ccc(Cl)cc2Cl)s1	1.0	0.0	0.895	2.179	1.5369999904632567
CC(CN)NC(=O)c1cccc(Cl)c1	1.0	0.0	0.88	2.223	1.5514999976158141
CC(=O)Nc1ccc(NC(=O)c2cccc(Cl)c2Cl)cc1C	1.0	0.0	0.791	1.778	1.2845000042915344
CCCNC(=O)NCCCc1cccc(OC)c1	1.0	0.0	0.822	1.706	1.2640000133514404
CCOC(=O)CNC(=O)c1ccccc1	1.0	0.0	0.835	1.422	1.1284999892711638
Oc1ccc(Oc2ccc(Cl)cc2)cc1	1.0	1.0	1.012	1.418	1.2149999823570252
CS(=O)(=O)c1ccc(C(=O)Nc2ccc(C(=O)c3ccccc3)cc2)cc1	1.0	0.0	0.61	1.667	1.1385000071525573
O=C(O)c1ccc(S(=O)(=O)NCc2ccccc2)cc1	1.0	0.0	0.859	1.541	1.200000013589859
Oc1cncc(SCCc2ccccc2)n1	1.0	1.0	0.93	2.433	1.6815000035762786
Cc1cnn(CC(=O)c2noc(-c3ccccc3)c2C(F)(F)F)c1	1.0	1.0	0.951	2.714	1.8324999876022339
CCc1c(C)nnn1-c1ccc(Cl)cc1OS(=O)(=O)c1ccc(Cl)cc1	1.0	1.0	1.025	2.528	1.776499988079071
Cc1ccc(C(=O)NCc2ccccc2)cc1	1.0	0.0	0.85	1.218	1.034000011920929
CCc1ccccc1Oc1ccc(C(C)=O)cc1	1.0	0.0	0.88	1.573	1.2264999976158142
CC(=O)Nc1ccc(S(=O)(=O)Nc2ccc(Cl)c(C(F)(F)F)c2)cc1	1.0	1.0	0.945	1.95	1.4474999964237214
Cc1ccc(Cl)cc1NS(=O)(=O)c1ccc(Cl)cc1F	1.0	1.0	0.968	1.866	1.4169999973773957
O=S(=O)(NCCOc1ccccc1)c1ccc(Cl)c(Cl)c1	1.0	1.0	0.947	1.742	1.3445000133514404
Cc1ccc(C(=O)c2ccc(C)cc2N)cc1	1.0	0.0	0.834	1.655	1.2444999957084657
CCOC(=O)c1nnn(Cc2ccc(Cl)cc2)c1O	1.0	1.0	1.093	2.234	1.663500027179718
O=C(NCCc1ccc(Cl)cc1Cl)c1cccc(Cl)c1	1.0	0.0	0.819	1.689	1.254000002861023
Cc1cncc(C(=O)Nc2ccc(Cl)c(Cl)c2)c1Cl	1.0	1.0	0.999	2.066	1.5325000064373016
CC(=O)Nc1ccc(S(=O)(=O)Nc2ccc(F)cc2F)cc1	1.0	0.0	0.883	1.763	1.3230000081062316
CCCC(=O)NCCSc1ccccn1	1.0	0.0	0.782	2.038	1.4100000026226043
O=C(O)c1cccc(Oc2cccc(Cl)c2)c1	1.0	1.0	1.031	1.56	1.295500009059906
O=C(NCCF)c1cccnc1Oc1ccc(Cl)c(Cl)c1	1.0	1.0	1.102	2.168	1.6349999990463258
O=S(=O)(Nc1ncc(Br)cn1)c1cc(Br)ccc1Cl	1.0	1.0	0.911	2.242	1.5765000066757202
Cc1cccc(C(=O)NCc2ccccc2F)c1Cl	1.0	1.0	0.902	1.754	1.3280000050067902
O=S(=O)(c1cccc(Cl)c1)c1ccc(Cl)cc1Cl	1.0	1.0	0.992	1.863	1.4274999918937683
COc1cc(Br)c(Br)cc1[S+](C)[O-]	1.0	0.0	0.692	3.973	2.3324999859333038
CCOC(=O)c1cc(-c2cccc(Br)c2)ncn1	1.0	1.0	0.938	2.056	1.4970000116825104
Cc1ccc(C(=O)c2ccc(Cl)cc2C(=O)c2ccccc2F)cn1	1.0	0.0	0.89	2.054	1.4719999928474425
Fc1ccc(OCCCN2CCN(Cc3ccccc3)CC2)cc1	1.0	0.0	0.767	1.648	1.2075000097751616
CCOc1cccc(C(=O)NCc2cc(Cl)ccc2NS(=O)(=O)c2ccc(Cl)cc2)c1	1.0	0.0	0.0	2.035	1.0175
O=C(O)c1ccccc1Cc1ccc(Cl)cc1Oc1ccccc1	1.0	1.0	0.954	1.843	1.3984999980926514
CN(C)c1ccc(NS(=O)(=O)c2ccc(Cl)c(Cl)c2)cc1	1.0	0.0	0.853	1.819	1.335999992609024
Cn1ccnc1P(=O)(c1ccccc1)c1ccccc1F	1.0	1.0	0.968	3.161	2.0644999973773954
COc1ccccc1Cc1c(C)nnn1O	1.0	0.0	0.896	2.544	1.7200000138282776
Cc1nn(CC(=O)NCCc2ccccc2)c2ccccc12	1.0	0.0	0.815	1.808	1.311499998807907
Cc1cc(Cl)ccc1NC(=O)c1ccc(Cl)cc1Oc1ccccc1	1.0	1.0	1.093	1.751	1.422000027179718
Cc1ccc(S(=O)(=O)C(C)C)cc1	1.0	0.0	0.74	1.657	1.1985000047683716
Cc1ccc(SCC(=O)c2ccccc2)cc1N	1.0	0.0	0.879	1.843	1.3610000040531158
OCCCCOc1ccccc1OCC(F)(F)F	1.0	0.0	0.838	1.918	1.3779999997615815
O=C(NCCc1ccccc1)Nc1ccc(Cl)cc1	1.0	1.0	0.933	1.423	1.1780000140666962
Cc1ccc(F)c(O)c1OC(=O)c1ccccc1F	1.0	1.0	0.929	2.102	1.5155000100135803
O=S(=O)(c1ccccc1)c1ccccc1	1.0	0.0	0.773	1.321	1.0470000009536742
Cc1ccc(CN(C(=O)c2ccc(Cl)cc2)C2CC2)cc1	1.0	1.0	0.995	1.684	1.3395000023841859
Cc1ccc(C(=O)c2cc(CS)ccc2C)cc1	1.0	0.0	0.864	1.939	1.4015000112056732
O=C(c1ccc(Cl)c(F)c1)c1cc(Cl)ccc1OC(F)(F)Cl	1.0	1.0	0.995	2.33	1.6625000023841858
C=CCc1ccc(Oc2ccc(Cl)cc2OC)c(O)c1	1.0	1.0	0.916	2.089	1.5025000042915344
O=C(Nc1ccccc1F)c1ccccc1Oc1ccccc1Cl	1.0	1.0	1.178	1.662	1.4199999866485595
CC(=O)Nc1ccc(S(=O)(=O)N(C)c2ccc(Cl)cc2)cc1	1.0	0.0	0.899	1.783	1.3409999945163726
O=C(O)c1ccccc1C(=O)c1ccc(Cl)c(Cl)c1Cl	1.0	1.0	1.002	1.945	1.4734999871253969
CC(C)(C)c1cnc(NS(=O)(=O)c2cccc(Cl)c2)cn1	1.0	0.0	0.878	2.273	1.5755000104904175
CSc1ccc(S(=O)(=O)Cn2nccc2S(=O)(=O)c2ccccc2)cc1	1.0	0.0	0.89	2.571	1.7304999928474427
NC(=O)c1cnc(Oc2ccc(Cl)c(Cl)c2)c2ccccc12	1.0	1.0	1.12	2.073	1.5965000023841858
Cc1ccc(S(=O)(=O)Nc2cccc(Cl)c2)cc1	1.0	1.0	0.936	1.531	1.233499994754791
Cc1ccc(NS(=O)(=O)c2ccc(F)cc2Cl)c(F)c1	1.0	1.0	1.002	1.902	1.4519999871253968
O=C(O)c1ccc(O)cc1	1.0	0.0	0.583	1.381	0.9820000021457672
O=C(O)Cc1ccc(Cl)cc1	1.0	0.0	0.767	1.366	1.0665000097751618
O=C(NCc1ccccc1)c1ccc(Cl)cc1Cl	1.0	1.0	0.901	1.43	1.1655000114440917
O=C(c1ccc(Cl)cc1O)c1ccccc1NS(=O)(=O)c1ccc(Cl)cc1	1.0	1.0	0.908	1.973	1.4404999961853027
CCc1ccccc1NS(=O)(=O)c1ccc(C)cc1C	1.0	1.0	0.915	1.778	1.346500010728836
O=C(C1=CCCCC1)n1nccc1[N+](=O)[O-]	1.0	0.0	0.88	3.149	2.014499997615814
O=S(=O)(NCCCN1CCCCCC1)c1ccc(Cl)c(Cl)c1	1.0	1.0	0.921	1.936	1.4285000019073486
CCCCC(=O)Nc1cc(Cl)ccc1Oc1cccnc1	1.0	0.0	0.892	1.861	1.3765000097751616
Cc1ccccc1S(=O)(=O)NCc1ccc(Cl)cc1	1.0	0.0	0.891	1.626	1.258499986410141
O=C(O)c1ccccc1Oc1ccc(Cl)cc1Cl	1.0	1.0	1.075	1.642	1.3585000238418579
COc1ccccc1NC(=O)c1ccccc1C(F)(F)F	1.0	0.0	0.774	1.659	1.2164999945163726
O=S(=O)(NCCc1ccc(Cl)cc1)c1ccc(Cl)c(Cl)c1	1.0	0.0	0.881	1.756	1.3184999911785127
Cc1ccc(S(=O)(=O)CCC(=O)O)cc1	1.0	1.0	0.937	1.715	1.3259999883174896
Fc1ccccc1SSc1ccccc1C(F)(F)F	1.0	1.0	0.967	2.38	1.6735000038146972
Cc1cc(O)nnc1NS(=O)(=O)c1ccc(Cl)cc1F	1.0	0.0	0.816	2.57	1.6929999923706054
Cc1cccc(COc2ccc(NC(=O)c3ccccc3)cc2)c1	1.0	0.0	0.721	1.483	1.1020000078678132
Clc1ccc(OCc2ccccc2)cc1	1.0	1.0	1.026	1.184	1.1050000114440919
O=C(COc1ccc(Cl)cc1)NCc1ccccc1OC(F)(F)F	1.0	0.0	0.828	1.869	1.348500004529953
O=S(=O)(NCCCN1CCCC1)c1ccc(Cl)cc1F	1.0	1.0	0.902	1.994	1.44800000500679
O=C(c1ccc[nH]1)c1cnc(Cl)cc1OCc1ccc(Br)cc1	1.0	1.0	1.025	2.461	1.742999988079071
O=S(=O)(Nc1ccc(Cl)c(Cl)c1)c1ccc(Cl)c(Cl)c1	1.0	1.0	0.955	1.777	1.3659999916553498
O=S(=O)(NCCc1ccc(Cl)cc1)c1ccccc1	1.0	1.0	0.978	1.541	1.259499992609024
O=C(NCCc1ccc(Cl)cc1)c1ccccc1Oc1c(Cl)cccc1Cl	1.0	0.0	0.799	1.9	1.349500012397766
COc1ccc(S(=O)(=O)NCc2ccc(Cl)cc2)cc1	1.0	0.0	0.867	1.555	1.2109999918937682
O=S(=O)(NCCc1cccnc1)c1ccc(Cl)cc1F	1.0	1.0	1.103	1.998	1.5505000224113465
O=C(c1cccnc1)N(C(=O)c1cccc(Cl)c1)c1ccccc1	1.0	1.0	0.918	2.01	1.463999991416931
COc1ccc2ccc(CSc3ccccc3NC(C)=O)cc2c1	1.0	0.0	0.807	1.932	1.3694999907016754
Cc1ccc(S(=O)(=O)c2ncccc2N)cc1	1.0	0.0	0.868	2.036	1.4519999854564667
O=C(Nc1ccc(Cl)cc1)c1ccc(Cl)cc1Cl	1.0	0.0	0.897	1.453	1.175000007390976
Cc1cc(C(=O)c2ccc(Cl)cc2)ccc1O	1.0	1.0	0.974	1.633	1.3034999885559082
O=S(=O)(c1ccc(Cl)cc1)c1ccc(Cl)c(Cl)c1	1.0	1.0	0.994	1.704	1.3490000088214873
Cc1cccc(OCc2ccccc2Cc2cccc(Cl)c2)c1N	1.0	0.0	0.866	1.979	1.42249999833107
Fc1ccc(F)c(OCCc2cccc(Cl)c2)c1	1.0	0.0	0.885	1.755	1.3199999952316284
O=S(=O)(Nc1ccncc1Cl)c1ccc(Cl)c(Cl)c1	1.0	0.0	0.876	2.021	1.4484999935626983
CCCCOC(=O)NC1CCCCC1	1.0	0.0	0.747	1.814	1.2804999895095825
O=C1NCc2ccccc21	1.0	0.0	0.554	2.014	1.2840000100135802
CC(C)CCOc1cccc(O)c1O	1.0	0.0	0.841	1.958	1.399500010251999
COc1ccc(S(=O)(=O)Nc2c(C)cccc2C)cc1	1.0	0.0	0.89	1.66	1.2749999928474427
Cc1cc(Cl)ccc1NC(=O)c1ccccc1	1.0	1.0	0.997	1.324	1.1604999895095824
Cc1cc(C(=O)c2ccccc2)ccc1NS(C)(=O)=O	1.0	0.0	0.839	1.719	1.27899999332428
CC(=O)NC(=O)c1ncc(Cl)cc1N	1.0	0.0	0.831	2.456	1.643499985218048
CC(=O)Nc1ccccc1Oc1nc2ccccc2s1	1.0	1.0	0.95	1.941	1.4454999940395354
Cc1ccc(S(=O)(=O)CC(=O)Nc2ccc(Cl)cc2)cc1	1.0	1.0	1.13	1.696	1.412999997615814
COc1ccc2cc(SCc3ccc(Cl)cc3)c(C)cc2c1	1.0	0.0	0.822	1.937	1.3795000133514406
COC(=O)c1nc2ccccc2n1CC(=O)c1ccc(C)cc1	1.0	0.0	0.843	2.025	1.4339999973773956
O=C(O)c1ccc(Sc2ccc(Cl)c(Cl)c2)cc1	1.0	1.0	1.075	1.843	1.459000023841858
COc1cc(C(=O)c2ccc(F)cc2)ccn1	1.0	0.0	0.895	1.809	1.351999990463257
Cc1ccc(S(=O)(=O)Cc2ccc(Cl)cc2N)cc1	1.0	1.0	1.001	1.913	1.4570000233650209
O=C(O)c1ccccc1C(=O)c1ccc(I)cc1	1.0	1.0	0.967	1.724	1.3455000038146974
O=C(c1ccccn1)c1ccc(Cl)cc1O	1.0	1.0	1.014	1.928	1.4710000290870666
c1ccc(COc2ccc(CNc3ccccc3)cc2)cc1	1.0	0.0	0.737	1.427	1.0819999942779541
COc1cnc(Cl)cc1C(=O)NC1CCN(Cc2cccnc2)CC1	1.0	0.0	0.787	2.255	1.5210000002384185
O=C(CS)c1ccc(O)cc1S(=O)(=O)O	1.0	0.0	0.706	2.702	1.703999985218048
Clc1ccc(Oc2ccc(Cl)c3ncccc23)cc1	1.0	1.0	1.025	1.769	1.396999988079071
CCOc1nc(Cl)cn2c(NS(=O)(=O)c3ccc(Cl)cc3Cl)cnc12	1.0	0.0	0.866	2.852	1.8589999983310699
CCc1ccccc1NC(=O)c1ccc(Cl)c(Cl)c1O	1.0	0.0	0.896	1.906	1.4010000138282774
O=S(=O)(Nc1ccc(Cl)c(Cl)c1)c1ccc(Cl)cc1	1.0	1.0	0.98	1.625	1.3025000095367432
O=C(Nc1ccc(Br)cc1)c1ccccc1	1.0	0.0	0.857	1.242	1.04949999666214
COc1cc(Cl)cc(Cl)c1Oc1ncc(Cl)cc1NS(=O)(=O)c1ccc(Cl)cc1Cl	1.0	1.0	1.021	2.489	1.7550000138282775
CC(=O)Nc1cc(NC(=O)c2ccc(Cl)cc2)ccc1Cl	1.0	0.0	0.843	1.57	1.2064999973773958
Cc1ccc(Cl)cc1NS(=O)(=O)c1cccc(C(=O)O)c1	1.0	0.0	0.875	1.747	1.311
O=C(O)c1ccccc1NS(=O)(=O)c1cccc(Cl)c1Cl	1.0	1.0	1.019	1.869	1.4440000267028807
CCCCC(=O)Nc1ccc(C(=O)c2ccc(Cl)cc2Cl)cc1	1.0	0.0	0.781	1.727	1.2540000090599062
O=C(O)c1cccc(Sc2cccc(F)c2)c1I	1.0	1.0	0.959	2.325	1.6419999957084657
CC(C)(Oc1ccc(Cl)cc1Cl)C(=O)Nc1ccc(Cl)cc1[N+](=O)[O-]	1.0	0.0	0.794	2.225	1.509500014781952
O=C(NCc1ccccc1)c1ccc(Oc2ccc(Cl)cc2Cl)cc1	1.0	0.0	0.812	1.613	1.2124999883174896
COc1ccc(S(=O)(=O)Nc2cccc(C)c2)cc1	1.0	1.0	0.904	1.52	1.211999992132187
CC(C)(C)c1ccccc1Oc1ccc(Cl)cc1C(=O)Nc1ccccc1Cl	1.0	0.0	0.845	1.945	1.3950000143051149
O=C(O)c1cc(Cl)ccc1Oc1ccc(Cl)cc1Oc1ccc(Cl)cc1	1.0	1.0	1.072	1.931	1.5015000133514405
CC(=O)Nc1ccc(OCc2ccccc2)cc1	1.0	0.0	0.891	1.329	1.1099999864101409
O=C(c1ccc(Cl)cc1)c1cccc(F)c1O	1.0	1.0	1.089	1.762	1.4254999933242798
O=C(c1ccc(O)cc1)c1ccc(Cl)cc1	1.0	0.0	0.9	1.461	1.1804999880790712
O=S(=O)(NCCc1ccccc1)c1ccc(Cl)c(Cl)c1	1.0	1.0	0.928	1.667	1.2974999866485595
Cc1ccc(C(=O)c2ccc(Cl)cc2C(=O)c2ccc(Cl)cc2)c(C)c1	1.0	1.0	0.951	1.915	1.432999987602234
O=C(O)c1c(C2Cc3ccccc32)ccnc1Nc1ccc(Cl)cc1	1.0	1.0	0.923	2.759	1.8409999890327453
O=C(c1ccccc1)c1cc(F)ccc1OCc1cccc(Cl)c1	1.0	1.0	0.929	1.73	1.3295000100135803
Oc1ccccc1OCc1ccc(Cl)cc1OCc1ccc(F)cc1	1.0	0.0	0.849	1.876	1.3624999885559081
Clc1ccc(CSc2ncccc2Cl)cc1	1.0	1.0	0.954	1.812	1.3829999980926515
Clc1ccc(CNCCc2ccccc2)cc1	1.0	1.0	0.926	1.393	1.1594999995231627
Fc1ccc(C(=S)N2CCCC2)cc1	1.0	0.0	0.824	1.841	1.3325000004768373
Cc1cc(NS(=O)(=O)c2ccc(NC(=O)c3ccc(Cl)cc3)cc2)ccc1Cl	1.0	0.0	0.713	1.79	1.2514999997615814
CC(=O)Nc1ccc(NS(=O)(=O)c2ccccc2)cc1	1.0	0.0	0.849	1.522	1.1854999885559083
Cc1ncc(Cl)nc1C(=O)Nc1ccccc1	1.0	0.0	0.834	1.981	1.4074999957084655
CC(C)(C)c1ccc(Sc2ccc(Cl)cc2N2CCCCC2)cc1	1.0	0.0	0.898	2.147	1.5225000009536742
CN(c1ccc(Cl)cc1)S(=O)(=O)c1ccc(C(=O)O)cc1	1.0	1.0	0.909	1.757	1.332999989748001
Fc1ccccc1C(c1ccccc1)c1c[nH]c2ccccc12	1.0	1.0	0.978	2.392	1.684999992609024
Cc1ccc(CNc2nc(C)nn2C(=O)c2ccc(Cl)cc2Cl)cc1	1.0	1.0	0.976	2.292	1.6340000054836272
Nc1ncnc2cc(CCCO)c(O)nc12	1.0	0.0	0.816	2.852	1.8339999923706054
COc1ccc(S(=O)(=O)Nc2ccc(Cl)cc2)cc1C(=O)N1CCOCC1	1.0	0.0	0.799	1.958	1.3785000123977662
Cc1ccc(Cl)cc1S(=O)(=O)Nc1cc(Cl)ccc1C(=O)O	1.0	0.0	0.886	1.911	1.3984999887943268
Cc1ccccc1Oc1ccc(Br)cc1C(=O)O	1.0	1.0	0.943	1.723	1.3330000092983245
CC(=O)Nc1cccc(NC(=O)CCCc2ccccc2)c1	1.0	0.0	0.857	1.563	1.2099999966621398
O=C(O)c1ccc(OCCc2ccc(Cl)cc2)cc1	1.0	0.0	0.873	1.491	1.1820000128746033
Cc1nc(C)c(Oc2ccc(Cl)cc2)o1	1.0	1.0	1.022	2.381	1.7014999775886535
COc1ccc(C(=O)NCc2ccc(F)cc2)cc1	1.0	1.0	0.989	1.357	1.1730000112056733
O=C(O)c1ccnc(Oc2ccc(F)c(Cl)c2)c1	1.0	1.0	1.058	1.993	1.525499984264374
Cc1ccc(C(=O)Cc2ccc(Cl)cc2)cc1	1.0	1.0	1.026	1.439	1.2325000114440918
Clc1ccc(COc2ccc(Oc3ccccc3)cc2)cn1	1.0	0.0	0.805	1.718	1.2615000035762787
CCCCCCN1CCC(c2ccc(Cl)cc2Cl)CC1	1.0	0.0	0.862	1.912	1.386999994277954
O=C(Cc1cccc(F)c1)c1ccc(Cl)cc1Cl	1.0	1.0	0.921	1.732	1.3265000019073487
Fc1ccc(NN=C(Cc2ccccc2)c2ccccc2)cc1	1.0	0.0	0.809	1.828	1.3185000076293947
COc1ccc(NC(=O)c2cccc(C(=O)c3ccccc3)c2)cc1	1.0	0.0	0.698	1.549	1.1235000069141388
Brc1ccc(Cn2cccn2)cc1	1.0	0.0	0.852	1.788	1.3199999990463258
O=C(O)c1ccccc1	1.0	0.0	0.56	1.055	0.8075000011920929
Cc1ccc(CNC(=O)CCc2ccc(O)cc2)cc1	1.0	0.0	0.889	1.572	1.2304999992847443
O=S(=O)(NCCC(c1ccccc1)c1ccccc1)c1ccc(Cl)c(Cl)c1	1.0	0.0	0.803	1.949	1.3759999866485595
Cc1ccc(C(=O)CCCc2ccccc2)cc1	1.0	0.0	0.857	1.419	1.13799999666214
Cc1ccccc1NS(=O)(=O)c1ccc(Cl)cc1N	1.0	1.0	0.975	1.821	1.3980000119209288
O=C(Cc1cccc(Cl)c1)Nc1ccc(Cl)cc1NC1CCOC1	1.0	0.0	0.824	2.598	1.711000000476837
O=C(c1cccnc1)N(Cc1ccc(F)cc1)c1ccc(Cl)cc1	1.0	1.0	1.089	1.87	1.4794999933242798
Cc1ccc(C(=O)NCC(=O)O)cc1C(=O)c1ccc(Cl)cc1	1.0	0.0	0.859	1.806	1.332500013589859
Cc1c(C(=O)Nc2ccc(Cl)cc2)no[n+]1[O-]	1.0	1.0	1.007	2.48	1.743499984741211
COc1ccc(S(=O)(=O)N2CCC(C(=O)NCCC(C)C)CC2)cc1[SiH]	1.0	0.0	0.715	2.635	1.674999986886978
CC(C)c1ccc(CNC(=O)C2COc3ccccc3C2)cc1	1.0	0.0	0.87	2.381	1.6255000023841857
c1ccc(Oc2ccccc2-c2ccccc2)cc1	1.0	1.0	0.952	1.363	1.1575000109672546
Cc1ccc(SC(=O)Cc2ccccc2)cc1	1.0	1.0	0.903	1.828	1.3654999985694887
O=C(CNS(=O)(=O)c1ccccc1)c1ccc(Cl)cc1	1.0	1.0	1.097	1.713	1.4050000014305115
O=C(O)c1ccccc1NS(=O)(=O)c1ccc(Cl)c2ccccc12	1.0	1.0	0.938	1.871	1.4045000116825104
O=C(O)c1ccc(NC(=S)Nc2cccc(Cl)c2)cc1Cl	1.0	0.0	0.793	1.821	1.306999991416931
O=C(c1ccccc1OC(c1ccccc1)c1ccccc1)c1nc(Cl)ccc1Cl	1.0	0.0	0.754	2.215	1.4845000040531158
CSCCCNC(=O)c1ccc(Cl)c(Oc2ccc(Cl)cc2Cl)c1	1.0	1.0	0.93	2.045	1.4875000035762787
Oc1ccc(Oc2ccccc2Cl)cc1	1.0	0.0	0.845	1.493	1.169000014305115
Nc1nc(C(=O)O)ccc1NS(=O)(=O)c1ccc(F)cc1C(=O)c1ccc(Cl)cc1	1.0	0.0	0.817	2.408	1.6124999859333038
CCCCCSc1ncc(Cl)c(Oc2ccc(Cl)c(Cl)c2)n1	1.0	1.0	0.979	2.376	1.6774999861717224
Cc1ccc(N2C(=O)c3ccccc3C2(C)C)c(C)c1Cl	1.0	1.0	1.029	2.491	1.7600000219345093
COc1ccc(C(=O)Nc2ccc(C(=O)c3cccc(C(N)=O)c3)cc2)cc1	1.0	0.0	0.626	1.733	1.1794999935626984
COC(=O)c1ccccc1C(=O)Nc1ccc(Cl)cc1Oc1ccccn1	1.0	0.0	0.86	2.02	1.4400000071525574
Cc1ccc(S(=O)(=O)CCc2ccncc2)cc1C	1.0	1.0	0.926	1.971	1.4484999995231629
O=S(=O)(NCCc1ccncc1)c1ccc(Cl)c(Cl)c1	1.0	1.0	0.94	1.916	1.427999998807907
O=S(=O)(Nc1cnnc(O)c1Cl)c1ccc(Cl)cc1	1.0	1.0	0.909	2.404	1.656499989748001
CCCc1nc(C(=O)NCC)c(OC)n1Cc1ccccc1	1.0	1.0	1.024	2.284	1.654000024318695
Cc1ccccc1NC(=O)c1c(C)noc1C1(N2CCCCC2)CC1	1.0	1.0	1.063	2.581	1.821999981880188
CCCOc1ncc(NS(=O)(=O)c2ccc(Cl)cc2N)s1	1.0	0.0	0.871	2.689	1.7799999959468842
Cc1ccc(NC(=O)c2cccc(Cl)c2Cl)cc1N	1.0	0.0	0.831	1.821	1.325999985218048
CCCn1ccc2ccc(Cl)cc21	1.0	0.0	0.736	1.932	1.3340000007152557
O=C(O)c1ccccc1C(=O)c1ccc(Cl)cc1S	1.0	1.0	0.924	2.126	1.525000012397766
O=C(NCc1ccccc1)c1cc(Cl)ccc1Cl	1.0	0.0	0.876	1.427	1.1514999935626984
Clc1cccc(Oc2ccc(Cl)c3ncccc23)c1	1.0	1.0	0.992	1.852	1.4219999918937685
CCOc1ccc(CSC(=O)c2ccccc2C)cc1	1.0	0.0	0.838	1.906	1.3719999997615813
CCCCc1cc(Oc2ccccc2)ccc1OCC(=O)O	1.0	0.0	0.857	1.789	1.3229999966621397
CCCCCCCCCCCCCC(=O)c1ccc(C(=O)O)cn1	1.0	0.0	0.741	2.063	1.40199999833107
Oc1ccccc1Nc1cc(Cl)sn1	1.0	1.0	0.917	2.657	1.7869999978542328
CCCOc1cc(O)cc(OS(=O)(=O)c2ccc(C)cc2)c1	1.0	0.0	0.814	2.096	1.4550000052452088
Cc1ccc(NS(=O)(=O)C=Cc2ccccc2)cc1	1.0	1.0	0.901	1.843	1.3720000114440918
O=C(O)c1cccc(Oc2ncccc2O)c1	1.0	1.0	0.943	2.03	1.4865000092983245
Cc1ccc(S(=O)(=O)c2ccc(C)cc2)cc1	1.0	0.0	0.876	1.445	1.1604999935626985
O=S(=O)(c1cccc2cccnc12)N1CCOCC1	1.0	0.0	0.841	1.968	1.4045000102519989
O=C(c1cccc(Cl)c1)c1cn(Cc2ccc(F)cc2)c2oc(-c3ccccc3)cc12	1.0	0.0	0.0	2.414	1.207
O=C(CC1CCCC1)c1cccc(Cl)c1	1.0	0.0	0.847	1.768	1.3075000014305114
COc1ccc(OC)c(CC(=O)Nc2ccc(Cl)c(Cl)c2)c1	1.0	1.0	0.987	1.72	1.353499994277954
Cc1cccc(N(CCC(C)C)C(=O)c2ccc(Cl)cc2)c1	1.0	1.0	0.985	1.887	1.4360000071525574
CC(C)c1cccc(C(=O)O)c1	1.0	0.0	0.789	1.517	1.1529999873638153
Cc1cccc(C(=O)c2c(C(=O)c3ccccc3)cnc3ccccc23)c1O	1.0	0.0	0.864	2.126	1.4950000112056732
O=C(O)c1cccc(Oc2ccc(Cl)cc2Cl)c1N1CCCC1=O	1.0	1.0	1.02	2.227	1.6234999904632568
O=C(c1ccc(Cl)nc1)c1ccc(Cl)cc1O	1.0	1.0	1.005	2.031	1.5179999976158143
c1ccc(Oc2ccc(CN3CCCC3c3ccccc3)cc2)cc1	1.0	0.0	0.793	2.158	1.4754999914169311
COc1cc(Cl)ccc1C(=O)Nc1ccccc1	1.0	0.0	0.795	1.417	1.1060000083446502
Cc1ccc(S(=O)(=O)CC(=O)N2CCCCC2)cc1	1.0	0.0	0.895	1.859	1.3769999904632568
CCCCCC(=O)NC(=O)c1ccccc1	1.0	1.0	0.945	1.479	1.2119999964237214
Cc1ccc(C(=O)NO)cc1C(=O)Cc1ccccc1	1.0	1.0	0.903	1.819	1.3609999985694885
O=C(c1ccc(Cl)cc1O)c1ccccc1Br	1.0	1.0	0.993	1.848	1.4204999854564666
CCc1nc2ccc(C(=O)N(C)C)cn2c1NS(=O)(=O)c1ccc(Cl)cc1	1.0	0.0	0.794	2.481	1.6375000147819518
O=S(=O)(NCCc1ccc(Cl)cc1)c1ccccc1O	1.0	1.0	0.942	1.835	1.3884999859333038
O=C(Nc1ccccc1)c1ccc(Cl)cc1Oc1ccc(Cl)cc1	1.0	1.0	0.927	1.632	1.279499993085861
CCCCC(=O)N1CCC(C(=O)c2ccc(C)cc2)CC1	1.0	0.0	0.827	1.798	1.3125000109672547
CCOC(=O)NC(=O)COc1ccc(Cl)c(Cl)c1Cl	1.0	1.0	1.049	2.097	1.573000012397766
Cc1ccc(Cl)cc1NS(=O)(=O)c1ccc(Cl)cc1Cl	1.0	1.0	0.904	1.831	1.3674999921321869
COC(=O)c1ccc(Oc2ncccc2C(=O)NCc2ccc(C(F)(F)F)cc2)cc1F	1.0	0.0	0.0	2.229	1.1145
CCCOc1ccccc1CSc1ccc(Cl)cc1	1.0	1.0	0.969	1.758	1.363499990940094
O=C(Oc1cccc(C(=O)c2ccccc2)c1)c1ccccc1	1.0	0.0	0.832	1.564	1.1980000085830689
Cc1ccc(NS(=O)(=O)c2ccccc2)cc1	1.0	1.0	0.996	1.383	1.1894999959468842
Cc1ccc(OS(=O)(=O)NCCc2ccccc2)cc1[N+](=O)[O-]	1.0	0.0	0.788	2.223	1.5054999938011169
CC(C)(C)c1ccccc1NC(=O)c1ccccc1Oc1ccccn1	1.0	1.0	0.972	1.964	1.4680000014305115
CCOC(=O)c1ccccc1NC(=O)COc1ccc(Cl)cc1NC(C)(C)C	1.0	0.0	0.798	2.083	1.4404999890327455
Cc1cc(CN(C)c2ccc(Cl)cc2)c(SCc2ccccc2)c(C)n1	1.0	0.0	0.893	2.352	1.62250000333786
Cn1cc(Cc2ccc(Cl)cc2)nc1SCC(=O)NCc1ccccc1Cl	1.0	0.0	0.747	2.285	1.5159999895095826
CCc1ccccc1S(=O)(=O)NCC(C)c1ccccc1	1.0	0.0	0.816	2.311	1.5634999923706054
CC(=O)Nc1cc(Cl)ccc1NS(=O)(=O)c1ccc(Cl)cc1Cl	1.0	1.0	0.931	1.999	1.464999997138977
O=C(C1=NS(=O)(=O)c2ccccc21)c1ccc(Br)cc1	1.0	1.0	0.92	2.421	1.6705000083446502
O=C(O)c1ccc(Sc2ccc(Cl)cc2Cl)c(Cl)c1	1.0	1.0	0.975	2.047	1.511000011920929
O=C(O)c1ccc(S(=O)(=O)Nc2ccc(F)cc2)cc1	1.0	0.0	0.838	1.565	1.2014999997615814
Cc1nn(C)c(C)c1NS(=O)(=O)c1ccc(Cl)cc1Cl	1.0	0.0	0.852	2.166	1.5089999990463256
CCCCOc1ccc(Cl)cc1NS(=O)(=O)c1ccc(Cl)cc1	1.0	1.0	0.921	1.798	1.3595000019073487
Cc1ccc(F)cc1NC(=O)CCCN(c1ccc(Cl)cc1)S(=O)(=O)c1ccccc1	1.0	0.0	0.0	2.062	1.031
N#Cc1ccccc1NS(=O)(=O)c1ccc(Cl)cc1Cl	1.0	1.0	1.014	1.965	1.4895000290870666
CC(=O)Nc1ccc(S(=O)(=O)Nc2cccc(Cl)c2)cc1C(=O)c1ccccc1	1.0	0.0	0.8	1.949	1.3745000059604644
NC1=NSCCC1NC(=O)c1ccc(Cl)cc1Cl	1.0	1.0	0.987	3.249	2.1179999942779544
Brc1ccc(Oc2ccc(Br)cc2)cc1	1.0	1.0	0.953	1.428	1.190500004529953
COc1cccc(C(=O)Nc2ccc(Cl)cc2C)c1	1.0	1.0	0.983	1.476	1.2294999902248382
O=C(CCNS(=O)(=O)c1ccccc1)NO	1.0	0.0	0.788	1.807	1.297499993801117
Cc1ccccc1NC1CCCC1NS(=O)(=O)c1ccc(Cl)cc1	1.0	0.0	0.893	2.734	1.81350000333786
COc1ccccc1CCCNC(=O)c1ccc(Cl)cc1	1.0	0.0	0.863	1.557	1.2099999878406524
O=C(NCCc1ccccn1)c1ccc(O)cc1	1.0	0.0	0.841	1.678	1.2595000102519989
N=C(N)NCCCC(C(=O)Nc1ccc(Cl)cc1Cl)c1ccc(Cl)cc1	1.0	0.0	0.826	2.643	1.7344999876022338
O=C(Nc1ccc(Br)cc1NS(=O)(=O)c1ccc(Cl)cc1)c1ccccc1	1.0	0.0	0.808	1.829	1.318500014066696
O=C(O)c1ccccc1Cc1c(Cl)cccc1NS(=O)(=O)c1ccc(Br)cc1Cl	1.0	0.0	0.884	2.287	1.58550000166893
Cc1ccc(S(=O)(=O)CC(=O)Nc2ccc(Cl)cc2)cc1F	1.0	1.0	1.057	1.877	1.4670000205039977
COc1cccc(C(=O)Oc2ccc(C)c(C)c2)c1	1.0	0.0	0.847	1.583	1.2150000014305116
CS(=O)(=O)c1ccc(C(=O)c2ccc(Cl)cc2C(=O)c2cccc(Cl)c2)cc1	1.0	0.0	0.857	2.01	1.4334999966621398
COc1cccc(S(=O)(=O)NCc2ccc(C(=O)Nc3ccc(Cl)cc3C)cc2)c1F	1.0	0.0	0.0	2.105	1.0525
Clc1ccc(NCc2ccc(Cl)s2)cc1	1.0	1.0	0.913	1.813	1.3629999938011168
Cc1ccc(S(=O)(=O)Nc2ccc(Cl)cc2C)cc1Cl	1.0	1.0	0.971	1.792	1.381500007867813
Cc1ccc(S(=O)(=O)Nc2ccc(Cl)cc2[N+](=O)[O-])cc1	1.0	1.0	1.001	1.838	1.4195000233650208
Nc1cc(Cl)nc(SCc2ccc(C(=O)O)cn2)n1	1.0	1.0	0.922	2.44	1.680999995470047
CCCc1nc(O)c(Cc2cccc(Cl)c2)c(O)n1	1.0	1.0	1.112	2.451	1.7814999942779541
Cc1ccc(C(=O)NCc2ccccc2)cc1Cl	1.0	1.0	0.992	1.406	1.1989999918937682
Cc1ccc(Cl)cc1NS(=O)(=O)c1ccc(Cl)cc1	1.0	1.0	0.945	1.623	1.2839999964237214
CC(=O)n1cnnc1NS(=O)(=O)c1ccc(Cl)cc1Cl	1.0	1.0	0.971	2.643	1.807000007867813
COc1ccc(C(=O)NCc2ccc(C)cc2)cc1	1.0	1.0	0.93	1.333	1.1315000035762788
O=S(=O)(c1ccccc1)c1ccc(Br)c(Cl)c1	1.0	1.0	0.972	1.808	1.3900000014305114
Cc1ccccc1C(=O)Nc1ccc(Cl)cc1	1.0	0.0	0.883	1.306	1.0945000081062317
O=[N+]([O-])c1ccc(S(=O)(=O)NCCO)cc1	1.0	0.0	0.787	1.901	1.3440000002384185
Oc1nc(SCc2ccccc2)nc2ccccc12	1.0	1.0	0.954	1.899	1.4264999980926514
CC(=O)c1ccc(S(=O)(=O)NCc2cccc(C)c2)cc1	1.0	0.0	0.889	1.69	1.2894999992847442
Cc1ccc(CSc2nnc(C)c(O)n2)cc1	1.0	1.0	0.938	2.189	1.5635000116825104
Cc1ccccc1NC(=O)Nc1ccc(Cl)c(C(F)(F)F)c1	1.0	0.0	0.854	1.79	1.3219999861717224
O=Cc1ccc(Sc2ccc([N+](=O)[O-])c3cccnc23)cc1F	1.0	1.0	0.982	2.551	1.76649999666214
O=S(=O)(Nc1cc(Cl)c(Cl)cc1NS(=O)(=O)c1ccccc1)c1ccccc1	1.0	0.0	0.837	1.908	1.372500006198883
O=S(=O)(NCCO)c1ccccc1	1.0	0.0	0.819	1.64	1.2295000028610228
CCc1ccc(CNC(=O)c2ccc(Cl)cc2)cc1	1.0	0.0	0.868	1.406	1.1369999854564665
COc1ccc(S(=O)(=O)Nc2ccc(Cl)cc2)cc1N	1.0	1.0	0.923	1.753	1.3379999890327454
COc1ccc(NC(C)=O)cc1NS(=O)(=O)c1ccc(Cl)cc1F	1.0	1.0	0.938	1.955	1.4465000116825104
Fc1ccccc1Nc1ccc(Cl)cc1	1.0	1.0	0.931	1.401	1.165999997138977
O=C(NCc1cccnc1)c1cc(Cl)ccc1Cl	1.0	1.0	0.921	1.678	1.2995000019073486
O=C(Cc1ccc(Cl)c(Cl)c1)c1ccc(F)c(Cl)c1	1.0	1.0	1.114	1.817	1.465499981403351
Cc1ccc(O)cc1	1.0	0.0	0.509	1.258	0.8835000016689301
Fc1ccc(F)c(OC(c2ccccc2)c2ccccc2)c1Cl	1.0	1.0	0.987	2.056	1.5214999942779541
O=C(O)c1ccccc1NS(=O)(=O)c1ccc(Cl)cc1Cl	1.0	1.0	0.966	1.81	1.388000010251999
O=C(c1cccn1Cc1ccc(Cl)c(Cl)c1)[N+](=O)[O-]	1.0	1.0	1.145	2.52	1.8324999904632568
CC(C)(C)c1ccc(NS(=O)(=O)c2ccc(Cl)cc2)cc1	1.0	1.0	0.904	1.671	1.287499992132187
O=C(CCCOc1ccccc1OCc1ccccc1)c1ccccc1Cl	1.0	0.0	0.739	1.761	1.2500000112056733
O=C(Nc1ccc(Cl)cc1)c1cccc([N+](=O)[O-])c1	1.0	0.0	0.8	1.522	1.1610000059604646
NC(=O)c1cccc2nc(COc3cccc(F)c3Cl)cn12	1.0	1.0	0.929	2.468	1.6985000100135803
O=S(=O)(NCCO)c1ccccc1Br	1.0	0.0	0.802	1.956	1.3789999930858612
O=S(=O)(O)c1ccc(Oc2ccc(Cl)cc2S(=O)(=O)c2ccccc2)cc1	1.0	0.0	0.88	2.039	1.4594999976158143
Cc1ccccc1C(=O)Nc1ccc(S(=O)(=O)Nc2ccc(Cl)cc2)cc1	1.0	0.0	0.702	1.691	1.1965000109672546
COc1ccc(Oc2ccc(NS(C)(=O)=O)cc2C(=O)c2ccncc2)cc1[Si](C)(C)C	1.0	0.0	0.0	2.6	1.3
COc1cc(C(=O)c2ccc(Cl)cc2C#N)ccc1O	1.0	0.0	0.849	2.065	1.4569999885559082
CCc1cccc(Oc2ccc(Cl)cc2NS(=O)(=O)c2ccc(Cl)cc2)c1	1.0	1.0	1.009	1.909	1.4589999718666076
CC(=O)c1cccc(S(=O)(=O)c2ccc(Cl)cc2)c1	1.0	1.0	1.012	1.693	1.3524999823570252
O=C(O)CCCN(C(=O)CCCc1ccccc1)c1ccc(Cl)cc1-c1ccc(Cl)c(F)c1	1.0	0.0	0.0	2.329	1.1645
CC(=O)NCCCCc1ccccc1	1.0	0.0	0.778	1.439	1.1084999985694886
Cc1ccc(C(=O)NC(=O)c2cccc(Cl)c2)cc1	1.0	0.0	0.83	1.529	1.1794999916553497
Cc1ccc(C(=O)c2ccc(Cl)cc2C(=O)c2ccc(Cl)cc2)cc1	1.0	1.0	0.922	1.77	1.345999995470047
O=C(CCc1ccccc1)c1ccccc1O	1.0	0.0	0.801	1.54	1.1704999995231629
CCc1ccc(S(=O)(=O)Nc2ccccc2Cl)cc1	1.0	0.0	0.9	1.578	1.2389999880790712
COc1cccc(OCCCCCN2CCCCC2)c1	1.0	0.0	0.8	1.7	1.2500000059604646
O=C(CC(=O)c1ccccc1)NS(=O)(=O)c1ccc(Cl)c(Cl)c1Cl	1.0	1.0	0.944	2.264	1.6040000028610228
O=C(CCc1ccccc1)OCC(=O)c1ccc(Cl)c(Cl)c1	1.0	1.0	0.907	1.717	1.3120000026226044
Cc1ccc(S(=O)(=O)c2ccc(C(=O)NCCCO)cc2)cc1	1.0	0.0	0.89	1.777	1.3334999928474427
Clc1ccc(Oc2ccccc2CN2CCCCC2)cc1	1.0	1.0	1.012	1.664	1.337999982357025
O=C(O)c1ccc(OCc2ccccc2)cc1	1.0	0.0	0.852	1.284	1.0679999990463256
Fc1ccc(CSc2ccc(Cl)cc2Nc2ccccc2)cc1	1.0	1.0	0.902	1.814	1.3580000050067902
O=C(Nc1ccccc1Cl)c1sccc1Sc1ccccn1	1.0	1.0	1.067	2.248	1.6575000157356263
O=C(O)c1cccc(Oc2ncc(Cl)cn2)n1	1.0	1.0	1.084	2.428	1.7559999957084655
O=S(=O)(NC1=NCCC1)c1ccc(Cl)cc1Cl	1.0	0.0	0.866	2.344	1.6049999983310699
CC(=O)Nc1ccc(S(=O)(=O)N2CCN(c3ccc(Cl)cc3)CC2)cc1	1.0	0.0	0.732	1.811	1.2714999966621399
Oc1ccc(-c2c(O)cc(O)cc2Br)c(Cl)c1	1.0	1.0	0.94	2.393	1.666499998807907
O=C(NNc1ccc(Cl)c(Cl)c1)Oc1ccc(Cl)cc1	1.0	1.0	1.031	1.98	1.505500009059906
O=C(Nc1ccccc1)c1cccnc1Oc1ccccc1	1.0	1.0	1.05	1.609	1.329499976158142
O=C(CCc1ccc(Cl)cc1)c1cc(Cl)ccc1O	1.0	0.0	0.858	1.755	1.3064999902248382
Cc1ccc(Cl)cc1Nc1ncc(Cl)cc1C(=O)NCCO	1.0	0.0	0.863	2.127	1.4949999878406524
NC(=O)c1ccc(C(=O)Nc2ccc(Cl)cc2C(=O)O)cc1	1.0	0.0	0.845	1.663	1.2540000143051149
O=S(=O)(NCCN1CCCC1)c1ccc(Cl)c(Cl)c1	1.0	1.0	1.031	1.897	1.4640000090599061
Cc1ccc(O)c(Cl)c1	1.0	0.0	0.604	1.609	1.1064999861717224
O=C(O)c1ccc(Sc2ccc(Cl)cc2)cc1	1.0	1.0	1.004	1.674	1.3389999742507934
O=C(Nc1ccc(F)cc1)c1ccc(Cl)c(Cl)c1	1.0	0.0	0.887	1.431	1.1590000121593476
Cc1ccccc1C(=O)c1ccc(Cl)c(Cl)c1	1.0	1.0	0.907	1.58	1.2435000026226044
Cc1ccccc1NC(=O)c1ccc(Cl)c(Cl)c1	1.0	1.0	0.934	1.429	1.1815000076293947
Clc1ccc(Cc2ccc(Cl)c3scnc23)cc1	1.0	1.0	1.021	2.256	1.6385000138282775
CCCCOc1cccc(C(=O)NCc2ccc(Cl)cc2)c1	1.0	0.0	0.845	1.582	1.2135000143051147
Nc1c(Oc2ccc(Cl)cc2)cccc1C(=O)O	1.0	1.0	1.144	1.763	1.4535000267028808
Cc1ccccc1S(=O)(=O)N1CCCC1c1ccccc1	1.0	1.0	1.057	2.261	1.6590000205039979
CCNS(=O)(=O)c1ccc(C)cc1C	1.0	0.0	0.781	1.822	1.301500009059906
O=C(COc1ccc(Cl)cc1Cl)NN=Cc1cccs1	1.0	0.0	0.88	2.102	1.4909999976158141
O=C(O)c1cccc(Oc2ncc(Cl)cc2O)c1F	1.0	1.0	1.116	2.447	1.7815000281333924
CCc1nnc(NS(=O)(=O)c2ccc(Br)cc2)s1	1.0	1.0	0.936	2.103	1.5194999947547914
CCCc1ncccc1Oc1cccc(Cl)c1Cl	1.0	1.0	0.966	2.125	1.545500010251999
Cc1ccc(C(=O)N(C)CC(O)c2ccccc2)cc1	1.0	1.0	0.911	2.16	1.5355000066757203
Cc1ccc(F)c(NS(=O)(=O)c2cccc(Cl)c2)c1Cl	1.0	0.0	0.872	2.062	1.4669999895095824
Cc1ccc(O)cc1NS(=O)(=O)c1cccc(Cl)c1	1.0	1.0	0.948	1.845	1.3965000069141387
O=C(O)c1ccc(Cl)cc1Cl	1.0	0.0	0.707	1.506	1.106500008583069
Cc1ccccc1C(=O)Nc1ccc(S(=O)(=O)Nc2ccc(C(=O)O)cc2)cc1	1.0	0.0	0.667	1.77	1.2184999978542328
O=S(=O)(c1ccc(Cl)c(Cl)c1)n1cccn1	1.0	1.0	0.967	2.295	1.6310000038146972
O=S(=O)(NCc1ccc(Cl)cc1)c1ccc(Cl)cc1O	1.0	1.0	0.916	1.938	1.4270000042915343
COc1cccc(CNC(=O)c2ccc(-c3ccc(Cl)cc3)o2)c1	1.0	0.0	0.73	1.798	1.2640000095367432
COc1ccc(Oc2ccc(Cl)cc2C(=O)Nc2ccc(Cl)cc2)cc1	1.0	1.0	1.033	1.68	1.3564999961853026
Cc1ccc(SCc2ccc([N+](C)(C)C)cc2)cc1	1.0	0.0	0.856	2.246	1.5510000030994415
CC(=O)c1cccc(Oc2ccc(Cl)cc2N)c1	1.0	1.0	1.1	1.78	1.440000011920929
O=C(c1ccccc1Cl)N(Cc1ccccc1)c1cccc(F)c1	1.0	0.0	0.871	1.769	1.3199999959468842
Cc1ccccc1NS(=O)(=O)c1cccc(C(=O)O)c1	1.0	0.0	0.85	1.634	1.242000011920929
COc1ncc(Cl)cc1S(=O)(=O)c1ccc(Cl)cc1F	1.0	1.0	1.121	2.365	1.7430000257492066
Cc1ccccc1C(=O)Nc1ccc(Br)cc1C(=O)O	1.0	1.0	0.903	1.648	1.2754999985694884
COc1ncc(Cl)cc1S(=O)(=O)NC(=O)OC(C)(C)C	1.0	1.0	0.918	2.431	1.6744999914169312
COc1cccc(S(=O)(=O)N(C)C(=O)CCc2ccc(Cl)cc2)c1	1.0	0.0	0.833	2.081	1.4570000021457672
