SMILES	Valid	Desired	ROCS_CCR2	SA	Total
O=C(NCc1cccc(Cl)c1)c1ccccn1	1.0	1.0	1.015	1.616	1.3154999928474427
O=C(O)c1cnc2ccc(F)cc2c1NS(=O)(=O)c1ccc(Cl)cc1	1.0	1.0	0.977	2.12	1.5484999990463257
Cc1ccc(S(=O)(=O)Nc2cc(Cl)ccc2Cl)cc1	1.0	1.0	1.069	1.642	1.355500002861023
O=S(=O)(NCc1ccc(Cl)cc1)c1ccccc1	1.0	1.0	1.004	1.488	1.2459999742507935
CC(C)CC(=O)c1ccc(Cl)c(Cl)c1O	1.0	0.0	0.881	2.221	1.5509999911785126
CC(C)(C)c1ccc(OS(=O)(=O)c2ccc(S(=O)(=O)Nc3ccc(Cl)cc3)cc2)cc1	1.0	0.0	0.0	2.076	1.038
CC(C)c1ccc(Sc2ccc(Cl)cc2O)c(O)c1	1.0	1.0	0.939	2.353	1.6460000052452088
Nc1cccc(S(=O)(=O)Nc2ccccc2)c1	1.0	1.0	1.007	1.601	1.303999984741211
N#Cc1ccccc1Oc1ccccc1C(=O)O	1.0	1.0	1.186	1.777	1.4814999947547913
CC(=O)c1ccc(NS(=O)(=O)c2ccc(F)cc2)cc1	1.0	1.0	0.933	1.584	1.2585000140666962
COc1ccc(CN2C(=O)c3nccnc3C2=O)cc1	1.0	1.0	1.313	2.126	1.719499981880188
COc1nc(Cl)c(Cl)c(Nc2ccc(Cl)cc2)n1	1.0	1.0	1.082	2.245	1.663500008583069
COc1nnc(C)n1Cc1ccccc1Br	1.0	1.0	1.021	2.341	1.6810000138282777
COc1nc(Cl)c(Cl)nc1NS(=O)(=O)c1ccc(Br)cc1	1.0	1.0	1.034	2.393	1.7135000195503234
Cc1ccc(S(=O)(=O)NCc2cc(Cl)ccc2-c2ccccc2)cc1	1.0	1.0	0.984	1.798	1.391000013589859
Cc1ccc(C(=O)Nc2ccc(Cl)cc2)cc1	1.0	0.0	0.871	1.238	1.0544999959468841
COc1cccc(NS(=O)(=O)c2ccc(Br)cc2)c1	1.0	1.0	0.924	1.61	1.2670000123977663
O=[SH](O)(O)c1ccc(Cl)cc1Cl	1.0	0.0	0.0	3.909	1.9545
O=S(=O)(Nc1cc(Cl)c(Cl)cc1Oc1ccccc1)c1ccc(Cl)cc1	1.0	1.0	1.15	1.908	1.528999988079071
COc1cccc(C(=O)OCC(=O)Nc2cc(Cl)ccc2C#N)c1	1.0	0.0	0.777	1.893	1.33500000500679
CCCn1c(N)c(C(=O)OCC)c2ccccc21	1.0	0.0	0.899	2.069	1.4839999945163727
Cc1ccccc1C(=O)c1ccc(Cl)cc1NS(=O)(=O)c1ccc(Cl)cc1Cl	1.0	1.0	1.102	2.073	1.5874999990463257
Clc1cccc(CSc2nc3ccccc3[nH]2)c1	1.0	1.0	1.02	1.866	1.4429999904632569
O=C(O)c1ccccc1NS(=O)(=O)c1ccc(Cl)cc1F	1.0	1.0	1.025	1.842	1.433499988079071
Cc1ccc(C(=O)NCC(=O)c2ccc(F)cc2)cc1	1.0	1.0	1.145	1.564	1.3544999904632569
O=C(NCCc1ccccc1)c1ccccc1	1.0	1.0	0.904	1.221	1.062499992132187
O=C(c1ccncc1)c1ccc(Cl)cc1	1.0	1.0	1.017	1.581	1.2989999799728393
CC(C)Nc1nc2nn(C)c(-c3ccc(Cl)cc3)c2n1-c1ccc(Cl)cc1	1.0	0.0	0.889	2.679	1.7839999992847442
O=C(c1ccc(Cl)nc1)c1cccc(O)c1Oc1ccc(Cl)c(Cl)c1	1.0	1.0	0.975	2.286	1.630500011920929
Clc1ccc(Oc2cccc(Br)c2)cc1	1.0	0.0	0.881	1.486	1.1834999911785125
CSc1nc2ccccc2c(=O)n1N	1.0	0.0	0.897	2.124	1.510500007390976
COc1ccc(Cl)cc1S(=O)(=O)Nc1ccc(F)cc1Cl	1.0	1.0	1.032	1.855	1.443499972820282
COCCOc1ccc(S(=O)(=O)N2CCCCC2)cc1	1.0	1.0	0.926	1.742	1.3339999995231628
O=S(=O)(c1ccccc1)C1CCC(N2CCN(c3cccc(Cl)c3)CC2)CC1	1.0	0.0	0.805	2.183	1.4940000035762786
Cc1ccc(S(=O)(=O)NCC(=O)Nc2ccccc2)cc1	1.0	1.0	1.049	1.584	1.3165000123977662
COc1cccc(CC(=O)C(C#N)c2ccccc2)c1	1.0	1.0	1.138	2.394	1.766000005722046
COc1ncncc1-c1ccc(Cl)c(O)c1C(=O)c1ccccc1Cl	1.0	1.0	1.097	2.48	1.7885000014305115
COc1cccc(CN2SCc3ccccc32)c1	1.0	1.0	1.005	2.502	1.753499997615814
Cc1ccc(C(=O)N(C)C(=O)c2ccccc2)cc1	1.0	1.0	1.107	1.698	1.4024999966621399
O=C(c1cc(Cl)ccc1Cc1ccccc1)N1CCOCC1	1.0	1.0	1.049	1.846	1.4475000123977662
O=C(NCc1ccc(Cc2ccccc2)cc1)OCCO	1.0	0.0	0.789	1.741	1.2649999873638154
Cc1ccc2cc(C(=O)NCc3ccccc3)[nH]c2c1	1.0	1.0	0.93	1.757	1.3435000035762785
CC(=O)c1ccc(NC(=O)CCc2ccccc2)cc1	1.0	1.0	0.944	1.422	1.1830000028610228
O=C(c1cccnc1Cl)N1CCCCC1	1.0	1.0	1.019	1.798	1.4085000267028809
COc1ncc(F)nc1NS(=O)(=O)c1ccccc1	1.0	1.0	1.061	2.302	1.6814999947547913
COc1ccc(S(=O)(=O)Nc2ccc(F)cc2)cc1	1.0	1.0	0.955	1.482	1.2184999916553498
CC(=O)c1ccc(S(=O)(=O)N2CCCC2)cc1	1.0	1.0	0.935	1.624	1.279500001192093
Clc1ccc(CN2CCCc3ccccc32)cc1	1.0	1.0	1.021	1.655	1.3380000138282777
CCc1ccc(N2C(=O)CSC2c2ccc(Cl)cc2)cc1	1.0	1.0	1.438	2.458	1.947999981880188
Cc1ccc(C2c3ccccc3C(=O)N(C)C2Nc2ccccc2)cc1	1.0	1.0	1.076	2.983	2.029499987602234
CCc1c(Cc2ccc(Cl)cc2Cl)c(C(C)=O)cn1C	1.0	1.0	1.042	2.529	1.7855000276565551
O=C(O)c1ccc(Sc2ccccc2Cl)cc1	1.0	1.0	0.948	1.727	1.337500006914139
Cc1cc(C)n(-c2cc(Cl)ccc2C(=O)c2ccc(Oc3ccccc3)cc2)c1	1.0	1.0	0.937	2.259	1.5979999883174896
O=C(c1cccc(F)c1)c1ccc(O)c(O)c1Cl	1.0	1.0	1.068	2.049	1.5584999794960022
O=S(=O)(NCc1ccc(Cl)cc1)c1ccc(Cl)cc1Cl	1.0	1.0	1.064	1.768	1.4160000052452086
Cc1ccc(S(=O)(=O)NCc2cc(Cl)ccc2NS(=O)(=O)c2cccc(Cl)c2)cc1	1.0	1.0	1.091	2.12	1.6054999804496766
Cc1ccc(C(=O)NCC(=O)O)cc1Sc1ccc(Cl)cc1	1.0	1.0	0.921	1.985	1.4530000019073488
Cc1cc(Cl)ccc1NS(=O)(=O)c1ccc(Cl)cc1	1.0	1.0	1.05	1.637	1.343499976158142
CCN(C(=O)c1cc(Cl)ccn1)c1ccccc1C	1.0	1.0	1.099	2.071	1.5849999885559083
COc1cncc(NS(=O)(=O)c2ccc(Cl)c(Cl)c2)c1	1.0	1.0	0.967	2.007	1.4870000038146973
CCOC(=O)c1ccc(NC(=O)c2ccc(Cl)cc2)cc1	1.0	0.0	0.804	1.423	1.1135000100135803
O=C(NCc1ccccc1)c1cc(Cl)cc(Cl)c1	1.0	1.0	0.95	1.535	1.2424999940395356
CC(C)(C)c1ccc(OC(=O)Nc2ccc(Cl)cc2)cc1	1.0	1.0	0.924	1.703	1.3135000123977663
CC(C)C(=O)Nc1ccc(NS(=O)(=O)c2cccc(Cl)c2)cc1	1.0	0.0	0.817	1.763	1.2899999859333038
Cc1nc(=O)n(Cc2ccc(Cl)cc2)c(C)c1N	1.0	1.0	1.085	2.158	1.6215000190734863
O=c1ccn(CCCc2ccccc2)c(O)n1	1.0	1.0	1.076	2.293	1.684499987602234
Cc1ccc(C(=O)NCc2c(F)cccc2N2CCCC2)cc1N1CCCC1	1.0	0.0	0.855	2.15	1.5025000095367431
O=C(c1cccnc1)N1C(Cc2ccc(Cl)cc2)CN(c2ccccc2)S1(=O)=O	1.0	0.0	0.862	3.08	1.9709999942779541
O=S(=O)(Nc1ccc(Cl)cc1)c1ccc(Oc2ccccc2)cc1	1.0	1.0	0.916	1.602	1.2590000042915346
Cc1ccc(C(=O)c2cc(Cl)ccc2NS(=O)(=O)c2ccc(C)cc2)cc1	1.0	1.0	1.076	1.831	1.4534999876022339
COc1ccc(S(=O)(=O)Nc2ccc(F)c(Cl)c2)cc1	1.0	1.0	0.958	1.65	1.3040000021457672
COc1ccc(NC(=O)C(c2ccccc2)c2ccccn2)cc1F	1.0	1.0	0.922	2.422	1.671999995470047
Cc1noc(C)c1C(=O)Oc1ccc(Cl)cc1	1.0	1.0	1.064	1.923	1.4935000052452088
O=C(O)c1cccc(S(=O)(=O)Nc2cccc(Cl)c2)c1	1.0	0.0	0.87	1.68	1.2750000023841856
COc1cc(OC)cc(C(=O)Nc2ccccc2F)c1	1.0	0.0	0.853	1.599	1.2259999926090241
O=C(NCc1ccccc1)c1ccc(Cl)cc1	1.0	1.0	0.961	1.238	1.0995000126361847
O=C(O)c1ccccc1Oc1cc(Cl)ccc1NS(=O)(=O)c1ccc(Cl)cc1F	1.0	1.0	0.927	2.155	1.540999993085861
COc1ncc(Cl)cc1NS(=O)(=O)c1ccc(Cl)cc1	1.0	1.0	1.122	1.983	1.5524999895095826
Cc1ccc(Cl)cc1N1CCN(C(=O)c2ccc(CNC(=O)c3ccccc3)cc2)c2cc(C(F)(F)F)ccc21	1.0	0.0	0.0	2.443	1.2215
O=C(O)c1ccccc1Oc1ccc(Cl)cc1Cl	1.0	1.0	1.124	1.642	1.3829999766349792
Cc1cccc(Cc2cc(C)nc(-c3ccccc3)n2)c1	1.0	1.0	1.059	1.883	1.4710000076293945
Cc1cc(C)cc(N2C(=O)c3nccnc3C2c2ccc(F)cc2)c1	1.0	1.0	1.399	2.883	2.141000024318695
COc1ccccc1C(=O)NCCc1csc(N)n1	1.0	1.0	0.951	1.952	1.4514999876022339
O=C(O)c1ccccc1Oc1ccc(Cl)cc1	1.0	1.0	0.943	1.477	1.2100000092983247
O=S(=O)(Nc1cc(Cl)ccc1Cn1cnnn1)c1ccc(F)c(F)c1	1.0	1.0	1.234	2.395	1.8144999837875366
Cc1cccc(C(=O)c2cc(Cl)ccc2NS(=O)(=O)c2ccc(Cl)cc2)c1	1.0	1.0	1.083	1.901	1.4919999723434447
Cc1ccc(C(=O)NCCc2ccccc2)cc1	1.0	0.0	0.895	1.293	1.093999990463257
CC(C)Oc1ccc(C(=O)Nc2ccc(C(C)C)cc2)cc1	1.0	0.0	0.844	1.593	1.218499990940094
COc1ccc(Cl)cc1C(=O)Nc1ccccc1NS(=O)(=O)c1ccccc1	1.0	1.0	0.93	1.826	1.3780000035762787
Nc1ccc(C(=O)c2ccc(Cl)cc2)cc1	1.0	1.0	0.981	1.496	1.2385000030994415
Cc1ccc(C(=O)C(=O)c2ccc(C)c(N)c2)cc1	1.0	1.0	1.078	1.877	1.4774999747276305
CCOC(=O)c1c(C)n(Cc2ccccc2)c(=O)c2ccccc12	1.0	1.0	1.096	1.843	1.4694999780654907
O=C(O)c1cc(F)ccc1NS(=O)(=O)c1ccc(F)cc1F	1.0	1.0	1.021	1.964	1.4925000138282776
COc1ccc(C(=O)C2CCN(C)C(=O)c3ccccc32)cc1	1.0	1.0	1.017	2.506	1.7614999799728392
CC(=O)c1ccc(S(=O)(=O)Oc2ccc(Cl)c(C)c2)cc1	1.0	1.0	0.968	1.895	1.4314999973773956
COc1ncc(Cl)cc1NS(=O)(=O)c1ccccc1SC	1.0	1.0	1.056	2.337	1.6964999971389771
CCc1nc2nc(Cl)c(Cl)nc2n1Cc1ccccc1Br	1.0	1.0	1.135	2.629	1.8819999952316284
O=C(c1ccc(Cl)cc1)c1cccnc1-c1ccccc1	1.0	1.0	1.132	1.686	1.408999984741211
COc1ncc(F)nc1NS(=O)(=O)c1ccc(Cl)cc1	1.0	1.0	1.076	2.346	1.710999987602234
Nc1cccc(COC(=O)c2cccc(C(=O)c3ccccc3)c2)c1	1.0	0.0	0.76	1.795	1.2774999952316284
COc1ccc(NS(=O)(=O)c2ccc(C(C)(C)C)cc2)cc1	1.0	1.0	0.964	1.665	1.3144999933242798
Cc1nc(C(=O)N2CCCC2)c2ccccc2n1	1.0	1.0	1.007	1.966	1.486499984741211
Nc1nc2ncc(Cc3ccccc3)nc2n1CCc1ccccc1F	1.0	1.0	1.163	2.459	1.810999993801117
O=C(Nc1ccc(Cl)cc1)c1ccccc1O	1.0	1.0	0.975	1.41	1.192500011920929
COc1ncccc1C1CCCN(C(=O)Nc2ccccc2)C1	1.0	0.0	0.88	2.449	1.6644999976158141
O=C(c1ccccc1)N1CCC(c2ccc(F)cc2)CC1	1.0	1.0	0.972	1.618	1.2950000014305116
CCOC(=O)c1ccc(S(=O)(=O)Nc2ccc(F)cc2)cc1	1.0	1.0	0.901	1.616	1.2585000114440918
Cc1ccc(NC(=O)c2ccc(Cl)cc2)cc1	1.0	0.0	0.872	1.238	1.0549999895095825
O=C(Cc1ccnc2ccccc12)c1ccccc1	1.0	1.0	1.046	1.68	1.3630000019073485
Cc1ccc(S(=O)(=O)NCc2ccccc2)cc1	1.0	1.0	1.051	1.442	1.246499999523163
COc1ccc(C)cc1NS(=O)(=O)c1ccc(Cl)cc1	1.0	1.0	1.099	1.631	1.3649999885559083
CN(C)c1ccc(C(C)(C)c2ccccc2)cc1	1.0	1.0	0.977	1.761	1.3689999990463257
COc1ccc(NC(=O)Cc2ccccc2)cc1F	1.0	1.0	0.969	1.463	1.215999990940094
COc1ccc(C(=O)c2cnc(Cl)c(N)c2)cc1	1.0	1.0	1.079	2.007	1.5429999980926514
Cc1ccc(C(=O)Nc2ccc(C(F)(F)F)nc2N2CCCC2)cc1	1.0	0.0	0.833	2.08	1.4565000021457672
COc1ccccc1Oc1ccc(C(=O)Nc2ccc(C)cc2)cc1	1.0	0.0	0.798	1.534	1.1659999890327453
CC(=O)C(=Cc1ccccc1)Sc1c(Cl)cccc1Cl	1.0	1.0	1.011	2.437	1.724000018596649
CCCOc1ccc(C(=O)Nc2ccc(Cl)cc2)cc1	1.0	0.0	0.809	1.419	1.1140000076293946
Cc1cccc(OS(=O)(=O)c2ccc(C(=O)N3CCOCC3)cc2)c1	1.0	0.0	0.839	1.975	1.4069999933242798
O=S(=O)(CCO)Nc1ccc(Cl)cc1	1.0	0.0	0.841	1.901	1.3710000102519988
COc1ccc(C(=O)c2c(Br)c(C)nn2C)cc1	1.0	1.0	1.013	2.069	1.5410000057220459
Cc1c(C(C)(C)C)nc(S)n1Cc1ccccc1	1.0	1.0	1.111	2.53	1.8204999709129333
Cc1cc(NC(=O)c2ccc(C)c(NS(C)(=O)=O)c2)nc(C)n1	1.0	0.0	0.814	2.133	1.4735000052452087
O=C(c1ccccc1)c1ccncc1	1.0	1.0	0.942	1.495	1.2184999859333039
Cc1nc2ccc(F)cc2cc1C(=O)c1ccccc1	1.0	1.0	1.193	1.838	1.5154999794960022
Sc1nnc(Cc2ccccc2)n1Nc1ccc(Cl)cc1	1.0	1.0	1.02	2.306	1.6629999904632569
CC(=O)COc1ccc(F)cc1NS(=O)(=O)c1cccc(Cl)c1Cl	1.0	1.0	1.042	2.162	1.6020000276565551
O=S(=O)(c1ccc(Cl)cc1)c1cccc(Cl)c1	1.0	0.0	0.858	1.632	1.244999990224838
CCOC(=O)c1ccc(C(=O)Nc2nc(C)c(-c3cc(Cl)ccc3O)s2)cc1	1.0	0.0	0.723	2.175	1.4489999949932098
O=C(c1ccncc1)c1ccc(CCc2ccccc2)cc1	1.0	0.0	0.852	1.658	1.2549999990463256
O=S1(=O)NCc2ccccc2N1Cc1ccc(F)cc1Cl	1.0	1.0	1.039	2.629	1.8340000171661377
Cc1ccc(CN(C)C(=O)Cc2ccccc2)cc1	1.0	1.0	0.995	1.515	1.2550000023841856
CC(=O)Nc1ccccc1C(=O)Nc1ccc(Cl)cc1N1CCCC1	1.0	0.0	0.801	1.873	1.336999999523163
O=S(=O)(c1ccc(C(F)(F)F)cc1)c1ccc(Cl)cc1Cl	1.0	0.0	0.867	1.956	1.4114999918937683
CCOc1ccc(S(=O)(=O)NCc2ccccc2)cc1	1.0	1.0	0.928	1.526	1.2269999866485595
CCOc1ccc(Cn2c(=O)oc3ccccc32)cc1	1.0	1.0	1.046	1.79	1.4180000019073487
O=C(c1ccccc1)N1CCCc2ccccc21	1.0	1.0	1.124	1.59	1.3569999766349792
CC(=O)C1=C(O)C(=O)N(c2ccc(C)cc2)C1C	1.0	1.0	1.46	2.7	2.0800000190734864
COc1ncc(F)nc1NS(=O)(=O)c1cccc(Cl)c1Cl	1.0	1.0	1.016	2.58	1.7980000162124634
Cc1ccc(C(=O)c2cc(Cl)ccc2NS(=O)(=O)c2ccc(Cl)c(Cl)c2)cn1	1.0	1.0	0.963	2.16	1.5614999997615815
COc1ccc(S(=O)(=O)Nc2ccc(Cl)cc2)cc1	1.0	1.0	0.954	1.475	1.2144999980926514
COc1ccccc1N1C(=O)SC(Oc2ccccc2)C1=O	1.0	1.0	0.935	2.803	1.8690000011920929
COc1ccc2nc(Cl)n3cc(Cc4ccc(Cl)cc4)cc3c2c1	1.0	1.0	0.972	2.371	1.6715000014305115
Cc1ccc(S(=O)(=O)Nc2ccc(Cl)cc2C(=O)c2cccc(C)c2)cc1	1.0	1.0	1.084	1.888	1.4859999957084655
Cc1ccc(C(=O)c2cc(Cl)ccc2NS(=O)(=O)c2ccc(Cl)cc2)cn1	1.0	1.0	1.036	2.047	1.5415000066757203
COc1ccc(C(=O)c2ccc(Cl)cc2Cl)cc1C	1.0	1.0	1.103	1.701	1.4020000224113465
CC(=CC=C(O)C(=O)O)C(=O)c1ccc(O)cc1	1.0	1.0	0.906	2.669	1.787500009059906
CCCCc1ccc(OC2OC(CO)C(O)C2O)cc1	1.0	1.0	0.971	3.058	2.014500007867813
c1ccc(Cc2cncc(CN3CCCCCC3)c2)cc1	1.0	1.0	0.913	1.848	1.3804999938011169
Cc1ccc(S(=O)(=O)NCc2ccc(Cl)cc2)cc1	1.0	1.0	1.038	1.543	1.290499993801117
O=S(=O)(Nc1cc(Cl)c(Cl)cc1On1ccnc1)c1ccc(Cl)c(O)c1	1.0	1.0	1.091	2.82	1.9554999804496764
COc1cc(F)cc(C(=O)c2ccccc2)c1N	1.0	1.0	1.065	1.886	1.4755000286102296
c1ccc(CCN2C3CCC2CC3)cc1	1.0	1.0	0.946	2.604	1.7749999899864197
CNC(=O)C(=O)c1cccc(O)c1	1.0	0.0	0.779	2.127	1.4529999921321868
O=S(=O)(Nc1cc(Cl)cc(Cl)c1)c1cc(F)c(F)cc1Cl	1.0	1.0	1.032	2.139	1.5854999728202819
CS(=O)(=O)c1ccc(C(=O)c2ccc(Cl)cc2)cc1	1.0	1.0	0.991	1.573	1.28199999833107
COc1ccc(OCC(=O)Nc2ccc(S(=O)(=O)Nc3ccccn3)cc2)cc1	1.0	0.0	0.619	1.887	1.2530000088214874
CS(=O)(=O)Nc1ccc(C(=O)Nc2ccc(C(=O)O)cc2)cc1	1.0	0.0	0.719	1.644	1.181499990940094
O=C(Nc1ccc(Cl)c(Cl)c1)c1cccc(O)c1	1.0	1.0	0.983	1.586	1.2844999902248384
Cc1ccc(NC(=O)c2cccc(Cl)c2Cl)cc1	1.0	0.0	0.888	1.523	1.2055000057220457
Cc1ccc(S(=O)(=O)NC2=C(c3ccccc3)C(=O)CC2=O)cc1	1.0	1.0	1.007	2.312	1.6594999847412109
COc1ncncc1NCc1cccc(Cl)c1NS(=O)(=O)c1ccc(F)cc1	1.0	1.0	0.921	2.436	1.6785000019073486
O=c1ccc(-c2ccc(C(F)(F)F)cc2)c2ccc(O)cc2n1	1.0	1.0	0.981	2.231	1.6060000030994415
CCOCC(=O)Nc1cc(Cl)ccc1Oc1ccccc1	1.0	1.0	0.927	1.733	1.3299999930858613
Cc1ccc(N2C(=O)CC(C)(C)CC2=O)cc1	1.0	1.0	1.091	2.062	1.5764999804496764
CC(=O)c1ccc(Oc2nc3cc(Cl)ccc3n3c(=O)c(C)nc-3c2O)cc1	1.0	1.0	1.032	2.584	1.807999972820282
Cc1cccc(Sc2ccc(Cl)cc2NS(=O)(=O)c2ccccc2)c1	1.0	1.0	1.169	2.004	1.586500014781952
Cc1ccccc1NS(=O)(=O)c1ccc(Cl)cc1	1.0	1.0	1.055	1.499	1.2769999737739564
O=C(OCCN1CCCCC1)C1CCCN(c2cccc(CCO)c2)C1	1.0	0.0	0.794	2.63	1.7120000147819519
Cc1cccc(-n2c(=O)[nH]c3ccccc3c2=O)c1N	1.0	1.0	0.979	2.168	1.5734999861717225
CCCOc1ccc(S(=O)(=O)NC)cc1	1.0	0.0	0.754	1.653	1.2035000040531159
COc1ccccc1NS(=O)(=O)c1cccc(Cl)c1C	1.0	1.0	1.13	1.763	1.4464999976158142
Cc1nc2c(cnn2CCO)c(=O)n1-c1cccs1	1.0	1.0	0.967	2.714	1.8405000038146972
Cc1ccc(S(=O)(=O)Nc2ccc(Cl)cc2Cl)s1	1.0	1.0	1.041	2.018	1.5295000042915343
O=C(NCCSc1ccccc1)c1ccc(Cl)c(Cl)c1	1.0	0.0	0.837	1.741	1.289000006198883
COc1ncc(Cl)cc1NS(=O)(=O)c1ccc(NC(C)=O)cc1	1.0	1.0	0.938	2.037	1.4875000116825103
CC(=O)c1ccc(S(=O)(=O)Oc2cccc(C)c2)cc1	1.0	1.0	0.978	1.79	1.383999992609024
O=c1c2ccccc2nc(SCc2cccc(Cl)c2)n1Cc1ccccc1	1.0	1.0	0.988	1.854	1.4209999878406525
O=C(c1ccc(Cl)nc1)N1CCCCC1	1.0	1.0	0.991	1.8	1.3954999983310699
COc1cccc(CNC(=O)c2nc(-c3ccc(Cl)cc3)n(Cc3ccccc3)n2)c1	1.0	0.0	0.0	2.111	1.0555
Cc1ccc(C(=O)c2cc(Cl)ccc2NS(=O)(=O)c2ccc(F)cc2)cc1	1.0	1.0	1.076	1.849	1.462499987602234
CC(=O)c1cccc(NC(=O)c2ccc(Cl)cc2)c1	1.0	0.0	0.852	1.429	1.1404999990463258
C#Cc1cccc(C(=O)Nc2ccc(Cl)cc2)c1	1.0	0.0	0.816	1.719	1.2674999923706056
O=S(=O)(NCc1ccc(Cl)cc1)c1ccc(Cl)cc1	1.0	1.0	1.039	1.562	1.3005000171661378
CCOC(=O)CSc1nnc(-c2ccccc2)c(C)n1	1.0	1.0	0.94	2.149	1.5444999988079071
COc1ccc(NS(=O)(=O)c2ccc(NC(=O)c3ccccc3)cc2)cc1	1.0	0.0	0.732	1.602	1.16699999666214
O=C(O)c1ccccc1NS(=O)(=O)c1ccccc1	1.0	1.0	1.006	1.538	1.272000020980835
O=C(c1cccc(Cl)c1)N1CCCc2ccc(Oc3ccccc3)cc21	1.0	0.0	0.871	1.94	1.4054999959468841
O=C(c1ccccc1[O-])c1cc(Cl)ccc1Cl	1.0	1.0	0.977	2.386	1.6814999990463257
N#Cc1cc(F)ccc1Oc1ccccc1C(=O)O	1.0	1.0	1.2	1.9	1.5500000238418579
COc1ccc(N(C(=O)Nc2cnc(C)cn2)c2ccc(Cl)cc2)cc1	1.0	1.0	0.939	2.238	1.5885000052452087
O=S(=O)(Nc1cc(Cl)ccc1Cn1cnnn1)c1ccc(Cl)c(Cl)c1	1.0	1.0	1.239	2.371	1.8049999814033508
COc1ccccc1C(=O)Nc1ccc(Oc2ccccc2)cc1	1.0	0.0	0.841	1.495	1.168000010251999
Cc1ccc(CNC(=O)c2ccccc2)cc1	1.0	1.0	0.953	1.238	1.095500004529953
CC(=O)c1ccc(F)c(F)c1NS(=O)(=O)c1ccc(Cl)cc1	1.0	1.0	1.096	2.101	1.5984999780654907
O=C(O)CN(Cc1cccc(OCc2ccc(C(=O)O)cc2)c1)CC(O)c1ccccc1	1.0	0.0	0.0	2.556	1.278
[NH-]c1cc(Cl)ccc1Oc1ccc(Cl)cc1C(=O)c1ccncc1	1.0	1.0	0.973	2.628	1.80049999499321
COc1cccc(Sc2ccc(Sc3ccccc3)cc2)c1OS(=O)(=O)c1ccccc1	1.0	0.0	0.0	2.336	1.168
CSc1nnc(C)n1Cc1ccc(Cl)cc1Cl	1.0	1.0	1.01	2.173	1.5914999952316284
CC(C)(C)c1ccc(S(=O)(=O)Nc2ccc(Cl)cc2C(=O)c2cccc(Cl)c2)cc1	1.0	1.0	0.914	2.067	1.4904999873638154
Cc1ccc(C(=O)NCCNC(=O)c2ccccc2)cc1	1.0	0.0	0.84	1.45	1.1449999868869782
COc1ccc(CC(=O)NCc2c(C)nc(O)c(C#N)c2[N+](=O)[O-])cc1Cl	1.0	0.0	0.826	2.701	1.763499987602234
COC(=O)c1ccc(S(=O)(=O)Nc2ccccc2Cl)cc1C	1.0	1.0	0.917	1.817	1.3669999978542329
CC(CS)C(=O)Oc1ccc(Cl)cc1Cl	1.0	1.0	0.908	2.666	1.7869999961853027
Nc1cc(Cl)ccc1S(=O)(=O)Nc1c(Cl)cccc1C(O)c1ccccc1	1.0	1.0	0.943	2.704	1.8235000092983247
COc1ccc(Cl)cc1NS(=O)(=O)c1ccc(Cl)cc1	1.0	1.0	1.174	1.642	1.408000012397766
CC(=O)c1ccc(SC(=O)NCc2ccccc2)cc1	1.0	1.0	0.926	1.978	1.4519999995231627
COc1ccc(S(=O)(=O)Nc2ccc(Br)cc2)cc1	1.0	1.0	0.934	1.545	1.2395000076293945
Cc1ccc(C(=O)NCC(=O)O)cc1	1.0	1.0	0.915	1.418	1.1665000107288361
CCC(=O)Nc1ccc(S(=O)(=O)Nc2cc(Cl)ccc2N)cc1	1.0	1.0	0.948	1.893	1.4205000069141387
COc1ccc(C(=O)Nc2ccc(F)c(Cl)c2)cc1	1.0	1.0	0.931	1.449	1.189999997138977
COc1cc(Cl)ccc1C(=O)Nc1ccc(O)cc1C	1.0	1.0	0.972	1.734	1.3530000014305115
Cc1cc(C(=O)C(=O)c2ccccc2)c(C)n1N	1.0	1.0	1.082	2.342	1.7120000085830689
Nc1ncc(Cc2ccc(Cl)cc2)c(N)n1	1.0	1.0	1.205	2.02	1.6125000214576721
Cc1ccccc1C(=O)NCc1ccc(Cl)c(Cl)c1NS(=O)(=O)c1ccc(Cl)cc1	1.0	0.0	0.797	2.173	1.484999995470047
Cc1cccc(NS(=O)(=O)c2cc(Cl)ccc2Cl)c1N	1.0	1.0	1.073	2.05	1.5614999771118163
CSc1ccccc1C(=O)N1CCCC1	1.0	1.0	0.96	1.755	1.3574999892711639
CC(=O)c1ccc(S(=O)(=O)Nc2ccc(C)c(C)c2)cc1Cl	1.0	1.0	0.939	1.893	1.4160000052452086
Cc1ccccc1Cc1ccc2nccc(N)c2c1	1.0	1.0	1.104	1.936	1.5199999861717224
O=C(c1ccncc1)c1ccc(-c2ccccc2)cc1	1.0	1.0	0.954	1.561	1.2574999980926513
COc1ccc(N2C(=O)c3ccc(C)cc3C2=O)cc1	1.0	1.0	1.038	1.704	1.3709999938011168
O=C(Nc1cccc(Cl)c1)c1cccnc1NCCc1ccccc1	1.0	1.0	0.912	1.799	1.3555000002384185
O=S(=O)(Nc1cc(Cl)ccc1Cn1ccnn1)c1ccccc1	1.0	1.0	1.183	2.214	1.6984999842643738
COc1ccc(Cc2cccc(C(=O)c3ccc(F)cc3)c2)cc1	1.0	1.0	0.941	1.655	1.2979999923706056
CC(C)(C)c1ccc(S(=O)(=O)NCc2ccc(C(=O)O)cc2)cc1	1.0	0.0	0.769	1.807	1.2879999969005584
Nc1ccc(Oc2ccccc2)cc1	1.0	1.0	1.003	1.368	1.1855000104904176
CC(=O)c1ccccc1NC(=O)c1ccccc1	1.0	0.0	0.88	1.366	1.1229999976158143
O=C(CCc1ccc(C(=O)c2ccccc2)cc1)NO	1.0	1.0	0.905	1.667	1.2859999856948852
COC(=O)c1cc(C)nc(N2CCC(N)CC2)c1N	1.0	1.0	0.995	2.421	1.7080000023841857
O=C(CCC(=O)c1ccc(Cl)cc1)NCCc1ccccc1	1.0	1.0	0.901	1.597	1.2490000114440918
O=S(=O)(Nc1ccc(Cl)cc1)c1cccnc1	1.0	1.0	0.953	1.699	1.326000004529953
O=S(=O)(Nc1cc(Cl)cc(Cl)c1Oc1ccccc1)c1ccc(Cl)cc1	1.0	1.0	1.125	1.953	1.5390000000000001
COc1ccc(NC(=O)c2cccc(F)c2)cc1	1.0	0.0	0.838	1.346	1.0919999997615815
Cc1ccc(C(=O)Nc2ccc(N(C)C)cc2)cc1	1.0	0.0	0.852	1.455	1.1534999990463257
Cc1ccc(F)c(Sc2ccc(CN3CCCCC3)cc2)c1	1.0	0.0	0.819	1.951	1.385000002861023
O=C(O)c1ccc(S(=O)(=O)Nc2ccccc2C(=O)c2ccncc2)cc1	1.0	0.0	0.892	1.947	1.4195000097751618
N=C(N)NC(=O)c1ccc(NS(=O)(=O)c2cccc(C(=O)O)c2)cc1	1.0	0.0	0.743	2.107	1.4249999854564668
CSc1ccc(Cl)c(NS(=O)(=O)c2ccc(Cl)cc2)c1	1.0	1.0	1.018	1.918	1.4680000033378602
O=C(c1ccccc1)C1CCCCC1	1.0	1.0	1.002	1.497	1.2494999871253967
Cc1ccc(NC(=O)c2cc(Cl)cc(Cl)c2)cc1	1.0	0.0	0.847	1.54	1.1935000014305115
O=C(O)c1ccccc1C(=O)c1ccccc1	1.0	1.0	0.908	1.417	1.1624999961853026
Cc1nccc(NCc2ccc(C(C)(C)C)cc2)c1Cl	1.0	0.0	0.899	2.119	1.5089999945163728
O=C(NCc1ccccc1)c1ccc(Cl)cc1NS(=O)(=O)c1ccc(Cl)cc1	1.0	1.0	1.012	1.811	1.4114999823570251
Cc1ccc(C(=O)c2cc(Cl)ccc2Cl)c(Oc2cccc(Cl)c2)c1	1.0	1.0	1.123	1.964	1.5435000128746033
O=C(Nc1ccc(Cl)cc1)c1cnccn1	1.0	1.0	1.003	1.691	1.3470000104904174
O=C(c1ccc(Cl)nc1)N1CCN(S(=O)(=O)c2ccc(Cl)c(Cl)c2)CC1	1.0	0.0	0.819	2.09	1.4545000028610229
O=S(=O)(Nc1cc(Cl)ccc1Cn1cccn1)c1cc(Cl)c(Cl)c(Cl)c1	1.0	1.0	1.206	2.441	1.823499985218048
O=C(C1CCCN(C2CCCc3ccccc32)C1)N1Cc2ccccc21	1.0	1.0	0.909	2.992	1.950499989748001
Cc1ccc(C(=O)c2ccccc2)cc1C	1.0	1.0	1.0	1.385	1.1925
O=C(c1cccnc1)N1CCc2cc(C(F)(F)F)cc(C(F)(F)F)c21	1.0	0.0	0.89	2.532	1.7109999928474426
O=C(c1ccccc1)c1cc(F)ccc1NS(=O)(=O)c1ccccc1	1.0	1.0	1.093	1.746	1.419500027179718
Cc1c(N)cncc1C(=O)c1ccc(F)cc1	1.0	1.0	1.037	2.117	1.5769999704360962
O=S(=O)(Nc1ncccn1)c1ccc(Cl)cc1[S+](F)(F)F	1.0	1.0	1.039	3.338	2.1885000171661377
O=C(COc1ccccc1)Nc1ccc(Cl)cc1C(=O)O	1.0	1.0	0.935	1.583	1.259000001192093
CCOc1cccnc1NS(=O)(=O)c1ccc(Cl)s1	1.0	1.0	1.174	2.247	1.710500012397766
Cc1ccc(CNC(=O)c2cc(C(=O)O)ccc2Cl)cc1	1.0	0.0	0.857	1.615	1.23599999666214
CCCOc1ccc(C(=O)Nc2ccc(Cl)cc2Cl)cc1	1.0	0.0	0.773	1.578	1.1755000009536745
COc1cccc(NC(=O)c2cccc(Oc3ccc(C)cc3)c2)c1	1.0	0.0	0.797	1.597	1.196999995470047
O=C(c1ccncc1)c1ccc2ccccc2c1Oc1ccc(F)cc1Cl	1.0	1.0	1.021	2.135	1.5780000138282775
Cc1ccc(CNC(=O)c2ccc(Cl)cc2)cc1	1.0	1.0	0.956	1.329	1.142499985218048
Cc1cccc(S(=O)(=O)Nc2ccccc2)c1	1.0	1.0	0.984	1.472	1.228000013589859
Cc1nc(N)ccc1NS(=O)(=O)c1ccc(Cl)cc1	1.0	1.0	1.127	1.995	1.5609999871253968
Cc1ccc(OCC(=O)N2CCN(c3ccccc3)CC2)cc1	1.0	0.0	0.884	1.621	1.25250000166893
Cc1ccc(C(=O)CCC(=O)NCc2ccccc2)cc1	1.0	1.0	1.083	1.522	1.302499972343445
O=c1cc(OCCc2ccccc2)ccn1Cc1ccccc1	1.0	1.0	0.958	1.798	1.3780000021457672
Cc1ccc(C(=O)Cc2cccc(C(=O)c3ccc(C#N)cc3)c2)cc1	1.0	0.0	0.779	1.887	1.332999992132187
Cc1ccccc1C(=O)c1ccc(Cl)c(Cl)c1	1.0	1.0	1.015	1.58	1.2974999928474427
O=C(c1ccccc1)c1cccc(Oc2ccccc2C(F)(F)F)c1Cl	1.0	0.0	0.897	2.026	1.4615000073909759
CCN1CCN(C(=O)c2ccc(C)c(N)c2)CC1	1.0	1.0	0.97	1.823	1.3965000143051147
O=C(c1cccnc1)c1ccc(O)c(F)c1Nc1ccc(Cl)c(Cl)c1	1.0	1.0	0.923	2.307	1.6149999890327453
O=C(O)c1cccc(Oc2ccccc2C(=O)O)c1	1.0	1.0	0.916	1.619	1.2675000042915343
Cc1ccc(S(=O)(=O)Nc2cc(C)cc(F)c2)cc1	1.0	1.0	1.0	1.767	1.3835
CC(=O)C1=C(O)C(=O)N(c2ccccc2)C1C	1.0	1.0	1.441	2.653	2.0469999923706057
Clc1ccc(CNCCc2ccccc2)cc1	1.0	0.0	0.89	1.393	1.1414999928474425
Cc1ccc(CN2C(=O)c3ccccc3C2(O)c2cccc(F)c2)cc1	1.0	1.0	1.099	2.635	1.866999988555908
Cc1ncc(C)n2nc(CCc3ccc(Cl)cc3)nc12	1.0	1.0	1.133	2.379	1.7560000081062317
CC(=O)c1ccc(OCC(=O)Nc2ccc(C)cc2)cc1	1.0	0.0	0.846	1.485	1.1655000078678133
COc1ccccc1C(=O)c1ccc(Oc2ccc(Cl)cc2)cc1	1.0	0.0	0.865	1.617	1.2410000047683716
COc1ccc(Cl)cc1NS(=O)(=O)c1ccc(C)cc1C	1.0	1.0	1.169	1.802	1.485500014781952
Cc1ccc(NC(=O)COc2ccc(Cl)cc2)cc1	1.0	1.0	0.901	1.379	1.1400000114440918
COc1ccncc1NS(=O)(=O)c1ccc(C)cc1C	1.0	1.0	1.101	1.998	1.549499975681305
O=S(=O)(c1ccc(Cl)cc1)c1ccc(Cl)cc1	1.0	0.0	0.844	1.487	1.165499990940094
O=C1c2ccccc2CCN1C(=O)C1CCCCN1	1.0	1.0	1.092	2.755	1.9235000038146972
Nc1ncc(Cl)nc1NNc1ccc(F)cc1	1.0	1.0	1.028	2.467	1.7474999985694886
COc1ccn(C(C)c2ccccc2)n1	1.0	1.0	1.038	2.689	1.863499993801117
Cc1ccc(NC(=O)c2cccc(O)c2)cc1	1.0	1.0	0.985	1.417	1.2010000071525573
CCc1nc(C)c(C(C)=O)c(O)n1	1.0	0.0	0.863	2.593	1.7279999878406525
Cc1ccc(S(=O)(=O)c2nc(C)c(Cc3cccc(Cl)c3)s2)cc1	1.0	0.0	0.851	2.355	1.6030000054836273
Cc1cccc(C)c1NC(=O)c1ccc(Cl)cc1NS(=O)(=O)c1ccc(Cl)cc1N	1.0	1.0	1.017	2.168	1.5924999799728394
Cc1ccc(C(=O)NCCc2ccccc2)cn1	1.0	1.0	0.99	1.574	1.2820000047683715
CCc1ccc(Oc2c(C)cccc2C(=O)Nc2ccccc2)cc1	1.0	1.0	0.951	1.724	1.337499987602234
CCc1nc2nc(C)n(CC)c(C)c-2c1-c1cc(Cl)ccc1Oc1ccc(F)cc1Oc1ccccc1	1.0	0.0	0.0	2.776	1.388
CCC1Oc2cc(Cl)ccc2N1C(=O)c1cc(Cl)cc(Cl)c1	1.0	1.0	1.155	2.983	2.0689999856948855
CCCCC(=O)Nc1ccc(Cc2ccncc2)cc1	1.0	0.0	0.892	1.704	1.2980000097751616
Cc1cc2nnc(O)n2c2ccccc12	1.0	0.0	0.829	2.459	1.6439999980926514
O=C(Cc1ccncc1)c1cc(F)c(Cl)cc1NS(=O)(=O)c1ccc(F)cc1	1.0	1.0	1.089	2.239	1.6639999933242797
O=C(c1ccccc1)c1ccccn1	1.0	1.0	0.935	1.525	1.2300000011920929
Cc1ccc(S(=O)(=O)NCCCc2cccc(Cl)c2)cc1	1.0	1.0	1.073	1.714	1.3934999771118164
Cc1ccc(Oc2ccc(Cl)cc2Cl)c(O)n1	1.0	1.0	1.011	2.223	1.617000018596649
CC1CCCCC1C(=O)N(c1ccccc1)C(C)C	1.0	1.0	1.172	2.864	2.0180000252723693
CCOC(=O)c1ccc(Oc2nc(Cl)cnc2NS(=O)(=O)c2ccccc2)cc1	1.0	0.0	0.899	2.257	1.5779999945163727
Nc1ccc(NC(=O)c2ccc(F)cc2)cc1	1.0	0.0	0.843	1.401	1.1219999973773955
CCOc1ccc(C(=O)Nc2ccc(C)cc2)cc1	1.0	1.0	0.912	1.324	1.1180000002384185
c1ccc(COc2cccc(-c3ccncc3)n2)cc1	1.0	1.0	1.053	1.823	1.4379999866485595
CC(=O)c1ccc(S(=O)(=O)N2CCOCC2)cc1	1.0	1.0	0.955	1.745	1.3499999916553498
CC(C)(O)c1ccc(C(=O)Nc2ccc(Cl)cc2)cc1	1.0	1.0	0.928	1.645	1.2864999866485596
COc1cccc(F)c1C(=O)NCc1ccccc1	1.0	1.0	1.004	1.572	1.2879999742507935
Cc1ccc(CN2C(=O)c3ccccc3C2(O)c2ccccc2)cc1	1.0	1.0	1.109	2.519	1.8139999837875367
CC(=O)c1ccc(S(=O)(=O)NC(=O)CCc2ccncc2)cc1	1.0	0.0	0.887	1.973	1.4300000121593475
CCC(=O)c1ccc(OC)c(NS(=O)(=O)c2ccc(Cl)cc2)c1	1.0	1.0	0.983	1.835	1.4089999902248382
COc1ccc(N2C(=O)c3ccc(C)cc3C2c2ccc(C)cc2)cc1	1.0	1.0	1.418	2.391	1.9044999914169312
COc1nc(Cl)c(CC(=O)O)cc1-c1ccccc1	1.0	1.0	1.02	2.122	1.5709999904632568
Cc1ccc(N2C(=O)CC(C)(c3ccccc3)C2=O)cc1	1.0	1.0	1.056	2.526	1.790999997138977
Cc1cccc(C(=O)Nc2ccc(C(=O)c3ccccc3)cc2)c1	1.0	0.0	0.789	1.51	1.1494999873638152
Cc1ncnc(C)c1C(=O)N1CCCC1	1.0	1.0	0.986	2.107	1.5465000007152558
COc1ccc(C(=O)OC(=O)c2ccccc2)cc1	1.0	1.0	1.028	1.56	1.2939999985694886
O=S(=O)(Cc1ccc(Cl)cc1)c1ccc2ccccc2c1	1.0	1.0	0.976	1.721	1.3485000054836274
Cc1ccc(C(=O)Nc2cc(Cl)cc(Cl)c2)cc1	1.0	0.0	0.854	1.536	1.1949999861717224
Cc1cccc(NS(=O)(=O)c2ccc(Cl)cc2)c1	1.0	1.0	1.006	1.528	1.267000020980835
O=C(c1ccccc1)c1ccccc1	1.0	1.0	0.922	1.154	1.037999995470047
CCC(C)CN1C(=O)c2ccccc2NC1c1ccccc1C	1.0	1.0	1.045	3.007	2.0259999785423277
COc1cc(C(=O)NS(=O)(=O)c2ccccc2)ccc1C	1.0	1.0	0.901	1.7	1.3005000114440919
COc1ccc(C(=O)Nc2ccc(Cl)cc2)cc1	1.0	1.0	0.917	1.262	1.0894999978542328
O=C(c1ccccn1)N1CCN(c2ccc(F)cc2)C1=O	1.0	1.0	0.963	2.139	1.5509999997615813
COc1ccc(Cl)c2nc(N)nc(O)c12	1.0	0.0	0.876	2.474	1.6749999935626985
Cc1ccc(NS(=O)(=O)c2ccc(C)cc2C)c(C)c1	1.0	1.0	1.063	1.765	1.4139999818801878
O=C(NCc1cccs1)c1ccc(CN2CCCCC2)cc1	1.0	0.0	0.808	1.776	1.292000014066696
CC1Cc2ccccc2CN1S(=O)(=O)c1ccc(C(=O)NCc2ccccc2)cc1	1.0	0.0	0.745	2.471	1.6080000023841858
Cc1cc(C(=O)c2ccccc2)c(CN)cc1Cl	1.0	1.0	0.974	1.945	1.4594999885559083
Nc1ccccc1	1.0	0.0	0.654	1.263	0.9584999921321868
COc1ccc(NC(=O)CCc2ccccc2)cc1OC	1.0	0.0	0.867	1.462	1.1644999918937682
COc1ncc(F)nc1NS(=O)(=O)c1ccc(C)cc1	1.0	1.0	1.076	2.328	1.7019999876022338
COc1cccc(NC(=O)c2ccccc2)c1	1.0	0.0	0.867	1.238	1.0524999918937683
Cc1cccc(C(=O)Nc2ccc(C(=O)c3ccccc3)cc2)c1C	1.0	0.0	0.772	1.611	1.1915000073909758
Cc1ccc(S(=O)(=O)NCCCc2ccccc2)cc1	1.0	1.0	1.083	1.559	1.320999972343445
COC(=O)c1ccc(C(=O)Nc2cc(C)ccc2C(=O)O)cc1	1.0	0.0	0.783	1.65	1.2164999961853027
O=S(=O)(Nc1cc(Cl)ccc1Cl)c1ccc(F)cc1Cl	1.0	1.0	1.075	1.897	1.486000023841858
Cc1ccc(S(=O)(=O)Nc2cccc(Br)c2)cc1	1.0	1.0	0.957	1.604	1.280500008583069
O=S(=O)(Nc1cc(Cl)ccc1Nc1ccc(Cl)c(Cl)c1)c1ccccn1	1.0	1.0	0.988	2.187	1.5874999878406524
CC(=O)C1=C(O)C(=O)N(c2ccc(Cl)c(Cl)c2)C1C	1.0	1.0	1.436	2.855	2.1454999947547915
COc1ccc(S(=O)(=O)Nc2ccc(Cl)c(Cl)c2NS(=O)(=O)c2ccccc2)cc1	1.0	1.0	0.957	2.14	1.548500008583069
Cc1ccc(OS(=O)(=O)c2cc(C)ccc2F)cc1	1.0	1.0	1.055	1.855	1.4549999737739563
Cc1ccc(C(=O)CCC(=O)NCc2ccc(Cl)cc2)cc1C	1.0	1.0	1.066	1.72	1.3929999923706053
Cc1nc2cccc(-c3cc4cc(O)ccc4o3)c2n1Cl	1.0	1.0	1.038	2.764	1.9009999938011168
CCOc1ccc2nc(-c3ccccc3Oc3ccccc3)oc2c1	1.0	1.0	0.98	1.915	1.4475000095367432
Cc1ccccc1C(=O)Nc1ccc(C(=O)Nc2ccccc2N)cc1	1.0	0.0	0.687	1.645	1.1659999883174896
COc1ncc(Cl)cc1C(=O)c1ccc(Cl)cc1NS(=O)(=O)c1ccc(F)cc1	1.0	1.0	1.007	2.27	1.638499984741211
COc1cc(N)ccc1Cc1cc(Cl)ccc1NS(=O)(=O)c1ccc(C(C)(C)C)cc1	1.0	0.0	0.0	2.271	1.1355
CCN(Cc1cc(C)cn(C)c1=O)C(=O)c1ccccc1	1.0	1.0	1.049	2.141	1.5950000123977661
NS(=O)(=O)c1ccc(C(=O)Nc2cccc(Cl)c2)cc1	1.0	0.0	0.823	1.578	1.200500006914139
c1ccc(CSc2ccc(Cc3cccnc3)cc2)cc1	1.0	0.0	0.887	1.755	1.3210000121593475
COc1cc(F)ccc1C(=O)N1CCCCC1	1.0	1.0	0.973	1.67	1.3214999949932098
Cc1c(Cl)cccc1NC(=O)CN1C(=O)c2ccccc21	1.0	1.0	0.945	1.777	1.3609999964237214
COc1ccc(S(=O)(=O)Nc2ccc(C)cc2C(=O)O)cc1	1.0	1.0	0.944	1.715	1.3295000028610229
Cc1ccc(C)c(S(=O)(=O)Nc2ccc3c(ccc4ccccc43)c2)c1	1.0	0.0	0.87	1.907	1.3885000023841858
O=S(=O)(Nc1cc(Cl)ccc1Cn1ccnn1)c1cccc(Cl)c1	1.0	1.0	1.21	2.326	1.7680000190734864
Cc1cccc(N2C(=O)c3ccccc3C2(O)c2ccccn2)c1	1.0	1.0	1.297	2.831	2.064000025272369
Cc1cccc(Cc2ccc(C)o2)c1	1.0	1.0	0.917	1.826	1.3714999978542328
COc1cc(F)cc(C(=O)Nc2ccc(Cl)cn2)c1	1.0	0.0	0.86	1.882	1.3710000071525572
CC(C)C(=O)Nc1cc(Cl)ccc1NS(=O)(=O)c1ccc(Cl)cc1	1.0	1.0	1.076	1.89	1.4829999876022337
CC(=O)C1=C(O)C(=O)N(c2ccc(Cl)cc2)C1C	1.0	1.0	1.461	2.72	2.0904999828338626
O=S(=O)(Nc1cc(Cl)ccc1Cn1cccn1)c1cccc(Cl)c1	1.0	1.0	1.21	2.162	1.6860000190734863
Cc1cccc(NS(=O)(=O)c2ccc(Cl)c(Cl)c2)c1	1.0	1.0	0.991	1.688	1.3394999983310698
Cc1ccc(C(=O)C(=O)c2ccccc2)cc1	1.0	1.0	1.099	1.52	1.3094999885559082
COc1cccc2cc(CNCc3ccccc3)c(C)cc12	1.0	1.0	0.908	1.825	1.3664999961853028
CCOc1ccc(C(=O)Nc2ccc(NS(=O)(=O)c3ccc(C)cc3)cc2)cc1	1.0	0.0	0.682	1.72	1.2009999907016753
Cc1ccc(C)c(NC(=O)CCc2ccc(Cl)cc2)c1O	1.0	1.0	0.919	1.885	1.4020000147819518
O=S(=O)(Nc1ccccc1)c1ccccc1F	1.0	1.0	1.016	1.506	1.2610000162124635
O=C(C1CCC(=O)N1C1CCCCC1)N1CCCC1	1.0	1.0	1.262	2.688	1.9749999823570252
O=C(C1CCC(=O)N1Cc1ccc(Cl)cc1)N1CCCCCC1	1.0	1.0	1.21	2.495	1.8525000190734864
COC(=O)c1ccc(S(=O)(=O)N2CCCC(C)C2)cc1	1.0	1.0	0.916	2.224	1.5700000042915345
Cc1cccc(Cl)c1NS(=O)(=O)c1ccc(Cl)cc1	1.0	1.0	1.04	1.734	1.3869999809265137
Cc1ccccc1C(=O)Nc1cc(Cl)ccc1C#N	1.0	0.0	0.834	1.743	1.2884999957084657
O=C(NCc1ccccc1)c1ccncc1	1.0	1.0	1.024	1.439	1.231500024318695
O=C(c1ccncc1)c1ccccn1	1.0	1.0	0.959	1.866	1.4124999957084656
Cc1cc(C(=O)c2ccc(F)cc2)c2ccccc2n1	1.0	1.0	1.12	1.709	1.4145000023841858
Cc1ccc(C(=O)NCC(=O)c2ccccc2)cc1	1.0	1.0	1.14	1.478	1.3089999928474425
Cc1ccc(C(=O)c2c(Cl)cccc2N(C)C)c(N)c1N	1.0	1.0	0.971	2.449	1.710000007867813
Cc1ccc(S(=O)(=O)NCCCCc2ccccc2)cc1	1.0	0.0	0.891	1.598	1.244499986410141
O=C(c1ccccc1)C1CCCC1	1.0	1.0	1.032	1.475	1.253499972820282
CC(=O)c1ccc(Sc2ccccc2)c(C(=O)O)c1	1.0	1.0	0.972	1.891	1.4315000014305115
Cc1nccc(-c2ccc(Cl)cc2)n1	1.0	1.0	0.94	1.733	1.3364999988079072
Cc1cccc(S(=O)(=O)Nc2ccc(Cl)cc2C(=O)c2ccccc2)c1	1.0	1.0	1.079	1.843	1.4609999980926514
CC(=O)C1=C(O)C(=O)N(c2cc(Cl)ccc2C)C1N1CCCCC1	1.0	1.0	1.528	2.978	2.2529999985694884
Cc1ccc(S(=O)(=O)NCC(=O)Nc2cccc(C)n2)cc1	1.0	1.0	1.002	1.927	1.4644999871253968
O=S(=O)(Nc1cc(Cl)ccc1N1CCCCC1)c1cccc(F)c1	1.0	1.0	1.133	1.946	1.5395000081062316
Cc1ccc(NS(=O)(=O)c2ccc(C)cc2)cc1	1.0	1.0	1.002	1.442	1.2219999871253968
COc1ccc(C(=O)Nc2ccc(Br)cc2Cl)cc1	1.0	0.0	0.894	1.525	1.2094999969005584
Cc1cccc(C(=O)NCCNS(=O)(=O)c2ccccc2)c1	1.0	1.0	0.982	1.687	1.33449999666214
CC(=O)c1ccc(NS(=O)(=O)c2ccc3c(c2)C(C)(C)O3)cc1	1.0	1.0	0.916	2.203	1.5595000042915343
COc1ccc2c(=O)n(CCCCC(=O)c3ccccc3)c(S)nc2c1	1.0	1.0	1.0	2.296	1.648
Cc1ccc(C(=O)c2ccc(Cl)cc2Cl)c2ccc(O)cc12	1.0	1.0	1.23	2.037	1.6335000095367431
Cc1nnc(NS(=O)(=O)c2ccc(Cl)cc2)c2ccccc12	1.0	1.0	0.979	2.035	1.5069999861717225
O=C(c1cccc(C(F)(F)F)c1)c1ccccc1Oc1cc(Cl)ccc1NS(=O)(=O)c1ccc(Cl)cc1	1.0	0.0	0.0	2.314	1.157
Oc1ccc(C2c3ccccc3Cn3cccc32)cc1	1.0	1.0	1.004	2.829	1.9164999742507935
O=C(c1ccccc1)c1ccc(Cl)nc1O	1.0	1.0	1.014	2.059	1.5365000290870667
COc1nccnc1Oc1ccc(Cl)cc1NS(=O)(=O)c1ccc(Cl)cc1	1.0	1.0	1.134	2.256	1.6949999718666076
Clc1ccc(CNCc2ccc(Cl)cc2)cc1	1.0	1.0	0.926	1.439	1.1824999995231629
COc1ccc(Cl)cc1NS(=O)(=O)c1ccccc1	1.0	1.0	1.159	1.572	1.3655000195503235
CC(NS(=O)(=O)c1ccccc1C#N)c1ccccc1Cl	1.0	1.0	1.082	2.449	1.7655000085830688
Cc1ccc(C(=O)c2ccc(N)cc2)cc1	1.0	1.0	0.993	1.474	1.2334999854564668
COc1ccc(NC(=O)c2cccc(Cl)c2)cc1Cl	1.0	0.0	0.857	1.504	1.18049999666214
COc1ncc(Cl)cc1NS(=O)(=O)c1cccc(Cl)c1	1.0	1.0	1.095	2.062	1.5785000143051147
Cc1ccc(C(=O)c2cccc(Cl)c2)cc1	1.0	1.0	1.009	1.428	1.2184999718666076
CC(=O)c1ccccc1-c1ccc(O)cc1	1.0	1.0	1.033	1.564	1.2984999961853028
Cc1ccc(N2CC(=O)NC2=O)cc1	1.0	1.0	1.154	2.021	1.5875000219345092
COc1ccc(Cc2c(C)cnc3cc(O)ccc23)cc1	1.0	1.0	1.198	2.09	1.6439999771118163
O=C(c1ccc(O)cc1)c1cccnc1	1.0	1.0	0.966	1.693	1.329500010251999
CCOC(=O)N1CCN(C(=O)CCNS(=O)(=O)c2ccc(C)cc2)CC1	1.0	1.0	0.93	1.997	1.4635000035762786
CC(=O)c1ccc(NC(=O)c2ccc(F)cc2)cc1	1.0	0.0	0.85	1.381	1.115500011920929
COc1nc(Cl)cnc1NS(=O)(=O)c1ccc(Cl)cc1Cl	1.0	1.0	1.037	2.409	1.722999970436096
O=C(CN1CCc2ccccc21)c1ccc(F)cc1	1.0	1.0	1.001	1.769	1.3850000233650208
Cc1cccc(NC(=O)CNC(=O)c2cccc(C)c2)c1	1.0	0.0	0.813	1.561	1.1870000116825103
Clc1ccccc1CN1CCN(c2ccccc2)CC1	1.0	1.0	0.965	1.542	1.253499986886978
COc1ccc(C(=O)COC(=O)c2ccccc2)cc1	1.0	1.0	0.932	1.44	1.1859999907016754
COc1cc(Cl)ccc1NS(=O)(=O)c1cccc(C)c1C#N	1.0	1.0	1.057	2.125	1.5910000205039978
Nc1c(Cl)cc(Cl)cc1S(N)(=O)=O	1.0	0.0	0.751	2.291	1.5209999935626983
CCCCN1c2ccccc2Oc2ccccc21	1.0	0.0	0.885	1.84	1.3624999952316283
Cc1cc(C)cc(N2C(=O)Cc3ccccc3N2c2ccc(Cl)cc2)c1	1.0	1.0	1.179	2.457	1.8180000100135802
COc1ccccc1S(=O)(=O)Nc1ccc(C)cc1C#N	1.0	1.0	1.049	1.968	1.508500012397766
O=S(=O)(c1ccccc1)c1ccncc1	1.0	0.0	0.859	1.731	1.295000013589859
Cc1oc(C(=O)O)cc1CN(c1ccc(Cl)cc1)S(=O)(=O)c1cccc(C(=O)O)c1	1.0	1.0	0.972	2.361	1.6665000014305116
Cc1ccc(C(=O)c2cccc(C(=O)c3ccc(C(C)C)cc3)c2)cc1	1.0	1.0	0.921	1.772	1.3465000019073488
O=C(c1ccncc1)c1ccc(-c2ccc(F)cc2)cc1	1.0	1.0	0.922	1.651	1.286499995470047
CCOC(=O)c1ccccc1NS(=O)(=O)c1ccc(Cl)cc1	1.0	1.0	1.165	1.666	1.4154999809265136
COc1nc(Cl)ncc1C#CCN(C)C	1.0	1.0	0.925	2.935	1.9300000059604645
O=C(c1ccc(Cl)cc1)N1CCN(Cc2ccccc2)CC1	1.0	0.0	0.893	1.508	1.20050000333786
COc1ncc(F)nc1Oc1ccc(Cl)cc1NS(=O)(=O)c1ccc(F)cc1	1.0	1.0	1.115	2.48	1.7975000047683716
Cc1ccc(S(=O)(=O)Nc2ccc(Br)cc2Cl)cc1	1.0	1.0	1.006	1.721	1.363500020980835
Cc1ccccc1N(C)C(=O)c1cccc(Br)c1	1.0	1.0	1.014	1.795	1.4045000290870666
COc1ccc(C(=O)c2cccn2NS(=O)(=O)c2ccc(Cl)cc2)cc1	1.0	1.0	0.997	2.266	1.6314999895095825
O=S(=O)(Nc1cc(Cl)ccc1Cn1cnnn1)c1ccc(F)c(Br)c1	1.0	1.0	1.206	2.473	1.839499985218048
COc1ccc(C(=O)Nc2ccc(S(=O)(=O)NCc3ccccc3)cc2)cc1O	1.0	0.0	0.671	1.843	1.2570000019073486
O=S(=O)(Nc1cc(Cl)ccc1Oc1ccccc1)c1ccc(O)c(Cl)c1	1.0	1.0	1.135	1.961	1.5479999952316286
CC(=O)c1cnc(Oc2ccccc2)n1-c1ccccc1	1.0	1.0	1.12	2.201	1.6605000023841858
CC(C)(C)c1ccc(S(=O)(=O)Nc2cc(Cl)ccc2Cl)cc1	1.0	1.0	1.009	1.83	1.4194999718666077
CCc1ccc(S(=O)(=O)Nc2ccc(Cl)cc2C(=O)c2ccccc2)cc1	1.0	1.0	1.054	1.835	1.4445000100135803
O=C(Cc1ccccc1)N1CCc2ccccc21	1.0	1.0	1.167	1.623	1.3950000276565553
O=S(=O)(Nc1cccc(Cl)c1)c1ccccc1	1.0	1.0	0.988	1.475	1.2314999878406525
Cc1c(OC(=O)c2ccccc2)c(=O)n([O-])c2ccccc12	1.0	1.0	0.949	2.454	1.7015000004768372
Cc1ccc(S(=O)(=O)NCc2ccc(C(=O)O)cc2)cc1	1.0	0.0	0.852	1.617	1.2344999990463257
CC(C)(C)c1ccc(C(=O)NCc2ccc(F)cc2)cc1	1.0	0.0	0.878	1.559	1.2185000104904176
Cc1cccc(C(=O)CSc2cccc[n+]2[O-])c1	1.0	1.0	1.012	2.295	1.653499982357025
COc1ccc(C(=O)NCc2ccc(C)cc2)cc1	1.0	1.0	1.007	1.333	1.169999984741211
O=C(c1ccccc1Cl)N1CCCC1	1.0	1.0	1.016	1.447	1.2315000162124634
Cc1ccc(C(=O)NC(=O)C2CCCCC2)cc1	1.0	1.0	0.924	1.664	1.294000012397766
CN(C)c1ccc(Cc2nccc3cc(O)ccc23)cc1	1.0	1.0	1.248	2.118	1.6830000128746032
CC(=O)c1cc(Cl)ccc1NS(=O)(=O)c1ccccc1	1.0	1.0	1.069	1.711	1.390000002861023
O=C(c1ccc(Cl)cc1)C1CCC(=O)N1Cc1ccccc1	1.0	1.0	1.289	2.387	1.8380000171661377
Cc1ccc(CCNC(=O)c2ccc(C)c(C)c2)cc1	1.0	0.0	0.891	1.495	1.192999986410141
O=S(=O)(Nc1ccccc1S(=O)(=O)Nc1ccc(Cl)cc1)c1ccc(Cl)cc1	1.0	1.0	1.053	1.908	1.4804999866485595
Cc1ccc(NC(=O)c2ccc(Cl)c(C)c2)cc1	1.0	0.0	0.867	1.415	1.1409999918937683
Cc1ccc(NC(=O)c2ccccc2)cc1Cl	1.0	0.0	0.879	1.329	1.1040000040531157
COc1ncc(Cl)nc1Nc1cc(Cl)ccc1N	1.0	1.0	0.963	2.464	1.7134999997615814
O=C(c1ccncc1)c1cc(Cl)ccc1Oc1ccc(F)cc1Cl	1.0	1.0	1.038	2.017	1.527499993801117
O=C(c1ccccc1)c1cc(O)c(Cl)cc1NS(=O)(=O)c1ccc(Cl)cc1	1.0	1.0	1.05	2.029	1.539499976158142
COc1nc(Cl)c(CC(=O)c2ccc(Cl)cc2)c(Oc2cccc(Cl)c2)n1	1.0	0.0	0.844	2.386	1.614999990940094
O=S(=O)(Nc1cc(Cl)ccc1Cn1cnnn1)c1cc(Cl)ccc1Cl	1.0	1.0	1.225	2.405	1.8150000119209289
O=S(=O)(Oc1c(F)cc(Cl)cc1I)c1ccc(Br)cc1	1.0	1.0	0.951	2.352	1.6514999876022338
Cc1cnn(C(=O)c2ccccc2)n1	1.0	1.0	0.934	2.435	1.6845000076293946
CCOc1ccc(NC(=O)CCc2ccccc2)cc1	1.0	1.0	0.944	1.392	1.168000002861023
O=S(=O)(Nc1ccc(Cl)cc1)c1ccc(Cl)cc1	1.0	1.0	0.999	1.481	1.2400000064373016
Cc1ccc(CN2C(=O)C(=O)NC3CCCCC32)cc1	1.0	1.0	1.157	3.039	2.097999972820282
CCOc1ccc(C(=O)NCc2ccccc2)cc1	1.0	1.0	0.922	1.324	1.122999995470047
O=C(NCc1ccccc1)c1ccccc1	1.0	1.0	0.959	1.142	1.0504999957084655
Clc1ccc(CSCc2ccccc2)cc1Cl	1.0	1.0	0.922	1.685	1.303499995470047
O=C(CN1CCN(Cc2ccccc2)CC1)Nc1ccccc1Cl	1.0	0.0	0.799	1.609	1.204000012397766
O=S(=O)(Nc1ccc(Cl)cc1)c1ccc(F)cc1	1.0	1.0	1.0	1.488	1.244
Cc1ccc(CN2C(=O)N(c3ccc(C)cc3)C(=O)C2C)cc1	1.0	1.0	1.133	2.42	1.7765000081062317
COc1ccc(N2C(=O)c3ccc(Cl)cc3C2=O)cc1	1.0	1.0	1.038	1.719	1.378499993801117
CC(=O)Cc1ccc(S(=O)(=O)N2CCN(C)CC2)cc1	1.0	1.0	0.969	1.907	1.437999990940094
Cc1ccc(NC(=O)C2CC2)cc1	1.0	0.0	0.849	1.305	1.076999988555908
CC(=O)c1ccccc1C(=O)NCc1ccccc1	1.0	1.0	0.95	1.488	1.2189999940395355
O=C(Nc1ccc(Br)cc1C1CCCCC1)c1ccc(Cl)cc1	1.0	1.0	0.924	1.875	1.3995000123977661
Clc1cccc(COc2ccccc2-c2ccccc2)c1	1.0	1.0	1.135	1.499	1.3169999952316285
Cc1ccc(C(=O)c2cc(Cl)cc(Cl)c2NS(=O)(=O)c2ccc(C)nc2)cc1	1.0	1.0	1.015	2.273	1.6439999928474427
COc1ccc(C(=O)CN2C(=O)c3ccccc3C2=O)cc1	1.0	1.0	1.011	1.702	1.3565000185966491
Oc1ccc(Cn2ccc3ccccc32)c(O)c1	1.0	1.0	1.014	2.026	1.5200000290870666
Cc1ccc(CS(=O)(=O)c2ccc(Cl)cc2)cn1	1.0	1.0	0.975	1.904	1.439500011920929
Cc1ccc(OS(=O)(=O)c2ccc(C)cc2)cc1	1.0	1.0	1.049	1.615	1.3320000123977662
Cc1ccc(C(=CC(=O)Nc2ccc(Cl)c(Cl)c2)c2ccccc2)cc1	1.0	1.0	0.973	1.921	1.44699999499321
Cc1ccc(C(=O)c2cc(Cl)ccc2NS(=O)(=O)c2ccc(F)cc2)cn1	1.0	1.0	1.035	2.052	1.5434999833106995
O=C(c1ccccc1)C(CS)Cc1ccccc1O	1.0	1.0	1.007	2.533	1.769999984741211
COc1ccc(N2C(=O)c3ccc(C)cc3C2C(=O)c2ccccc2)cc1	1.0	1.0	1.065	2.539	1.8020000286102296
COc1cc(Cl)ccc1NS(=O)(=O)c1ccc(C)cc1	1.0	1.0	1.085	1.658	1.3715000190734863
Cc1ccc(NC(=O)C(C)(C)c2ccccc2)cc1O	1.0	1.0	0.969	1.939	1.453999990940094
Cc1ccc(C(=O)c2cc(Cl)ccc2NS(=O)(=O)c2ccc(Cl)cc2)cc1	1.0	1.0	1.076	1.845	1.4604999876022338
Cc1ccc(Cl)cc1NS(=O)(=O)c1ccc(Cl)cc1F	1.0	1.0	1.073	1.866	1.4694999771118165
CC1Cn2cc(C(C)(C)C)nc2N1	1.0	0.0	0.741	3.902	2.32149999833107
O=C(C1CCCCCC1)N1CCCC1	1.0	1.0	0.981	1.671	1.3260000030994417
COc1nn2c(O)cc(C(=O)O)nc2c1Cl	1.0	1.0	1.07	2.903	1.9865000262260437
O=[N+]([O-])c1cc(Cl)ccc1N1CCCCC1	1.0	1.0	0.984	1.809	1.396500013589859
Cc1cc(SC(=O)c2ccc(Cl)cc2)cc(C)c1F	1.0	1.0	1.063	2.296	1.679499981880188
CCOc1ccc(C(=O)Nc2ccc(S(=O)(=O)N3CCCCCC3)cc2)cc1	1.0	0.0	0.719	1.778	1.248499990940094
Cc1cc(C)n(CC(=O)c2ccc(Cl)cc2)n1	1.0	1.0	0.995	1.846	1.4205000023841858
Cc1ccc(C(=O)Nc2ccc(Cl)cc2C(=O)Nc2ccccc2)cc1	1.0	0.0	0.884	1.586	1.2350000016689302
Cc1ccc(S(=O)(=O)Nc2ccc(Cl)c(Cl)c2)cc1	1.0	1.0	0.997	1.606	1.3014999895095825
N#Cc1cccc(S(=O)(=O)Nc2ccc(Cl)cc2C(=O)O)c1	1.0	1.0	0.972	1.975	1.4735000014305115
CC(=O)NC(=O)NCc1ccccc1Cc1ccccc1	1.0	1.0	0.969	1.809	1.388999990940094
CNC(=O)c1ccc(-c2cc(OC)ccc2OC)cc1	1.0	1.0	1.004	1.603	1.3034999742507933
CCc1ccc(C)c(NC(=O)Nc2cccc(Cl)c2)c1Cl	1.0	0.0	0.845	2.035	1.4400000143051148
COc1ccc(NC(=O)c2ccc(C)cc2)cc1	1.0	0.0	0.854	1.243	1.0484999861717226
Cc1cccc(S(=O)(=O)Nc2ccc(Cl)cc2C(=O)O)c1	1.0	1.0	0.989	1.797	1.393000011205673
Cc1cn(C)c(Cc2ccc(Cl)cc2)n1	1.0	1.0	0.957	2.193	1.5750000085830689
COc1ncc(Cl)cc1NS(=O)(=O)c1cc(Cl)ccc1O	1.0	1.0	1.021	2.288	1.6545000138282775
Cc1ccc(NC(=O)c2cccc(Cl)c2)cc1	1.0	0.0	0.859	1.315	1.087000013589859
Cc1oncc1C(=O)NCc1ccc(Cl)cc1	1.0	1.0	1.118	1.957	1.537500015258789
Cc1ccc(C(=O)NCCCNc2cccc(O)c2)cc1	1.0	0.0	0.726	1.742	1.2340000054836273
CC(=O)c1ccc(S(=O)(=O)Nc2ccc(Cc3ccccc3)cc2)cc1F	1.0	0.0	0.823	1.893	1.3580000069141387
Cc1ccc(C(=O)N(O)C(c2ccccc2)c2ccccc2)cc1	1.0	1.0	1.201	1.987	1.593999987602234
COc1ccc(Cn2nnc(C(=O)O)c2CO)cc1	1.0	1.0	1.07	2.171	1.6205000262260436
CC(=O)c1ccc(NC(=O)CCc2ccccc2)cc1O	1.0	0.0	0.888	1.709	1.298500005722046
O=C(c1ccncc1)c1ccc(Cl)cc1NS(=O)(=O)c1ccc(Cl)cc1	1.0	1.0	1.071	2.005	1.5379999899864196
COc1ccc(S(=O)(=O)N(C)C)cc1	1.0	0.0	0.818	1.498	1.1580000092983247
COc1ccccc1Nc1cc(Cl)nc(N)n1	1.0	0.0	0.894	2.04	1.4669999969005585
O=S(=O)(Cc1ccccc1)c1ccccc1	1.0	1.0	1.076	1.434	1.254999987602234
COc1ccc(NS(=O)(=O)c2cccc(C)c2)cc1	1.0	1.0	0.984	1.546	1.2650000135898591
COc1ccc(Br)cc1C(=O)Nc1ccccc1C	1.0	1.0	0.994	1.536	1.2650000088214874
O=S(=O)(Nc1ccc(Cl)cc1)c1ccc(Cl)c(Cl)c1	1.0	1.0	0.989	1.642	1.3155000112056732
O=C(CCN1C(=O)c2ccccc2C1=O)N1CCOCC1	1.0	1.0	1.03	1.919	1.4744999856948853
Cc1cccc(C(=O)NC(=O)c2ccc(F)cc2)c1	1.0	0.0	0.834	1.532	1.1829999957084656
COc1ccc(S(=O)(=O)Nc2ccc(Br)cc2C(=O)c2ccccc2)cc1	1.0	1.0	1.029	1.841	1.4350000219345094
Cc1cccc(C(=O)NCCNS(=O)(=O)c2ccc(Cl)cc2)c1	1.0	1.0	0.98	1.751	1.365500009536743
COc1ncc(Cl)nc1NS(=O)(=O)c1ccc(Cl)cc1	1.0	1.0	1.075	2.231	1.6530000238418578
O=C(O)c1cc(O)ccc1Nc1ccccc1	1.0	1.0	0.986	1.666	1.3260000007152557
NS(=O)(=O)c1cc(Cl)ccc1NS(=O)(=O)c1ccccc1C(=O)O	1.0	0.0	0.887	2.119	1.5030000121593476
O=C(CN1C(=O)c2ccccc2C1=O)N1CCCC1	1.0	1.0	1.104	1.773	1.4384999861717223
Cc1nc(C)n(-c2ccccc2)c1Cc1ccc(Cl)cc1	1.0	1.0	1.184	2.05	1.6170000076293944
CCOC(=O)c1ccc(NC(=O)CC)cc1F	1.0	0.0	0.807	1.705	1.2559999907016755
COc1cc(N=S(=O)(O)c2ccc(Cl)cc2)c(O)c(C(C)=O)c1O	1.0	0.0	0.809	3.296	2.052500007629394
Cc1ccc(C(=O)c2cc(Cl)ccc2NS(=O)(=O)c2ccc(C#N)cc2)cc1	1.0	1.0	1.032	1.994	1.5129999728202819
O=c1c(Cl)cc(Cl)cn1S(=O)(=O)c1ccc(Cl)cc1	1.0	1.0	0.99	2.257	1.6235000047683716
CCc1ccccc1C(=O)Nc1ccc(C)cc1C	1.0	0.0	0.89	1.569	1.2294999928474426
Clc1ccc(C(=C2CCCCC2)c2ccccc2)cc1	1.0	1.0	1.121	1.92	1.5205000257492065
O=C(C1CCC(=O)N(c2ccc(Cl)cc2)C1N1CCOCC1)N1CCCC1	1.0	1.0	1.052	3.266	2.1590000228881836
CCOc1ccc(CC(=O)O)cc1-c1ccc(Cl)cc1	1.0	1.0	0.972	1.72	1.3460000014305114
Cc1ccc(S(=O)(=O)Nc2ccc(Cl)cc2C(=O)c2cccc(Cl)c2)cc1	1.0	1.0	1.083	1.903	1.4929999723434448
CCOC(=O)c1ccc(NC(=O)CN2CCCCC2)cc1	1.0	0.0	0.851	1.598	1.2245000054836273
Cc1nnc2ccc(NS(=O)(=O)c3cccc(Cl)c3)cc2c1Cl	1.0	1.0	1.074	2.252	1.663000000476837
O=C(Cc1ccc(Cl)cc1)N=CCc1ccccc1	1.0	1.0	0.971	2.197	1.5840000078678131
Cc1ccc(NC(=O)c2cccc(C(=O)c3ccccc3)c2)cc1	1.0	0.0	0.787	1.525	1.1560000002384185
COc1ccc(N2C(=O)C(=O)N(c3ccccc3OC)C2=O)cc1	1.0	1.0	1.0	2.002	1.501
Cc1ccc(S(=O)(=O)Nc2ccc(Cl)cc2Cl)cc1	1.0	1.0	1.05	1.633	1.341499976158142
Clc1ccc2c(c1)C(c1ncccn1)NCc1cccnc1N2	1.0	1.0	0.904	3.295	2.099499992132187
Cc1nn2ccccc2c1Cc1ccc(Cl)cc1	1.0	1.0	1.216	2.091	1.6534999804496766
Cc1ccc(C(=O)CCC(=O)c2ccc(C)c(F)c2)cc1	1.0	1.0	0.931	1.732	1.3314999971389772
Nc1c(C(=O)c2ccncc2)ccc(O)c1F	1.0	1.0	1.047	2.274	1.6605000252723694
CC(=O)c1ccc(S(=O)(=O)N2CCCCC2c2ccccc2)cc1	1.0	1.0	1.085	2.295	1.6900000190734863
Cc1nc(N)nc(N)c1C(=O)OCc1ccc(Cl)cc1Cl	1.0	1.0	1.218	2.277	1.747500027179718
COc1ccc(CSc2ccc(S(=O)(=O)Nc3cccc(C)n3)cc2)cc1	1.0	0.0	0.88	2.038	1.4589999976158141
CC(=O)NC(=O)c1ccc(Cl)cc1N	1.0	0.0	0.854	1.961	1.4074999861717226
CCN(CC)C(=O)C(Cc1ccccc1)C(=O)OCc1cc(C)c(Cl)cc1Cl	1.0	1.0	0.987	2.77	1.878499994277954
Cc1ccc(C(=O)COC(=O)c2ccc(S(=O)(=O)N3CCCCC3)cc2)cc1	1.0	0.0	0.744	1.864	1.3040000088214874
O=C(C1CC1)N1CCCCC1	1.0	0.0	0.857	1.627	1.2419999966621398
Cc1ccc(C)c(N2C(=O)c3ccccc3C2(O)c2ccccc2)c1	1.0	1.0	1.364	2.652	2.007999981403351
CC(=O)N(c1ccccc1)S(=O)(=O)c1ccccc1	1.0	1.0	1.139	1.806	1.4725000290870667
CCc1cccc(CC)c1NS(=O)(=O)c1ccc(C)cc1C	1.0	1.0	0.985	2.014	1.4995000071525573
CS(=O)(=O)N(C(=O)c1ccccc1)c1ccccc1NC(=O)c1ccccc1N	1.0	0.0	0.794	2.169	1.481500014781952
c1ccc(Oc2cccc(Cn3cccn3)c2)cc1	1.0	1.0	1.027	1.74	1.3834999752044679
CCCCCC(=O)c1ccc(O)cc1	1.0	1.0	0.917	1.581	1.2489999978542328
Cc1ccc(NC(=O)c2cc(C)nn2Cc2ccccc2)cc1	1.0	1.0	1.088	1.768	1.4280000295639037
Cc1ccc(Oc2coc3cc(Br)ccc3c2=O)cc1	1.0	1.0	1.209	2.015	1.6119999957084656
COc1ccc(CC(=O)c2ccc(Cl)cc2)cc1	1.0	1.0	1.086	1.452	1.2689999828338623
CC(=O)C1=C(O)C(=O)N(c2ccc(Cl)cc2Cl)C1O	1.0	1.0	1.307	2.926	2.116500020503998
CCCCCc1ccc(Sc2ccccc2C#N)c(C)c1	1.0	0.0	0.829	2.117	1.4729999980926514
Nc1cccc(C(=O)c2ccccc2)c1	1.0	1.0	0.947	1.496	1.2215000133514404
CSc1ccc(Cc2ccc(F)cc2)cc1	1.0	1.0	0.95	1.61	1.2799999940395357
CN(C)Cc1ccc(N(C)C)c2ccccc12	1.0	1.0	0.916	1.939	1.4275000042915345
CC(=O)c1ccc(OS(=O)(=O)c2ccc(C)cc2)cc1	1.0	1.0	0.924	1.718	1.321000012397766
CCc1ccc(C)c(Sc2cc(C)ncc2C)c1	1.0	1.0	0.93	2.375	1.6525000035762787
O=C(c1ccc(Cl)nc1)c1ccc(F)c(C(F)(F)F)c1	1.0	1.0	0.953	2.154	1.553500004529953
COc1ccn(C)c(=O)c1C#N	1.0	0.0	0.899	2.53	1.7144999945163726
Cc1ccc(CSc2ccccc2)cc1	1.0	1.0	1.052	1.429	1.2405000228881837
Nc1ccc(-c2ccc(F)cc2)c(N)n1	1.0	1.0	1.089	1.949	1.5189999933242797
CCOc1ccccc1-n1c(=O)ccc2cc(S(=O)(=O)Nc3ccc(Cl)cc3)ccc21	1.0	0.0	0.0	2.174	1.087
COc1cc(Cl)cc(C(=O)Nc2ccc(Cl)cn2)c1	1.0	0.0	0.86	1.871	1.3655000071525574
O=C(NCc1cccc(Cl)c1)c1ccccc1NS(=O)(=O)c1ccc(Cl)cc1	1.0	0.0	0.897	1.811	1.354000007390976
CN(c1ccc(Cl)cc1)S(=O)(=O)c1ccc(Cl)cc1	1.0	1.0	1.09	1.696	1.3930000166893004
CC1=C(c2ccccc2)C(C)(C)CCC1=O	1.0	1.0	0.961	2.309	1.6350000126361848
COc1nc(Cl)ccc1NS(=O)(=O)c1ccc(Cl)cc1	1.0	1.0	1.088	2.032	1.5600000295639038
O=C(c1ccncc1)N1CCCCC1c1ccc(N2CCCCC2)cc1	1.0	1.0	0.97	2.47	1.7200000143051148
Cc1ccc(S(=O)(=O)NCc2cccc(C(=O)O)c2)cc1	1.0	0.0	0.828	1.673	1.250500004529953
COc1ccc(S(=O)(=O)Nc2cc(Cl)ccc2Oc2ccccc2)cc1	1.0	1.0	1.13	1.759	1.4444999976158142
CCOc1ccc(Cl)cc1NS(=O)(=O)c1ccc(C)cc1	1.0	1.0	1.228	1.7	1.4640000224113465
COc1nn2cc(C)nc2nc1Nc1ccc(Cl)cc1	1.0	1.0	1.255	2.575	1.9149999976158143
COc1ccc(Cc2ccc(F)cc2)cc1OC	1.0	1.0	1.12	1.487	1.3035000023841858
COc1cccc(N2C(=O)c3ccccc3C2(O)c2ccccc2)c1	1.0	1.0	1.249	2.581	1.9149999766349792
O=C(c1ccccc1)N(Cc1ccccn1)c1ccccc1	1.0	1.0	1.219	1.719	1.4689999909400941
c1ccc(-c2ccccc2Nc2nc(-c3ccccc3)c(-c3ccccc3)[nH]2)cc1	1.0	0.0	0.837	2.033	1.435000006198883
Cc1ccc(NS(=O)(=O)c2cccc(C)c2)cc1	1.0	1.0	0.974	1.536	1.2549999885559082
Nc1ccc(C(=O)Nc2ccc(Cl)cc2)cc1	1.0	1.0	1.008	1.393	1.2005000081062316
O=C(c1cccnc1)c1ccccc1OCc1cccc(F)c1Cl	1.0	1.0	0.991	2.047	1.51899999833107
c1ccc(-c2nc3cc4ccccc4cc3nc2-c2ccccc2)cc1	1.0	1.0	0.901	1.719	1.310000011444092
COc1cccc(CN2NCc3ccccc3CCCC(=O)NCCCCCCCCCCCCCCC2=O)c1	1.0	0.0	0.0	3.156	1.578
Cc1ccc(-n2c(=O)sc(=O)n2CCc2ccccc2)cc1	1.0	1.0	1.218	2.442	1.830000027179718
CC(C)(C)c1ccc(CCNC(=O)c2ccc(F)cc2)cc1	1.0	0.0	0.84	1.617	1.2284999868869781
COc1ncc(F)nc1NS(=O)(=O)c1ccc(Cl)s1	1.0	1.0	1.06	2.735	1.8974999713897704
Cc1ccc(NC(=O)CCNS(=O)(=O)c2ccccc2)cc1	1.0	1.0	0.937	1.6	1.2684999883174897
Cc1ccc(NS(=O)(=O)c2ccc(C)c(Cl)c2)cc1	1.0	1.0	0.991	1.627	1.3089999983310698
Cc1ccc(C(=O)N2CCCCC2c2cc(C)n(C)n2)cc1	1.0	1.0	1.22	2.628	1.9240000143051148
Cc1ccc(C(=O)OC(C)C(=O)Nc2ccccc2)cc1	1.0	1.0	0.93	1.906	1.4180000035762785
Cc1cccc(C(=O)Nc2ccc(NS(=O)(=O)c3ccc(Cl)c(Cl)c3)cc2)c1	1.0	0.0	0.71	1.815	1.262499989271164
O=C(c1ccc(F)cc1)c1cccnc1	1.0	1.0	0.991	1.587	1.2889999983310698
Cc1cccc(NC(=O)c2ccc(-c3ccccc3)cc2)c1	1.0	0.0	0.761	1.384	1.0724999887943267
Cc1ccc(S(=O)(=O)Oc2cccc(C)c2C)cc1	1.0	1.0	1.046	1.808	1.4270000019073485
O=C(c1cccc(Cl)c1)N1CCC(O)C1	1.0	1.0	1.095	2.194	1.6445000143051147
Cc1ccc(C(=O)Nc2cc(S(=O)(=O)N3CCOCC3)ccc2N2CCCC2)cc1	1.0	0.0	0.855	2.057	1.4560000095367431
Cc1ccc(S(=O)(=O)NCCCCc2ccccc2)cc1Cl	1.0	0.0	0.825	1.757	1.2909999940395354
Cc1nccnc1NS(=O)(=O)c1ccccc1	1.0	1.0	1.001	2.004	1.5025000233650208
O=C(c1ccccc1)c1cn(CC(=O)N2CCCC2)c2ccccc12	1.0	1.0	0.933	1.923	1.4280000140666962
COc1ccc(S(=O)(=O)NCc2ccc(C)cc2)cc1C	1.0	1.0	0.971	1.697	1.3340000078678131
O=C(c1ccc(S(=O)(=O)c2ccc(Cl)cc2)cn1)N1CCCCC1	1.0	0.0	0.87	2.021	1.4455000023841857
Nc1ccc(S(=O)(=O)Cc2ccccc2)cc1	1.0	1.0	1.016	1.647	1.3315000162124635
Cc1ccc(S(=O)(=O)Nc2cccc(Cl)c2)c(F)c1	1.0	1.0	1.025	1.782	1.403499988079071
Nc1cc(CO)ccc1Oc1ccccc1C(=O)O	1.0	1.0	0.912	1.911	1.4115000002384186
O=C(c1ccncc1)c1ccc(Cl)cc1NS(=O)(=O)c1cccc(Cl)c1	1.0	1.0	1.048	2.065	1.5564999890327453
COc1ccc(S(=O)(=O)Nc2ccccc2)cc1	1.0	1.0	0.948	1.39	1.1690000069141386
Cc1ccnc(SCc2ccccc2)n1	1.0	1.0	0.972	1.797	1.3845000014305113
COc1ccc(OS(=O)(=O)c2ccc(C)cc2)cc1	1.0	1.0	0.977	1.621	1.2989999990463257
COc1ccc(C(=O)n2ccc(C)n2)cc1	1.0	1.0	1.008	2.004	1.5060000081062317
Cn1cncc1C(=O)NCCc1ccccc1	1.0	1.0	0.978	1.952	1.464999992609024
COc1nc(Cl)c(C)nc1NS(=O)(=O)c1ccc(Cl)cc1	1.0	1.0	1.072	2.287	1.6795000133514404
Cc1ccc(NC(=O)CSc2ccc(C)cc2)cc1	1.0	1.0	1.051	1.516	1.2834999995231628
O=C(c1ccc(Cl)nc1)N1CCC(c2ccccc2)CC1	1.0	1.0	0.94	1.875	1.407499998807907
COc1ncncc1C(=O)NCCc1cccc(C)c1C	1.0	1.0	1.06	2.178	1.6189999713897705
COc1ccc(OCc2nc(O)cc(C)c2C)cc1	1.0	1.0	1.021	2.167	1.5940000138282775
Cc1ccc(Cl)cc1NS(=O)(=O)Cc1ccc(Cl)cc1	1.0	1.0	0.906	1.818	1.362000009059906
CC(=O)c1ccc(OCCCC(=O)c2cccc(C)c2)cc1	1.0	1.0	0.982	1.708	1.34499999666214
O=C(NCc1ccccc1)c1ccc(Nc2ccccc2)cn1	1.0	0.0	0.885	1.685	1.2849999952316284
CCCOc1ccc(S(=O)(=O)NCc2ccc(C)cc2)cc1	1.0	0.0	0.864	1.667	1.2655000112056731
Cc1cccc(C(=O)NC(=S)Nc2ccccc2)c1	1.0	0.0	0.854	1.562	1.2079999861717226
O=C(NCc1ccco1)c1ccc(Oc2ccccc2)cc1	1.0	0.0	0.796	1.643	1.2195000019073485
O=C(O)c1ccc(Cl)cn1	1.0	0.0	0.705	1.837	1.2709999916553496
Cc1ccc(C(=O)Nc2cccc(C(F)(F)F)c2)c(F)c1	1.0	0.0	0.827	1.743	1.2850000109672548
CCOc1ccc(C(=O)Nc2ccc(N3CCCC3)cc2)nc1	1.0	0.0	0.862	1.861	1.361499994277954
Cc1ccc(OC2CC(=O)c3ccc(Cl)cc3C2=O)cc1C	1.0	1.0	1.181	2.746	1.963499997138977
COc1ccc(Cc2ccc(C(=O)Nc3cccc(C)c3)c3ccccc23)cc1	1.0	0.0	0.84	1.844	1.3419999868869783
O=S(=O)(Nc1ccc(Cl)cc1)c1ccc(F)c(F)c1	1.0	1.0	0.989	1.675	1.3320000112056731
Cc1ccc(NS(=O)(=O)c2cccc(C(=O)O)c2)cc1	1.0	0.0	0.855	1.599	1.2270000095367433
CC(=O)c1ccc(S(=O)(=O)Nc2ccc(C#Cc3ccccc3)cc2)cc1	1.0	0.0	0.823	1.965	1.3940000069141387
O=C(c1ccc(F)cc1)c1ccc(Cl)nc1	1.0	1.0	1.007	1.744	1.3754999847412108
CN1CCN(C(=O)c2ccncn2)c2cc(Cl)ccc21	1.0	1.0	0.995	2.438	1.7165000023841859
Cc1cccc(Cn2nc(C)c(CCC(=O)O)c2C)c1	1.0	0.0	0.899	1.954	1.4264999945163725
COc1ccc(-c2cc(C(=O)Nc3ccc(C)cc3)c3ccccc3n2)cc1	1.0	0.0	0.856	1.719	1.2875000030994417
O=C(O)c1nccnc1N1CCC2(CCCCCN2C(=O)c2ccc(Cl)nc2)CC1	1.0	1.0	0.942	3.28	2.1109999859333035
Cc1cc(C)c(CN2C(=O)c3ccccc3C2[O-])c(C)c1C	1.0	1.0	1.033	3.156	2.094499996185303
CC(=O)C1=C(O)C(=O)N(c2ccccn2)C1C	1.0	1.0	1.346	2.95	2.147999978065491
O=C(Nc1cccc(F)c1C(=O)c1ccccc1)c1ccccc1	1.0	0.0	0.818	1.689	1.2535000092983246
O=C(NCc1ccc(F)cc1)c1cccc(Oc2ccccc2)c1	1.0	0.0	0.828	1.562	1.1950000045299531
Cc1nnc(C)n1Cc1cccc(C(=O)c2ccccc2)c1	1.0	1.0	0.943	1.962	1.4525000092983245
COc1nc2c(Cc3ccccc3)c(C)nc(C)n2n1	1.0	1.0	1.115	2.432	1.7735000047683716
CCn1c(N=Cc2ccc(NC(C)=O)cc2)c(C)[nH]c1=O	1.0	0.0	0.791	2.553	1.6720000042915344
O=C(COc1ccccc1)Nc1nc2cc3c(cc2[nH]1)OCO3	1.0	1.0	0.912	2.149	1.5305000002384186
O=S(=O)(NC1CCCCC1)c1ccccc1	1.0	1.0	1.007	1.632	1.3194999847412108
O=C(NCCc1ccc(Cl)cc1)c1ccncc1	1.0	1.0	0.92	1.599	1.2595000083446504
Cc1ccccc1CNC(=O)CC(c1ccccc1)c1ccc(Cl)cc1	1.0	1.0	0.928	2.246	1.5869999866485596
COc1ccc(CNC(=O)c2ccccc2)cc1	1.0	1.0	1.002	1.263	1.1324999871253967
COc1nc2ccc(C)cc2cc1C(=O)c1ccc(O)cc1	1.0	1.0	1.174	2.053	1.613500012397766
O=C(O)Cn1cc(Cc2ccc(F)cc2)c2ccccc21	1.0	1.0	1.039	1.9	1.4695000171661377
Fc1ccc(C(=C2CCCCC2)c2ccccc2)cc1	1.0	1.0	1.122	1.926	1.5239999895095826
Cc1ccc(C(=O)NCc2ccccc2)cc1F	1.0	1.0	0.952	1.418	1.1850000109672547
CC(=O)c1ccc(S(=O)(=O)Nc2ccc(C)cc2F)cc1	1.0	1.0	0.911	1.747	1.3290000066757202
O=C(O)c1cccc(CCc2ccc(Cl)cc2)c1	1.0	1.0	0.961	1.518	1.2395000126361846
CCOC(=O)c1noc(C)c1Cc1ccc(Cl)cc1	1.0	1.0	1.08	2.084	1.5820000214576722
COc1nnc(-c2ccccc2)c(-c2ccccc2)n1	1.0	1.0	1.026	1.952	1.4890000114440918
Cc1ccc(C(=O)c2ccc(Cl)cc2)cc1	1.0	1.0	0.984	1.33	1.157000013589859
O=S(=O)(Nc1cc(Cl)ccc1Cn1ccnc1)c1ccc(Cl)c(Cl)c1	1.0	1.0	1.144	2.26	1.7020000267028808
COc1ccc(S(=O)(=O)NCc2ccccc2)cc1	1.0	1.0	0.954	1.458	1.2059999980926515
O=C(c1cnn2cccnc12)N1c2ccccc2Sc2ccccc21	1.0	1.0	1.098	2.458	1.7780000247955323
Cc1ccc(C(=O)n2cc(Cl)c3ccccc32)cc1	1.0	1.0	1.09	1.936	1.5130000166893005
NS(=O)(=O)c1cccc(C(=O)c2ccc(Cl)cc2)c1	1.0	1.0	0.951	1.681	1.315999987602234
O=C(CCc1ccccc1)c1ccccc1	1.0	1.0	1.098	1.289	1.193500024795532
CCc1ncnc(N2CCCCCCC2C)c1C#N	1.0	1.0	0.904	2.957	1.9304999921321868
Cc1ccc(Cl)c(NS(=O)(=O)c2ccc(C)c(N)c2)c1	1.0	1.0	1.03	1.907	1.4684999856948853
Cc1cccc(S(=O)(=O)Nc2ccc(C)c(C)c2)c1	1.0	1.0	0.972	1.66	1.3160000014305115
COc1cc(NS(=O)(=O)c2ccccc2)ccc1F	1.0	1.0	0.949	1.633	1.2910000004768372
COc1ccc(NC(=O)c2ccccc2)cc1	1.0	0.0	0.854	1.168	1.0109999861717225
CC(=O)C1=C(O)C(=O)N(c2ccc(F)cc2)C1N1CCCC1	1.0	1.0	1.516	2.871	2.1935000162124636
COC(=O)Nc1ccc(S(=O)(=O)Nc2ccc(C)cc2C)cc1	1.0	0.0	0.855	1.796	1.3255000095367433
O=C(O)c1cc(Br)cc2cc(Cl)ccc12	1.0	0.0	0.765	1.876	1.3204999928474426
COc1cc(F)ccc1C(=O)Nc1ccc(C)cc1C	1.0	1.0	1.031	1.614	1.322500009059906
CC(=O)NC(=O)c1cccc(Oc2ccc(Cl)cc2)c1	1.0	1.0	1.029	1.698	1.3635000219345093
COc1ccc(C(=O)c2c(F)cc(Cl)cc2Br)cc1	1.0	1.0	1.024	1.987	1.5055000243186951
CC(=O)C(=NNc1cccc(Cl)c1)Sc1ccc(Cl)cc1	1.0	1.0	0.975	2.345	1.660000011920929
CCOC(=O)c1ccc(N2C(=O)c3ccccc3C2(O)c2ccccc2)cc1	1.0	1.0	1.25	2.612	1.931
Nc1ccc(C=NNC(=O)Nc2ccccc2)c(O)c1	1.0	0.0	0.853	2.106	1.479499992609024
CC(=O)c1ccc(S(=O)(=O)Nc2ccc(F)c(Cl)c2)cc1	1.0	1.0	0.914	1.745	1.3294999873638154
Cc1ccc(C(=O)Nc2ccc(C(=O)O)cc2)cc1	1.0	0.0	0.828	1.336	1.0820000045299532
Cc1ccc(NC(=O)C(=O)c2ccncc2)cc1	1.0	1.0	0.978	1.777	1.3774999926090241
Cc1ccc(Oc2ccc(S(C)(=O)=O)cc2)cc1	1.0	1.0	0.991	1.512	1.25149999833107
COc1ccc(Cn2nc(C)c(Cl)c2C(N)=O)cc1	1.0	1.0	1.006	2.095	1.550500020980835
CC(=O)CC(c1ccc(Cl)cc1)c1ccc(Cl)s1	1.0	1.0	1.243	2.667	1.955000015258789
COc1nccnc1NS(=O)(=O)c1ccc(Cl)c(Cl)c1O	1.0	1.0	0.985	2.599	1.7920000071525575
O=C(N1CCCCCC1)N1CCCCC1	1.0	1.0	0.981	1.748	1.3645000030994416
COc1cccc(NC(=O)c2ccc(C)cc2)c1	1.0	0.0	0.883	1.31	1.0965000081062317
COc1cccc(CNC(=O)c2cccc(COc3ccccc3)c2)c1	1.0	0.0	0.757	1.626	1.1915000145435333
CCN(C(=O)c1ccc(-n2cccn2)cc1)c1ccc(Cl)cc1	1.0	1.0	0.908	1.995	1.4514999961853028
CC(C)c1ccc(C(C)N)cc1	1.0	0.0	0.69	2.112	1.4009999988079072
CC1CCCN(c2cccc(C(=O)NCc3ccccc3)n2)C1	1.0	0.0	0.824	2.353	1.5885000004768373
COc1ncc(Cl)nc1NS(=O)(=O)c1cccc(F)c1	1.0	1.0	1.048	2.321	1.6844999890327454
Cc1cccc(C(=O)Nc2cccc(C(=O)c3ccccc3)c2)c1	1.0	0.0	0.845	1.562	1.2035000143051149
COc1ccc(C(=O)NCc2ccc(F)cc2)cc1	1.0	1.0	1.048	1.357	1.2024999890327455
N#Cc1ccc(S(=O)(=O)NC2CCCCC2)cc1	1.0	1.0	0.977	1.902	1.4394999990463258
COc1ccccc1S(=O)(=O)N(C)CC1(c2ccccc2)CCCC1	1.0	1.0	0.946	2.282	1.6139999899864197
COc1nn(C)c(=O)cc1Cc1ccc(Cl)cc1	1.0	1.0	1.228	2.229	1.7285000224113465
COc1ncc(Cl)nc1NS(=O)(=O)c1cccc(Cl)c1Cl	1.0	1.0	1.015	2.469	1.7419999928474426
O=C(c1ccc(Cl)cc1)N1CCCN(Cc2ccccc2)CC1	1.0	1.0	0.951	1.577	1.2639999876022339
CCNC(=O)Nc1ccc(Nc2cc(Cl)ccc2Cl)cc1	1.0	0.0	0.888	1.76	1.3240000057220458
CCOc1ccc(S(=O)(=O)Nc2ccccc2C(F)(F)F)cc1	1.0	1.0	1.033	1.832	1.4324999961853027
O=S(=O)(NCCc1ccccc1)c1ccc(OCc2ccccc2)cc1	1.0	0.0	0.733	1.633	1.1829999902248383
O=C(CSc1ccccc1)NCc1ccc(Cl)cc1Cl	1.0	1.0	0.911	1.743	1.3270000066757204
Cc1cc(C)n(Cc2cc(Cl)cc(Cl)c2Cl)n1	1.0	1.0	0.98	2.232	1.6060000095367433
Cc1ccc(C(=O)NCCc2ccccc2)cc1F	1.0	0.0	0.883	1.482	1.1825000081062318
Nc1ccc(S(=O)(=O)N2CCCCC2)cc1	1.0	1.0	0.927	1.704	1.315499993085861
CNc1ccc(Cl)cc1NS(=O)(=O)c1ccc(Cl)cc1	1.0	1.0	1.028	1.861	1.4444999985694884
Cc1ccc(S(=O)(=O)Nc2cc(Cl)c(Cl)cc2C)cc1	1.0	1.0	1.063	1.78	1.4214999818801881
CCOc1ccccc1N(C(=O)c1ccncc1)S(=O)(=O)c1ccccc1	1.0	1.0	0.979	2.141	1.5599999861717224
Cc1cccc(C)c1NC(=O)c1ccccn1	1.0	1.0	1.005	1.665	1.3349999976158142
Cc1ccc(O)c(C)c1NC(=O)Nc1ccc2ccccc2c1	1.0	0.0	0.785	1.924	1.3545000131130218
Cc1ccc(F)c(Oc2ccc(C)c(Cl)c2)c1	1.0	1.0	0.965	1.733	1.3489999868869782
COc1ccc(Cn2ccc(OC)nc2=O)cc1	1.0	1.0	1.176	2.002	1.5889999995231627
O=C(NC(=O)c1ccccc1)c1ccccc1	1.0	0.0	0.874	1.304	1.0890000064373018
CN(C)C(=O)Cc1ccccc1Oc1ccccc1	1.0	1.0	1.122	1.693	1.4074999895095825
O=C(c1cccnc1Cc1ccccn1)N1CCCCC1	1.0	1.0	0.992	2.114	1.5529999918937683
O=S(=O)(c1ccc(Cl)cc1)c1cc(F)cc(C(F)(F)F)c1	1.0	0.0	0.845	2.025	1.4350000143051147
Cc1ccc(NC2=NCCCCC2)cc1	1.0	0.0	0.887	2.097	1.4920000121593475
CC(=O)c1ccc(NS(=O)(=O)c2ccc(Br)cc2)cc1	1.0	1.0	0.906	1.645	1.275500009059906
Cc1cc(C)nc(SC=Cc2ccccc2)n1	1.0	1.0	0.99	2.344	1.6670000047683715
CCCCOc1ccc(S(=O)(=O)CC)cc1	1.0	0.0	0.769	1.674	1.2214999969005584
Cc1ccc(CC(=O)Nc2nc(C)c(-c3cc(Cl)ccc3O)s2)cc1	1.0	0.0	0.8	2.166	1.4830000059604644
Cc1cccc(CN2C(=O)c3ccccc3C2N)c1	1.0	1.0	1.15	2.499	1.824499988079071
O=C(c1ccccc1Cl)c1ccccc1NS(=O)(=O)c1ccc(Cl)cc1	1.0	1.0	1.085	1.8	1.4425000190734862
Cc1ccc(C(=O)C=Cc2c(Cl)cccc2Cl)cc1	1.0	1.0	1.1	1.851	1.475500011920929
CCC(NS(=O)(=O)c1ccc(C)cc1)c1ccccc1C	1.0	1.0	1.066	2.271	1.6684999923706054
CCOC(=O)c1ccc(CN(C)C(=O)c2ccc(Cl)c(F)c2)cc1	1.0	1.0	0.92	1.837	1.3785000083446501
Cc1ccc(CC(=O)c2ccc(Cl)cc2)cc1	1.0	1.0	1.179	1.439	1.3090000100135804
Cc1ccc(S(=O)(=O)Nc2ccc(Cl)cc2Cl)c(F)c1C	1.0	1.0	1.043	2.127	1.584999991416931
FC1(F)COC(c2ccc(Cl)c(Cc3ccc(OCc4ccccc4)cc3)c2)O1	1.0	1.0	0.918	2.934	1.9259999914169312
COc1ccc(S(=O)(=O)Nc2ccc(C)cc2)cc1	1.0	1.0	0.954	1.457	1.2054999980926513
Cc1ccccc1C(=O)c1ccc(Cl)cc1Cl	1.0	1.0	1.009	1.608	1.3084999718666077
Cc1ccc2ccc(C(=O)c3ccccc3)cc2n1	1.0	1.0	1.142	1.69	1.4159999799728393
COc1cc(Cl)cc(CSc2nc3ccccc3s2)c1O	1.0	0.0	0.89	2.171	1.5304999928474425
COc1ncc(F)nc1NS(=O)(=O)c1cccc(Cl)c1C	1.0	1.0	1.014	2.549	1.7815000290870666
Cc1ccc(S(=O)(=O)Nc2cccnc2)cc1Cl	1.0	1.0	0.977	1.849	1.4129999990463258
Cc1cc(C)n2nc(SCc3ccc(Cl)cc3)nc2n1	1.0	1.0	1.219	2.194	1.706499990940094
COc1nc(F)c(Nc2ccc(F)cc2C(=O)O)cc1F	1.0	1.0	0.991	2.495	1.74299999833107
Cc1c(Cl)cc(C(=O)CC(=O)c2ccc(C(C)(C)C)cc2)c(C)c1C	1.0	1.0	0.978	2.274	1.625999992609024
CCNc1ccc(NS(=O)(=O)c2ccc(C)cc2)cc1	1.0	1.0	0.984	1.661	1.322500013589859
CCOC(=O)c1ccc(NS(=O)(=O)c2ccc(C)cc2)cc1	1.0	1.0	0.923	1.594	1.2584999890327455
O=C(NCc1ccccc1)c1cccc(Oc2ncccc2-c2cccc(Cl)c2)c1	1.0	0.0	0.777	1.946	1.36150000500679
CC(=O)Cn1c(C)cc(=O)nc1CN1CCCCC1	1.0	1.0	1.022	2.437	1.7294999775886535
CSc1ccccc1C(=O)NCCc1ccccn1	1.0	0.0	0.867	1.874	1.3704999918937684
CCOc1ccc(S(=O)(=O)Nc2ccc(C(C)C)cc2)cc1F	1.0	0.0	0.884	1.832	1.35800000166893
Cc1ccc(C)c(CSc2nc(C(=O)c3ccccc3)c(C)c(Cc3ccc(Cl)cc3)c2N)c1	1.0	0.0	0.0	2.59	1.295
Cc1ncccc1-c1ccc(CN)cc1	1.0	1.0	0.932	1.8	1.3659999907016753
Cc1cnc(C)n1Cc1ccc(C(=O)Nc2ccccc2C(F)(F)F)cc1	1.0	0.0	0.775	2.12	1.447499988079071
CC(=O)c1ccc(Sc2ccc(C)nn2)cc1	1.0	1.0	0.959	2.145	1.5519999957084656
COc1ccc(N=Nc2ccc(NS(C)(=O)=O)cc2)cc1	1.0	0.0	0.795	2.088	1.4415000083446503
O=Cc1cccnc1Oc1ccc(Cl)cc1N1CCCC1	1.0	1.0	1.094	2.316	1.704999990940094
O=C(c1ccc(Cl)nc1)N1CCCCCC1[O-]	1.0	1.0	0.967	3.097	2.032000003814697
O=C(C1CCN(Cc2ccc(Cl)cc2)CC1)N1CCCCC1	1.0	0.0	0.818	1.746	1.2820000092983246
Cc1ccc(C(=O)NCc2ccc(Cl)cc2)cn1	1.0	1.0	1.052	1.615	1.3335000228881837
Cc1ccc(S(=O)(=O)NC(=O)N2CCCCCC2)cc1	1.0	1.0	1.009	1.859	1.4339999718666077
Cc1ccc(S(=O)(=O)NC2CCCCCCC2)cc1	1.0	1.0	0.91	1.719	1.314500013113022
O=C(NC(Cc1ccccc1)C(=O)O)c1ccccc1O	1.0	0.0	0.879	2.051	1.465000004053116
O=C1c2ccccc2C(=O)c2cc(O)ccc21	1.0	1.0	0.913	1.816	1.3644999938011169
O=S(=O)(Nc1ncnc2ncccc12)c1ccccc1	1.0	1.0	1.013	2.045	1.5290000057220459
COc1ccc(NC(=O)c2cc(C)n(-c3ccccc3)n2)cc1	1.0	0.0	0.859	1.736	1.297500013589859
CCCC(=O)Nc1ccc(S(=O)(=O)N2CCCCCC2)cc1	1.0	0.0	0.875	1.743	1.3090000000000002
COc1ccccc1Nc1ccc(Cl)cc1NS(=O)(=O)c1ccccc1	1.0	1.0	0.932	1.849	1.3904999907016755
O=C(COc1cccc(Cl)c1)NNC(=O)c1ccccc1	1.0	0.0	0.743	1.631	1.1869999854564668
Cc1ccc(C(=O)c2cc(Cl)ccc2NS(=O)(=O)c2cccc(Cl)c2)cc1	1.0	1.0	1.054	1.903	1.4785000100135803
Cc1cccc(OCC(=O)NCc2ccccc2)c1	1.0	0.0	0.864	1.447	1.1555000112056732
O=C(c1cccc(CO)c1)c1c[nH]c2c(C(=O)O)cccc12	1.0	0.0	0.861	2.143	1.5020000007152556
O=c1ccc(Cl)ccn1	1.0	0.0	0.76	2.162	1.4609999952316284
CC(=O)c1ccc(C(=O)NCc2ccc(F)cc2)c2ccccc12	1.0	0.0	0.88	1.779	1.3294999976158142
O=C(c1cnc(Cl)nc1Nc1cccc(Cl)c1Cl)N1CCCCC1	1.0	1.0	0.95	2.295	1.6224999940395355
CC(=O)c1ccc(N2C(=O)c3c(c(O)n(C)c3C3=CCCC3)C2c2cccc(Cl)c2)cc1	1.0	0.0	0.0	3.307	1.6535
Cc1ccc(C(=O)NCCCN2C(=O)c3ccccc3C2(O)c2ccccc2)cc1	1.0	0.0	0.892	2.632	1.7620000097751618
Cc1ccc(C(=O)C2CCN(C)C(=O)C2)cc1	1.0	1.0	1.085	2.397	1.7410000190734862
Cc1ccc(CN2C(=O)c3ccccc3S2(=O)=O)cc1	1.0	1.0	1.128	2.014	1.5710000104904174
O=C(Nc1ccc(F)cc1)Oc1ccccc1C(=O)c1ccccc1	1.0	1.0	0.948	1.738	1.3430000069141388
CC(=O)c1ccc(NS(=O)(=O)c2ccc(C)cc2)cc1	1.0	1.0	0.933	1.56	1.2465000140666962
O=C(CCCNCc1ccccc1)Nc1ccc(Cl)cc1	1.0	1.0	1.003	1.537	1.2700000104904174
O=S1(=O)NCN(Cc2ccc(Sc3ccccc3)cc2)c2ccccc21	1.0	1.0	0.917	2.527	1.7219999978542329
Cc1cccc(S(=O)(=O)Nc2ccc(Cl)cc2C(=O)c2ccccc2)c1C	1.0	1.0	1.089	1.945	1.51699999332428
COc1ccc2c(ccn2Cc2cccc(Oc3cccc(Cl)c3)c2)c1N	1.0	0.0	0.9	2.154	1.526999988079071
CC(=O)c1ccc(NC(=O)c2ccccc2)cc1	1.0	0.0	0.838	1.286	1.0619999997615814
Cc1ccc(NS(=O)(=O)c2ccc(NC(=O)c3cccc(C)c3)cc2)cc1	1.0	0.0	0.685	1.682	1.1835000011920929
Cc1ccc(S(=O)(=O)Nc2cc(Cl)c(Cl)cc2Cl)cc1	1.0	1.0	1.063	1.804	1.4334999818801881
COc1nc(Cl)c(Cl)cc1NS(=O)(=O)c1ccccc1C	1.0	1.0	1.113	2.221	1.667000017642975
Cc1ccc(S(=O)(=O)NCCc2ccc(Cl)cc2)cc1C	1.0	1.0	1.007	1.714	1.360499984741211
Cc1ccc(CNC(=O)c2ccc(C)o2)cc1	1.0	1.0	1.173	1.665	1.4189999890327454
N#Cc1ccnc(C(=O)Nc2ccc(Cl)c(Cl)c2)c1	1.0	1.0	0.92	1.97	1.4450000083446501
COc1ccc(OC)c(Nc2nc3ccccc3nc2NS(=O)(=O)c2ccc(C)cc2)c1Cl	1.0	0.0	0.0	2.405	1.2025
CN(C)c1ccc(Cc2ccc(Cl)cc2)cc1	1.0	1.0	0.962	1.554	1.2580000061988832
Cc1cc(C(=O)c2ccc(Cl)cc2)c(Cl)cc1Cl	1.0	1.0	1.007	1.753	1.379999984741211
CCn1cnc(CC(=O)N2CCCCC2)c1Cc1ccc(C)cc1	1.0	1.0	1.041	2.369	1.7050000042915345
Cc1ccc(Cl)cc1NS(=O)(=O)c1ccc(Cl)s1	1.0	1.0	1.059	1.996	1.5275000076293945
CCCCc1nc2ccccc2c(=O)n1Nc1ccc(Cl)cc1	1.0	1.0	1.326	2.094	1.7099999876022338
Cc1ccc(CCNC(=O)c2cc3ccccc3n2Cc2cccc(Cl)c2)cc1	1.0	0.0	0.826	1.97	1.3979999876022338
O=S(=O)(c1ccccc1)c1ccc(Cl)cc1	1.0	0.0	0.844	1.451	1.147499990940094
COc1ccc(S(=O)(=O)Nc2ccc(Br)cc2C)cc1	1.0	1.0	0.967	1.684	1.3255000038146973
CC(O)c1cncc(C(=O)c2ccc(F)cc2)c1	1.0	1.0	1.105	2.451	1.7780000095367432
CC1Cc2ccccc2N1C(=O)c1ccccc1O	1.0	1.0	1.045	2.338	1.691499978542328
O=C(NCC(=O)N1C(=O)Cc2ccccc21)c1ccccn1	1.0	1.0	0.934	2.236	1.5850000076293946
COc1ccc(CCc2ccc(Cl)cc2)cc1	1.0	1.0	0.98	1.356	1.168000009536743
Cc1ccc(S(=O)(=O)Cc2ccccc2)cc1	1.0	1.0	1.086	1.491	1.2884999828338624
CC(=O)c1ccc(Sc2ccccc2)c(C)c1C	1.0	1.0	1.018	2.097	1.55750000333786
COc1c(Cl)ccc(NC(=O)CN2C(=O)c3ccccc3C2=O)c1Cl	1.0	1.0	0.902	2.102	1.50200000500679
O=C(c1ccc(Cl)nc1)N1CCCc2ccccc21	1.0	1.0	1.08	1.966	1.5230000214576722
O=C(c1ccc(Cl)cc1)N1CCCCC1	1.0	1.0	0.998	1.415	1.2065000128746033
CS(=O)(=O)NCCNc1ccc(Cl)cc1C(=O)c1ccncc1	1.0	0.0	0.822	2.203	1.5125000133514404
Cc1ccc(Nc2ccc(C)c(C)c2)cc1	1.0	1.0	0.938	1.446	1.1920000116825102
COc1ccc2cc(C(C)C(=O)c3ccc(Cl)cc3)ccc2c1	1.0	1.0	0.992	2.312	1.6519999918937682
O=C(c1ccc(Cl)cc1)N1CCC(O)(c2ccccc2)C2CCCCC21	1.0	1.0	1.013	3.077	2.045000005722046
Cc1ccc(Cl)cc1N(C)S(=O)(=O)c1ccc(Cl)cc1	1.0	1.0	1.077	1.89	1.4835000109672545
O=S(=O)(Nc1cc(Cl)ccc1CN1CCCC1)c1ccccc1	1.0	1.0	1.194	1.864	1.5290000028610229
CCCCOc1ccccc1NS(=O)(=O)c1ccc(Cl)cc1	1.0	1.0	1.046	1.695	1.3705000019073488
COc1ccc(NC(=O)C(=O)c2cnc(C)c(Cc3ccccc3)c2)cc1	1.0	0.0	0.866	2.078	1.4719999983310699
CC(C)c1ccccc1Sc1ccc(O)cc1	1.0	1.0	0.926	1.917	1.4214999995231627
Cc1ccc(C(=O)NCc2ccccc2)cc1	1.0	1.0	0.963	1.218	1.0904999997615814
COc1ccc(NS(=O)(=O)c2ccc(F)c(C(=O)N(C)C)c2)cc1	1.0	1.0	0.934	1.873	1.4035000076293946
Cc1ccc(CN(C)CCC(=O)NCc2ccccc2Cl)s1	1.0	1.0	0.943	2.102	1.5225000092983245
Nc1cc(F)ccc1NS(=O)(=O)c1ccccc1	1.0	1.0	1.076	1.726	1.4009999876022339
CC(=O)c1ccc(S(=O)(=O)Nc2ccc(C)cc2C(=O)c2ccc(F)cc2)cc1	1.0	1.0	1.028	1.938	1.4829999985694884
O=S(=O)(NCc1ccc(Cl)cc1)c1ccc(F)cc1	1.0	1.0	1.039	1.568	1.3035000171661377
COc1ncc(Cl)nc1NS(=O)(=O)c1ccc(C)cc1	1.0	1.0	1.076	2.213	1.644499987602234
Cc1ncc(Oc2ccc(C(=O)N3CCNCC3)cc2)cn1	1.0	0.0	0.888	2.201	1.544500005722046
O=C(O)c1ccc(Br)cc1Oc1ccc(F)c(Br)c1	1.0	1.0	0.946	2.019	1.4824999899864197
COc1ccc(C(=N)N)cc1	1.0	0.0	0.698	1.52	1.1090000069141388
O=c1cc(O)c2ccccc2n1Cc1cccc(Cl)c1	1.0	1.0	1.119	1.928	1.523499979019165
CC(=O)c1ccccc1NS(=O)(=O)c1ccccc1N(C)S(=O)(=O)c1ccccc1	1.0	1.0	1.004	2.153	1.5784999742507935
Cc1ccc(S(=O)(=O)NC2CCOC2=O)cc1	1.0	1.0	0.936	2.517	1.7264999947547912
O=C(Cn1ccccc1=O)c1ccc(F)cc1	1.0	1.0	1.038	1.784	1.4109999938011168
OCc1ccc(Cl)cc1Sc1cc(Cl)ccc1O	1.0	1.0	0.934	2.269	1.6015000076293946
O=C(c1cccnc1)N1Nc2ccccc2Cc2ccccc21	1.0	1.0	1.098	2.468	1.7830000247955322
COc1cccc(Cn2nc(C)c(Br)c2Cc2ccccc2)c1	1.0	1.0	0.984	2.013	1.498500013589859
NS(=O)(=O)c1ccccc1NS(=O)(=O)Cc1ccccc1	1.0	1.0	0.951	1.93	1.4404999876022337
Nc1ccccc1NS(=O)(=O)c1ccc(Cl)cc1	1.0	1.0	1.093	1.654	1.373500027179718
O=C(NCCc1ccccc1)c1ccc(Cl)cc1CO	1.0	0.0	0.88	1.721	1.3004999976158143
O=C(O)c1coc2ccccc12	1.0	0.0	0.791	1.9	1.3455000042915344
O=C(c1ccncc1)c1ccc(O)cc1	1.0	1.0	0.966	1.696	1.3310000102519988
Cc1ccc(CN2C(=O)c3ccccc3S2(=O)=O)cc1Br	1.0	1.0	1.163	2.254	1.708499993801117
Cc1ccc(Cc2c(NC(=O)c3ccccc3)sc3ccccc3c2=O)cc1	1.0	1.0	0.953	2.038	1.495500004529953
Cc1ccc(OC(=O)c2ccc(Cl)cc2)cc1	1.0	1.0	1.125	1.381	1.2530000000000001
CC(=O)Nc1ccc(Nc2ccc(O)cc2)cc1	1.0	1.0	0.96	1.562	1.260999989271164
COc1ccc(C(=O)OCc2ccc(Cl)cc2)cc1Cl	1.0	1.0	0.998	1.58	1.2890000128746033
COc1ncc(Cl)nc1NS(=O)(=O)c1ccc(Cl)s1	1.0	1.0	1.06	2.614	1.8369999713897704
CCOc1ccccc1C(=O)Nc1ccc(Cl)cc1C	1.0	1.0	1.019	1.552	1.2855000267028809
CCOC(=O)c1cccc(-c2ccc(F)cc2)c1N	1.0	1.0	1.05	1.771	1.410499976158142
COc1ccc(CC(=O)OC(C)C)cc1	1.0	0.0	0.888	1.586	1.237000005722046
Cc1nc(N)ccc1NS(=O)(=O)c1ccccc1	1.0	1.0	1.109	1.939	1.5239999837875366
Cc1ccc(CN2c3ccccc3Sc3ccccc32)cc1	1.0	1.0	1.021	1.84	1.4305000138282775
COc1ncccc1CNC(=O)c1cccc(Cl)c1Oc1ccc(Cl)cc1	1.0	1.0	0.982	2.11	1.5459999966621398
Cc1nc2ccccc2n1Cc1cc(Cl)ccc1O	1.0	1.0	1.05	1.922	1.485999976158142
CCOc1ccc(Cl)cc1C(=O)c1ccccc1C(F)(F)F	1.0	1.0	0.969	1.931	1.449999990940094
CC(=O)c1c(C)n(Cc2ccc(Cl)cc2)c2ccc(Cl)cc12	1.0	1.0	1.19	1.935	1.5625000286102295
CC(=O)Nc1ccc(S(=O)(=O)NCc2ccccc2)cc1	1.0	0.0	0.883	1.575	1.2290000081062318
COc1cc(Cl)c2nc(CNC(=O)c3ccc(Cl)cc3)nn2c1	1.0	1.0	0.971	2.373	1.6720000078678132
Cc1ccc(C(=O)Nc2ccc(Cl)cc2C)cc1	1.0	0.0	0.859	1.394	1.126500013589859
O=C(c1ccc(Cl)cc1)N1Cc2ccccc2-n2cccc21	1.0	1.0	1.004	2.32	1.6619999742507934
COc1ccc(S(=O)(=O)Nc2ccc(Cl)cc2C(=O)c2ccccc2)cc1	1.0	1.0	1.059	1.796	1.4275000076293947
COc1ccc(Oc2ccc(C(=O)Nc3ccc(N)cc3)cn2)cc1F	1.0	0.0	0.741	1.973	1.3569999983310699
Cc1ccc(N2C(=O)c3cccnc3C2=O)cc1C	1.0	1.0	1.079	2.02	1.5494999980926514
Clc1cccc(Cc2nc3cc(I)ccc3[nH]2)c1	1.0	1.0	1.008	2.162	1.5850000081062317
O=C(O)c1ccccc1NS(=O)(=O)c1cccc(Cl)c1Cl	1.0	1.0	1.001	1.869	1.4350000233650206
COc1ccc(C(=O)CCC(=O)c2ccc(C)cc2)cc1	1.0	1.0	0.939	1.568	1.2535000052452088
O=C(C1CCNCC1)N1CCCCC1	1.0	0.0	0.867	2.0	1.4334999918937683
Cc1ccc(CNC(=O)c2ccc(F)cc2)cc1	1.0	1.0	0.955	1.336	1.1454999916553499
CC(=O)c1cc(Oc2ccc(S(=O)(=O)Nc3ccc(Cl)cc3)cc2)cc(C(F)(F)F)c1	1.0	0.0	0.0	2.135	1.0675
Cc1ccc(C(=O)Nc2ccc(S(=O)(=O)Nc3ccccc3)cc2)cc1	1.0	0.0	0.724	1.576	1.1499999885559082
Cc1ccc(NC(=O)c2ccc(O)nc2)cc1	1.0	1.0	1.077	1.885	1.4810000109672545
CCCc1nnc(NC(=O)c2ccc(OCC)cc2)s1	1.0	0.0	0.837	1.873	1.3550000061988832
COc1ccc(NS(=O)(=O)c2ccc(Cl)c(Cl)c2)c(Cl)n1	1.0	1.0	1.039	2.173	1.6060000171661377
Cc1ccccc1C(=O)n1cnc2ccccc21	1.0	1.0	1.098	1.927	1.5125000247955322
Cc1ccc(S(=O)(=O)NCCc2ccccc2)cc1	1.0	1.0	1.026	1.497	1.2615000114440917
Nc1ncnc2ccc(Cc3ccc(Cl)cc3)cc12	1.0	1.0	1.158	1.911	1.5344999961853028
Cc1nc(N)n2c(C)cc(C(C)C)c(C)c12	1.0	0.0	0.772	2.973	1.8725000073909759
O=C(NC(=O)N1CC2CCCCC2C1)c1ccccc1	1.0	0.0	0.881	2.707	1.7939999911785125
Fc1ccc(F)c(SCc2ccccn2)c1	1.0	1.0	0.992	2.005	1.4984999918937683
Cc1cc(C)c(C(=O)c2cc(Cl)ccc2NS(=O)(=O)c2ccc(F)cc2)c(Cl)c1	1.0	1.0	0.983	2.17	1.5764999902248382
CC(=O)NCc1c(F)cccc1Sc1ccc(C(C)=O)cc1	1.0	1.0	0.994	2.162	1.5780000088214874
COc1cc2nc(Nc3ccc(Cl)cc3)nc(Cl)c2cc1O	1.0	1.0	1.039	2.17	1.6045000171661377
COCOc1ccc(C(=O)c2ccc(N)cc2)cc1	1.0	1.0	1.021	1.774	1.3975000138282776
COc1ccc(Cl)cc1Cn1ccc(O)c(Cc2c(Cl)cccc2Cl)c1=S	1.0	1.0	0.902	2.582	1.74200000500679
COc1ccccc1Cc1ccc(=O)n(C)c1[O-]	1.0	1.0	1.037	2.513	1.7749999704360961
O=S(=O)(Nc1ccccc1S(=O)(=O)NCc1ccccc1)c1ccc(Cl)cc1	1.0	1.0	0.98	1.893	1.436500009536743
CCOc1ccc(S(=O)(=O)Nc2ccc(Cl)cc2)cc1	1.0	1.0	0.944	1.544	1.244000002861023
O=S(=O)(Nc1cc(Cl)c(Cl)cc1Oc1ccccc1Cl)c1ccc(Cl)cc1B(O)O	1.0	1.0	1.068	2.625	1.8464999794960022
CCOc1ccc(S(=O)(=O)NCc2ccc(F)cc2)cc1	1.0	1.0	0.922	1.625	1.273499995470047
Cc1ccc(S(=O)(=O)NC(=O)NCc2ccccc2)cc1F	1.0	0.0	0.779	1.829	1.3039999921321868
COc1ccc(NS(=O)(=O)c2ccc(C(=O)N3CCCC3)cc2)cc1	1.0	0.0	0.813	1.708	1.2605000116825105
COc1nc(Cl)c(Br)cc1Cl	1.0	0.0	0.808	2.568	1.6880000140666962
COc1ccc(S(=O)(=O)N(C)C)cc1Cl	1.0	0.0	0.833	1.726	1.2795000021457672
Nc1ccc(S(=O)(=O)Nc2cc(Cl)c(Cl)cc2Cl)cc1	1.0	1.0	1.027	1.942	1.4844999752044679
CC(=O)c1ccccc1NS(=O)(=O)c1ccc(Cl)cc1	1.0	1.0	1.093	1.647	1.3700000271797181
Nc1ccccc1S(=O)(=O)NCc1ccc(Cl)cc1	1.0	1.0	0.923	1.754	1.3384999890327454
COc1ccccc1C(=O)c1cccn1C	1.0	1.0	1.031	1.936	1.483500009059906
O=C(c1cccc(Cl)c1)N1CCN(Cc2cccc(F)c2)CC1	1.0	0.0	0.783	1.712	1.2474999961853026
Cc1ccc(S(=O)(=O)N2CCN(C)CC2)cc1	1.0	1.0	0.914	1.658	1.2859999873638153
COc1ccc(S(=O)(=O)Nc2ccc([N+](=O)[O-])cc2)cc1	1.0	1.0	0.904	1.663	1.283499992132187
COc1nc(Cl)c(Cl)nc1NS(=O)(=O)c1ccc(Cl)s1	1.0	1.0	1.025	2.699	1.861999988079071
CC(=O)c1ccc(S(=O)(=O)NNc2ccc(Cl)cc2)cc1	1.0	1.0	0.935	1.896	1.4155000011920928
O=C(NCc1ccccc1)c1ccc(Nc2cccc(Cl)c2)cc1	1.0	0.0	0.765	1.565	1.1649999928474426
CC(=O)Nc1ccc(NC(=O)c2ccc(Cl)c(C)c2)cc1	1.0	0.0	0.794	1.552	1.173000014781952
CCOc1ccc(S(=O)(=O)Nc2ccc(C)cc2C)cc1	1.0	1.0	0.919	1.651	1.2850000147819518
CCC(=O)c1cc([N+](=O)[O-])ccc1NC(C)=O	1.0	0.0	0.802	2.008	1.4049999930858612
Cc1ccc(S(=O)(=O)NCC(=O)Nc2ccc(C)cc2C)cc1	1.0	1.0	0.94	1.747	1.343499998807907
COc1ccc(S(=O)(=O)c2cccc(O)c2)cc1	1.0	0.0	0.885	1.735	1.3099999952316286
COc1ccc(Cl)cc1NS(=O)(=O)c1ccc(NC(C)=O)cc1	1.0	1.0	0.901	1.74	1.320500011444092
O=c1cc(CN2CCCCC2)c2ccccc2o1	1.0	1.0	0.997	1.836	1.4164999895095827
Cc1ccc(C(=O)Nc2cccc(C(=O)c3ccccc3)c2)cc1	1.0	0.0	0.836	1.511	1.1735000126361848
Cc1ccc(S(=O)(=O)Nc2ccc(F)c(Cl)c2)cc1O	1.0	1.0	1.018	1.934	1.4760000033378602
O=c1ccccn1CCc1ccccn1	1.0	1.0	1.05	1.967	1.5084999761581421
COc1ccc(C(=O)c2cc(Cl)ccc2NS(=O)(=O)c2ccc(C)cc2)cc1	1.0	1.0	1.023	1.848	1.4355000009536742
CC(=O)c1cccc(S(=O)(=O)Nc2ccc(Cl)cc2C(=O)c2ccccc2)c1	1.0	1.0	1.01	1.919	1.4644999952316284
CCOc1ccc(S(=O)(=O)NCc2ccc(Cl)cc2)cc1	1.0	1.0	0.92	1.619	1.2695000083446502
O=S(=O)(N=CCc1ccc(Cl)cc1)Nc1ccc(Cl)cc1	1.0	1.0	0.951	2.462	1.706499987602234
Cc1ccc(Cc2ccc(C#N)cc2)nc1	1.0	1.0	0.987	1.947	1.4669999942779541
Cc1cccc(NS(=O)(=O)c2cccc(C(=O)Nc3ccccc3)c2)c1	1.0	0.0	0.836	1.666	1.2510000126361847
Cc1ccc(C(=O)Nc2ccc(S(=O)(=O)Nc3ccc(Cl)cc3)cc2)cc1	1.0	0.0	0.732	1.648	1.1899999966621397
COc1cccc(Sc2c(O)ncnc2Nc2ccc(Cl)cc2)c1	1.0	1.0	1.025	2.421	1.722999988079071
CC(=O)c1ccc(NC(=O)c2ccccc2O)cc1	1.0	1.0	0.935	1.512	1.223500001192093
Cc1ccc(CNC(=O)c2ccccc2C)c(C)c1	1.0	1.0	0.915	1.573	1.244000010728836
Cc1ccc2cccc(Oc3cccc(Cl)c3)c2c1	1.0	1.0	0.981	1.678	1.3295000030994415
O=C(O)c1ccccc1Oc1ccc(F)cc1F	1.0	1.0	0.94	1.674	1.306999998807907
Cc1ccc(C(=O)c2cccc(C)c2O)cc1	1.0	1.0	1.016	1.638	1.3270000162124633
CCOc1ccc(C(=O)Nc2ccc(F)c(F)c2Cl)cc1	1.0	1.0	0.93	1.815	1.3725000035762787
NC(=O)c1ccccc1NS(=O)(=O)c1ccc(Cl)c2ccccc12	1.0	1.0	0.966	1.906	1.4360000102519987
O=C(NCc1ccc(Cl)cc1)c1ccccc1	1.0	1.0	0.977	1.258	1.1174999990463257
COc1ccc(OC)c(NS(=O)(=O)c2ccc(Cl)cc2)c1N	1.0	1.0	0.983	2.073	1.5279999902248382
COc1ccc(S(=O)(=O)c2ccc(O)c3ccccc23)cc1-n1ccc(Cl)c1	1.0	0.0	0.82	2.463	1.6414999964237214
c1ccc(CNc2ccc(Oc3ccccc3)nn2)cc1	1.0	0.0	0.875	1.812	1.3435000000000001
O=C(O)c1ccc(Cl)cc1Cl	1.0	0.0	0.738	1.506	1.1219999878406526
O=S(=O)(Nc1cc(Cl)ccc1Cn1cnnn1)c1cccc(Cl)c1Cl	1.0	1.0	1.19	2.462	1.8260000286102296
c1ccc(Cc2ccccc2-n2ccnc2)cc1	1.0	1.0	1.128	1.842	1.4850000104904175
c1ccc(CCNc2cc(-c3ccccc3)nc3nc(Cc4ccccc4)nn23)cc1	1.0	0.0	0.0	2.213	1.1065
Cc1ccc(C(=O)NCc2ccc(F)cc2)c[n+]1[O-]	1.0	1.0	0.97	2.2	1.5850000143051148
Cc1ccc(C(=O)c2cnc(Cl)c(C(=O)c3ccccc3)c2)cc1C	1.0	1.0	0.904	2.037	1.4704999921321869
Cc1ccc(C(=O)Nc2ccc(NS(=O)(=O)c3ccc(Cl)cc3)cc2)cc1	1.0	0.0	0.782	1.648	1.2150000026226042
Cc1cccc(CCC(=O)OCc2ccc(C(=O)c3ccccc3)cc2)c1C	1.0	0.0	0.81	1.892	1.3510000011920928
Nc1cc(Cl)ccc1S(=O)(=O)Nc1ccc(Cl)cc1	1.0	1.0	0.989	1.803	1.3960000112056732
CC1CN(c2ccc(F)c(NS(=O)(=O)c3ccc(Cl)cc3)c2)CC1O	1.0	1.0	0.985	2.949	1.9670000071525573
COc1ccc(S(=O)(=O)N2CCC(c3ccccc3)CC2)cc1	1.0	1.0	0.945	1.72	1.3324999964237212
O=C(O)c1ccc(F)cc1Oc1ccccc1	1.0	1.0	0.947	1.59	1.2685000133514404
CCOC(=O)c1cc(C#N)c(N2CCC(C)CC2)nc1N	1.0	1.0	0.976	2.408	1.6920000054836273
CC(=O)Nc1ccc(NC(=O)COc2ccc(C(C)=O)cc2)cc1	1.0	0.0	0.759	1.62	1.18950000166893
CC(=O)c1ccc(S(=O)(=O)Nc2ccc(C)cc2)cc1	1.0	1.0	0.916	1.56	1.2380000042915345
COc1cccc(C(=O)Cc2ccccc2)c1Oc1ccc(Cl)cc1Cl	1.0	1.0	1.009	1.93	1.4694999718666075
O=C(c1ccc(Cl)cc1)c1ccc(C(=O)c2cccnc2)cc1	1.0	1.0	0.905	1.737	1.3209999856948853
CC(C)C(=O)Nc1ccc(S(=O)(=O)N2CCCCC2)cc1Cl	1.0	0.0	0.863	1.913	1.3879999878406526
O=C(Cc1ccc(F)cc1)N1CCCC1CO	1.0	1.0	1.003	2.276	1.6395000104904174
CC(=O)Nc1ccc(OS(=O)(=O)c2ccc(C)cc2)cc1	1.0	0.0	0.882	1.725	1.3035000145435334
CC(C)C(=O)c1ccc(C(=O)c2ccccc2)cc1	1.0	1.0	0.928	1.59	1.2589999866485595
Cc1ccc(C(=O)c2cc(Cl)cc(Cl)c2Oc2ccc(Cl)cc2)cc1	1.0	1.0	1.123	1.947	1.5350000128746033
Nc1ncnc2nc(Oc3cccc4ccccc34)cc(-c3ccccc3)c12	1.0	1.0	0.977	2.259	1.6179999990463256
CCOc1ccc(C(=O)N(C)CC)cc1	1.0	1.0	0.916	1.611	1.2635000042915343
Cc1cccc(COC(=O)N2CCC(C)CC2)c1	1.0	1.0	0.955	1.789	1.3719999916553496
CCNC(=O)C(=O)Nc1ccc(Cl)cc1Cl	1.0	0.0	0.811	1.812	1.3114999947547914
Cc1ccc(C(=O)Oc2ccc(Cl)cc2C)cc1	1.0	1.0	1.001	1.56	1.2805000233650208
Cc1ccc(C(=O)Cn2c(N)c(C#N)c(=O)n2Cc2ccccc2)cc1	1.0	1.0	0.943	2.508	1.7255000092983246
CC(=O)c1ccc(Nc2sc(C)c(C)c2C#N)cc1	1.0	1.0	0.929	2.15	1.5395000100135803
O=S(=O)(c1ccc(Cl)cc1)c1cc(Cl)ccc1Oc1ccc(Cl)cc1Cl	1.0	1.0	1.01	2.004	1.5069999952316284
COc1ccc(C(=O)N(C(C)=O)c2ccccc2)cc1	1.0	1.0	1.166	1.797	1.4815000042915343
Cc1ccc(C(=O)n2ccc3ccc(Cl)cc32)cc1	1.0	1.0	1.064	1.95	1.5070000052452088
O=C(COc1ccc(Cl)cc1)N1CCCCC1	1.0	1.0	1.011	1.559	1.2850000185966493
COc1ccc(Cl)cc1NS(=O)(=O)c1ccc(Cl)c(C)c1	1.0	1.0	1.145	1.806	1.4754999904632569
Cc1cccc(N(C(=O)c2nsc(Cl)c2Cl)S(=O)(=O)c2ccccc2)c1	1.0	1.0	1.177	2.528	1.8525000228881836
CC(=O)C(=O)N(C)c1cccc(O)c1C(C)S	1.0	0.0	0.858	3.424	2.140999990224838
O=C(c1cc(O)n(-c2ccc(Cl)cc2)c1)N(Cc1ccccc1)c1ccc(F)cc1	1.0	1.0	0.927	2.306	1.6164999930858612
COc1ccc(CCCc2ccccc2)cc1N	1.0	0.0	0.894	1.63	1.2619999969005584
CC(=O)c1ccc(N2C(=O)c3ccc(C(=O)O)cc3C2=O)cc1	1.0	0.0	0.89	1.872	1.3809999928474426
Cc1ccc(OCC(=O)c2ccc(C)cc2)cc1	1.0	1.0	1.037	1.424	1.2304999704360962
Cc1ccn(C)c(=O)c1	1.0	0.0	0.79	2.07	1.430000010728836
Cc1ccc(CS(=O)(=O)c2ccc(Cl)c(C)c2)cc1	1.0	1.0	1.069	1.781	1.4250000028610228
Cc1ccc(S(=O)(=O)CCC(=O)NCc2ccco2)cc1	1.0	0.0	0.865	1.948	1.4065000047683716
CC(=O)c1ccc(N2C(=O)c3ccccc3C2C(=O)c2ccc(F)cc2)cc1	1.0	1.0	1.041	2.56	1.8005000042915345
COc1cc(Cl)ccc1C(=O)Nc1ccc(Cl)cc1C	1.0	1.0	1.028	1.639	1.3334999985694886
CN1Cc2nc(N)nc(N)c2Nc2ccc(Cl)cc21	1.0	1.0	1.002	2.888	1.9449999871253967
CCC(NS(=O)(=O)c1ccc(Cl)cc1)c1cccc(C)c1	1.0	1.0	1.077	2.273	1.6750000109672547
O=S(=O)(c1ccc(Cl)cc1)C1CCCNC1	1.0	0.0	0.855	2.592	1.7235000095367432
CCOc1ccc(C2OC(Cc3ccccc3)C(C)C(=O)C2N)cc1Cl	1.0	1.0	0.988	3.593	2.2904999878406525
CC(C)CCN1CCCN(C)CC1	1.0	0.0	0.786	1.877	1.33150000667572
Cc1ccc(OCc2ccccc2)c(-c2ccccc2)c1NS(=O)(=O)c1ccc(NS(C)(=O)=O)cc1	1.0	0.0	0.0	2.251	1.1255
COc1ccc(Cl)c(C(=O)c2cc(Cl)ccc2NS(=O)(=O)c2ccc(Cl)cc2)c1	1.0	1.0	1.024	2.021	1.522500024318695
COc1nc(C)cc(Oc2cc(Cl)cc(Cl)c2)n1	1.0	1.0	1.064	2.301	1.6825000052452088
Cc1ccc(S(=O)(=O)NCc2ccccc2)cc1C	1.0	1.0	1.038	1.575	1.306499993801117
COc1ccc(CNC(=O)c2ccc(SC)cc2)cc1	1.0	1.0	0.935	1.576	1.255500001192093
CCCCC(=O)N1CCC(NC(=O)c2ccc(Cl)cc2)CC1	1.0	0.0	0.846	1.779	1.312500007867813
CC(=O)c1cnc(-c2ccccc2C(=O)c2ccccc2)cn1	1.0	1.0	1.0	2.078	1.539
CC(=O)N1CCN(C(=O)Cc2ccccc2)c2ccccc21	1.0	1.0	0.97	1.961	1.465500014305115
CCON=C(C)c1ccc(C(=O)Nc2cccc(Cl)c2)cc1	1.0	0.0	0.821	1.905	1.3629999899864198
CSc1ccc(Cl)c(C(=O)c2cc(C)cc(Cl)c2)c1	1.0	1.0	0.943	2.115	1.5290000092983247
O=C(NCCc1ccccc1)C1c2ccccc2Oc2ccccc21	1.0	1.0	0.961	1.96	1.4605000126361847
O=S(=O)(NCCc1ccccc1)c1ccc(Cl)cc1F	1.0	1.0	1.044	1.753	1.398500014781952
COc1ccccc1N1C(=O)c2ccccc2NC1c1cccc(C)c1	1.0	1.0	1.267	2.533	1.8999999799728393
O=S(=O)(Cc1ccccc1)Nc1ccc(Cl)cc1	1.0	1.0	0.938	1.594	1.2660000116825105
O=C(c1ccc(Cl)nc1)c1cc(Cl)ccc1Oc1ccc(Cl)cc1	1.0	1.0	1.072	1.982	1.5270000133514405
COc1ccc(Cl)cc1NS(=O)(=O)c1ccc(C)cc1	1.0	1.0	1.174	1.624	1.3990000123977662
